'5/7/2012', 1085.439941, 0.0, 10000.0, 0.0, 10000.0
'5/8/2012', 1095.680054, 0.0, 10000.0, 0.0, 10000.0
'5/9/2012', 1136.0, 0.0, 10000.0, 0.0, 10000.0
'5/10/2012', 1101.439941, 0.0, 10000.0, 0.0, 10000.0
'5/11/2012', 1118.719971, 0.0, 10000.0, 0.0, 10000.0
'5/14/2012', 1180.800049, 0.0, 10000.0, 0.0, 10000.0
'5/15/2012', 1243.52002, 0.0, 10000.0, 0.0, 10000.0
'5/16/2012', 1284.47998, 0.0, 10000.0, 0.0, 10000.0
'5/17/2012', 1344.0, 0.0, 10000.0, 0.0, 10000.0
'5/18/2012', 1431.040039, 0.0, 10000.0, 0.0, 10000.0
'5/21/2012', 1273.599976, 0.0, 10000.0, 0.0, 10000.0
'5/22/2012', 1319.040039, 0.0, 10000.0, 0.0, 10000.0
'5/23/2012', 1297.280029, 0.0, 10000.0, 0.0, 10000.0
'5/24/2012', 1306.880005, 0.0, 10000.0, 0.0, 10000.0
'5/25/2012', 1293.439941, 0.0, 10000.0, 0.0, 10000.0
'5/29/2012', 1230.079956, 0.0, 10000.0, 0.0, 10000.0
'5/30/2012', 1315.199951, 0.0, 10000.0, 0.0, 10000.0
'5/31/2012', 1332.47998, 0.0, 10000.0, 0.0, 10000.0
'6/1/2012', 1445.119995, 0.0, 10000.0, 0.0, 10000.0
'6/4/2012', 1386.880005, 0.0, 10000.0, 0.0, 10000.0
'6/5/2012', 1354.880005, 0.0, 10000.0, 0.0, 10000.0
'6/6/2012', 1257.599976, 0.0, 10000.0, 0.0, 10000.0
'6/7/2012', 1245.439941, 0.0, 10000.0, 0.0, 10000.0
'6/8/2012', 1177.599976, 0.0, 10000.0, 0.0, 10000.0
'6/11/2012', 1276.800049, 0.0, 10000.0, 0.0, 10000.0
'6/12/2012', 1254.400024, 0.0, 10000.0, 0.0, 10000.0
'6/13/2012', 1319.040039, 0.0, 10000.0, 0.0, 10000.0
'6/14/2012', 1237.119995, 0.0, 10000.0, 0.0, 10000.0
'6/15/2012', 1183.359985, 0.0, 10000.0, 0.0, 10000.0
'6/18/2012', 1086.079956, 0.0, 10000.0, 0.0, 10000.0
'6/19/2012', 1064.319946, 0.0, 10000.0, 0.0, 10000.0
'6/20/2012', 1019.52002, 0.0, 10000.0, 0.0, 10000.0
'6/21/2012', 1132.800049, 0.0, 10000.0, 0.0, 10000.0
'6/22/2012', 1016.960022, 0.0, 10000.0, 0.0, 10000.0
'6/25/2012', 1096.959961, 0.0, 10000.0, 0.0, 10000.0
'6/26/2012', 1066.880005, 0.0, 10000.0, 0.0, 10000.0
'6/27/2012', 1075.839966, 0.0, 10000.0, 0.0, 10000.0
'6/28/2012', 1040.640015, 0.0, 10000.0, 0.0, 10000.0
'6/29/2012', 973.440002, 0.0, 10000.0, 0.0, 10000.0
'7/2/2012', 910.080017, 0.0, 10000.0, 0.0, 10000.0
'7/3/2012', 889.599976, 0.0, 10000.0, 0.0, 10000.0
'7/5/2012', 921.599976, 0.0, 10000.0, 0.0, 10000.0
'7/6/2012', 912.640015, 0.0, 10000.0, 0.0, 10000.0
'7/9/2012', 904.960022, 0.0, 10000.0, 0.0, 10000.0
'7/10/2012', 929.919983, 0.0, 10000.0, 0.0, 10000.0
'7/11/2012', 899.840027, 0.0, 10000.0, 0.0, 10000.0
'7/12/2012', 904.960022, 0.0, 10000.0, 0.0, 10000.0
'7/13/2012', 854.400024, 0.0, 10000.0, 0.0, 10000.0
'7/16/2012', 843.52002, 0.0, 10000.0, 0.0, 10000.0
'7/17/2012', 812.799988, 0.0, 10000.0, 0.0, 10000.0
'7/18/2012', 822.400024, 0.0, 10000.0, 0.0, 10000.0
'7/19/2012', 803.200012, 0.0, 10000.0, 0.0, 10000.0
'7/20/2012', 844.799988, 0.0, 10000.0, 0.0, 10000.0
'7/23/2012', 899.840027, 0.0, 10000.0, 0.0, 10000.0
'7/24/2012', 938.23999, 0.0, 10000.0, 0.0, 10000.0
'7/25/2012', 924.799988, 0.0, 10000.0, 0.0, 10000.0
'7/26/2012', 854.400024, 0.0, 10000.0, 0.0, 10000.0
'7/27/2012', 831.359985, 0.0, 10000.0, 0.0, 10000.0
'7/30/2012', 848.640015, 0.0, 10000.0, 0.0, 10000.0
'7/31/2012', 872.960022, 0.0, 10000.0, 0.0, 10000.0
'8/1/2012', 853.76001, 0.0, 10000.0, 0.0, 10000.0
'8/2/2012', 833.919983, 0.0, 10000.0, 0.0, 10000.0
'8/3/2012', 778.23999, 0.0, 10000.0, 0.0, 10000.0
'8/6/2012', 759.039978, 0.0, 10000.0, 0.0, 10000.0
'8/7/2012', 782.080017, 0.0, 10000.0, 0.0, 10000.0
'8/8/2012', 749.440002, 0.0, 10000.0, 0.0, 10000.0
'8/9/2012', 744.320007, 0.0, 10000.0, 0.0, 10000.0
'8/10/2012', 730.880005, 0.0, 10000.0, 0.0, 10000.0
'8/13/2012', 712.320007, 0.0, 10000.0, 0.0, 10000.0
'8/14/2012', 752.0, 0.0, 10000.0, 0.0, 10000.0
'8/15/2012', 752.0, 0.0, 10000.0, 0.0, 10000.0
'8/16/2012', 736.640015, 0.0, 10000.0, 0.0, 10000.0
'8/17/2012', 716.799988, 0.0, 10000.0, 0.0, 10000.0
'8/20/2012', 716.799988, 0.0, 10000.0, 0.0, 10000.0
'8/21/2012', 736.0, 0.0, 10000.0, 0.0, 10000.0
'8/22/2012', 742.400024, 0.0, 10000.0, 0.0, 10000.0
'8/23/2012', 755.840027, 0.0, 10000.0, 0.0, 10000.0
'8/24/2012', 725.119995, 0.0, 10000.0, 0.0, 10000.0
'8/27/2012', 732.159973, 0.0, 10000.0, 0.0, 10000.0
'8/28/2012', 744.960022, 0.0, 10000.0, 0.0, 10000.0
'8/29/2012', 746.23999, 0.0, 10000.0, 0.0, 10000.0
'8/30/2012', 762.880005, 0.0, 10000.0, 0.0, 10000.0
'8/31/2012', 736.640015, 0.0, 10000.0, 0.0, 10000.0
'9/4/2012', 731.52002, 0.0, 10000.0, 0.0, 10000.0
'9/5/2012', 711.679993, 0.0, 10000.0, 0.0, 10000.0
'9/6/2012', 638.719971, 0.0, 10000.0, 0.0, 10000.0
'9/7/2012', 602.23999, 0.0, 10000.0, 0.0, 10000.0
'9/10/2012', 635.52002, 0.0, 10000.0, 0.0, 10000.0
'9/11/2012', 631.039978, 0.0, 10000.0, 0.0, 10000.0
'9/12/2012', 613.119995, 0.0, 10000.0, 0.0, 10000.0
'9/13/2012', 567.679993, 0.0, 10000.0, 0.0, 10000.0
'9/14/2012', 587.52002, 0.0, 10000.0, 0.0, 10000.0
'9/17/2012', 580.47998, 0.0, 10000.0, 0.0, 10000.0
'9/18/2012', 567.039978, 0.0, 10000.0, 0.0, 10000.0
'9/19/2012', 566.400024, 0.0, 10000.0, 0.0, 10000.0
'9/20/2012', 560.0, 0.0, 10000.0, 0.0, 10000.0
'9/21/2012', 556.799988, 0.0, 10000.0, 0.0, 10000.0
'9/24/2012', 548.47998, 0.0, 10000.0, 0.0, 10000.0
'9/25/2012', 592.0, 0.0, 10000.0, 0.0, 10000.0
'9/26/2012', 612.47998, 0.0, 10000.0, 0.0, 10000.0
'9/27/2012', 558.719971, 0.0, 10000.0, 0.0, 10000.0
'9/28/2012', 576.0, 0.0, 10000.0, 0.0, 10000.0
'10/1/2012', 581.76001, 0.0, 10000.0, 0.0, 10000.0
'10/2/2012', 568.320007, 0.0, 10000.0, 0.0, 10000.0
'10/3/2012', 568.320007, 0.0, 10000.0, 0.0, 10000.0
'10/4/2012', 553.599976, 0.0, 10000.0, 0.0, 10000.0
'10/5/2012', 545.919983, 0.0, 10000.0, 0.0, 10000.0
'10/8/2012', 552.320007, 0.0, 10000.0, 0.0, 10000.0
'10/9/2012', 575.679993, 0.0, 10000.0, 0.0, 10000.0
'10/10/2012', 568.799988, 0.0, 10000.0, 0.0, 10000.0
'10/11/2012', 560.159973, 0.0, 10000.0, 0.0, 10000.0
'10/12/2012', 566.080017, 0.0, 10000.0, 0.0, 10000.0
'10/15/2012', 547.52002, 0.0, 10000.0, 0.0, 10000.0
'10/16/2012', 534.23999, 0.0, 10000.0, 0.0, 10000.0
'10/17/2012', 527.679993, 0.0, 10000.0, 0.0, 10000.0
'10/18/2012', 526.080017, 0.0, 10000.0, 0.0, 10000.0
'10/19/2012', 559.840027, 0.0, 10000.0, 0.0, 10000.0
'10/22/2012', 552.799988, 0.0, 10000.0, 0.0, 10000.0
'10/23/2012', 596.159973, 0.0, 10000.0, 0.0, 10000.0
'10/24/2012', 599.52002, 0.0, 10000.0, 0.0, 10000.0
'10/25/2012', 583.679993, 0.0, 10000.0, 0.0, 10000.0
'10/26/2012', 580.799988, 0.0, 10000.0, 0.0, 10000.0
'10/31/2012', 592.159973, 0.0, 10000.0, 0.0, 10000.0
'11/1/2012', 544.799988, 0.0, 10000.0, 0.0, 10000.0
'11/2/2012', 558.880005, 0.0, 10000.0, 0.0, 10000.0
'11/5/2012', 568.960022, 0.0, 10000.0, 0.0, 10000.0
'11/6/2012', 549.280029, 0.0, 10000.0, 0.0, 10000.0
'11/7/2012', 591.200012, 0.0, 10000.0, 0.0, 10000.0
'11/8/2012', 595.039978, 0.0, 10000.0, 0.0, 10000.0
'11/9/2012', 594.880005, 0.0, 10000.0, 0.0, 10000.0
'11/12/2012', 556.640015, 0.0, 10000.0, 0.0, 10000.0
'11/13/2012', 557.599976, 0.0, 10000.0, 0.0, 10000.0
'11/14/2012', 576.0, 0.0, 10000.0, 0.0, 10000.0
'11/15/2012', 581.119995, 0.0, 10000.0, 0.0, 10000.0
'11/16/2012', 554.880005, 0.0, 10000.0, 0.0, 10000.0
'11/19/2012', 507.200012, 0.0, 10000.0, 0.0, 10000.0
'11/20/2012', 498.559998, 0.0, 10000.0, 0.0, 10000.0
'11/21/2012', 501.440002, 0.0, 10000.0, 0.0, 10000.0
'11/23/2012', 480.0, 0.0, 10000.0, 0.0, 10000.0
'11/26/2012', 475.839996, 0.0, 10000.0, 0.0, 10000.0
'11/27/2012', 485.76001, 0.0, 10000.0, 0.0, 10000.0
'11/28/2012', 471.040009, 0.0, 10000.0, 0.0, 10000.0
'11/29/2012', 465.600006, 0.0, 10000.0, 0.0, 10000.0
'11/30/2012', 473.920013, 0.0, 10000.0, 0.0, 10000.0
'12/3/2012', 483.839996, 0.0, 10000.0, 0.0, 10000.0
'12/4/2012', 490.720001, 0.0, 10000.0, 0.0, 10000.0
'12/5/2012', 482.559998, 0.0, 10000.0, 0.0, 10000.0
'12/6/2012', 488.640015, 0.0, 10000.0, 0.0, 10000.0
'12/7/2012', 471.040009, 0.0, 10000.0, 0.0, 10000.0
'12/10/2012', 478.079987, 0.0, 10000.0, 0.0, 10000.0
'12/11/2012', 461.76001, 0.0, 10000.0, 0.0, 10000.0
'12/12/2012', 473.119995, 0.0, 10000.0, 0.0, 10000.0
'12/13/2012', 482.079987, 0.0, 10000.0, 0.0, 10000.0
'12/14/2012', 485.279999, 0.0, 10000.0, 0.0, 10000.0
'12/17/2012', 468.640015, 0.0, 10000.0, 0.0, 10000.0
'12/18/2012', 450.399994, 0.0, 10000.0, 0.0, 10000.0
'12/19/2012', 476.640015, 0.0, 10000.0, 0.0, 10000.0
'12/20/2012', 487.359985, 0.0, 10000.0, 0.0, 10000.0
'12/21/2012', 520.640015, 0.0, 10000.0, 0.0, 10000.0
'12/24/2012', 511.359985, 0.0, 10000.0, 0.0, 10000.0
'12/26/2012', 539.840027, 0.0, 10000.0, 0.0, 10000.0
'12/27/2012', 539.359985, 0.0, 10000.0, 0.0, 10000.0
'12/28/2012', 566.880005, 0.0, 10000.0, 0.0, 10000.0
'12/31/2012', 508.959991, 0.0, 10000.0, 0.0, 10000.0
'1/2/2013', 448.799988, 0.0, 10000.0, 0.0, 10000.0
'1/3/2013', 450.079987, 0.0, 10000.0, 0.0, 10000.0
'1/4/2013', 440.799988, 0.0, 10000.0, 0.0, 10000.0
'1/7/2013', 440.320007, 0.0, 10000.0, 0.0, 10000.0
'1/8/2013', 434.880005, 0.0, 10000.0, 0.0, 10000.0
'1/9/2013', 435.839996, 0.0, 10000.0, 0.0, 10000.0
'1/10/2013', 425.119995, 0.0, 10000.0, 0.0, 10000.0
'1/11/2013', 423.359985, 0.0, 10000.0, 0.0, 10000.0
'1/14/2013', 416.480011, 0.0, 10000.0, 0.0, 10000.0
'1/15/2013', 416.640015, 0.0, 10000.0, 0.0, 10000.0
'1/16/2013', 407.839996, 0.0, 10000.0, 0.0, 10000.0
'1/17/2013', 410.079987, 0.0, 10000.0, 0.0, 10000.0
'1/18/2013', 383.679993, 0.0, 10000.0, 0.0, 10000.0
'1/22/2013', 372.799988, 0.0, 10000.0, 0.0, 10000.0
'1/23/2013', 362.720001, 0.0, 10000.0, 0.0, 10000.0
'1/24/2013', 364.799988, 0.0, 10000.0, 0.0, 10000.0
'1/25/2013', 367.200012, 0.0, 10000.0, 0.0, 10000.0
'1/28/2013', 377.119995, 0.0, 10000.0, 0.0, 10000.0
'1/29/2013', 365.76001, 0.0, 10000.0, 0.0, 10000.0
'1/30/2013', 388.320007, 0.0, 10000.0, 0.0, 10000.0
'1/31/2013', 389.440002, 0.0, 10000.0, 0.0, 10000.0
'2/1/2013', 369.440002, 0.0, 10000.0, 0.0, 10000.0
'2/4/2013', 394.880005, 0.0, 10000.0, 0.0, 10000.0
'2/5/2013', 378.720001, 0.0, 10000.0, 0.0, 10000.0
'2/6/2013', 376.799988, 0.0, 10000.0, 0.0, 10000.0
'2/7/2013', 375.359985, 0.0, 10000.0, 0.0, 10000.0
'2/8/2013', 367.839996, 0.0, 10000.0, 0.0, 10000.0
'2/11/2013', 361.600006, 0.0, 10000.0, 0.0, 10000.0
'2/12/2013', 357.920013, 0.0, 10000.0, 0.0, 10000.0
'2/13/2013', 359.839996, 0.0, 10000.0, 0.0, 10000.0
'2/14/2013', 354.559998, 0.0, 10000.0, 0.0, 10000.0
'2/15/2013', 351.519989, 0.0, 10000.0, 0.0, 10000.0
'2/19/2013', 336.320007, 0.0, 10000.0, 0.0, 10000.0
'2/20/2013', 365.279999, 0.0, 10000.0, 0.0, 10000.0
'2/21/2013', 372.320007, 0.0, 10000.0, 0.0, 10000.0
'2/22/2013', 359.679993, 0.0, 10000.0, 0.0, 10000.0
'2/25/2013', 408.959991, 0.0, 10000.0, 0.0, 10000.0
'2/26/2013', 398.880005, 0.0, 10000.0, 0.0, 10000.0
'2/27/2013', 372.320007, 0.0, 10000.0, 0.0, 10000.0
'2/28/2013', 383.519989, 0.0, 10000.0, 0.0, 10000.0
'3/1/2013', 389.279999, 0.0, 10000.0, 0.0, 10000.0
'3/4/2013', 368.959991, 0.0, 10000.0, 0.0, 10000.0
'3/5/2013', 356.480011, 0.0, 10000.0, 0.0, 10000.0
'3/6/2013', 358.23999, 0.0, 10000.0, 0.0, 10000.0
'3/7/2013', 350.880005, 0.0, 10000.0, 0.0, 10000.0
'3/8/2013', 346.079987, 0.0, 10000.0, 0.0, 10000.0
'3/11/2013', 331.679993, 0.0, 10000.0, 0.0, 10000.0
'3/12/2013', 336.799988, 0.0, 10000.0, 0.0, 10000.0
'3/13/2013', 334.880005, 0.0, 10000.0, 0.0, 10000.0
'3/14/2013', 328.480011, 0.0, 10000.0, 0.0, 10000.0
'3/15/2013', 328.160004, 0.0, 10000.0, 0.0, 10000.0
'3/18/2013', 345.279999, 0.0, 10000.0, 0.0, 10000.0
'3/19/2013', 345.279999, 0.0, 10000.0, 0.0, 10000.0
'3/20/2013', 327.040009, 0.0, 10000.0, 0.0, 10000.0
'3/21/2013', 336.320007, 0.0, 10000.0, 0.0, 10000.0
'3/22/2013', 335.200012, 0.0, 10000.0, 0.0, 10000.0
'3/25/2013', 330.880005, 0.0, 10000.0, 0.0, 10000.0
'3/26/2013', 322.23999, 0.0, 10000.0, 0.0, 10000.0
'3/27/2013', 325.440002, 0.0, 10000.0, 0.0, 10000.0
'3/28/2013', 324.0, 0.0, 10000.0, 0.0, 10000.0
'4/1/2013', 325.119995, 0.0, 10000.0, 0.0, 10000.0
'4/2/2013', 315.040009, 0.0, 10000.0, 0.0, 10000.0
'4/3/2013', 326.23999, 0.0, 10000.0, 0.0, 10000.0
'4/4/2013', 320.480011, 0.0, 10000.0, 0.0, 10000.0
'4/5/2013', 321.76001, 0.0, 10000.0, 0.0, 10000.0
'4/8/2013', 312.799988, 0.0, 10000.0, 0.0, 10000.0
'4/9/2013', 308.640015, 0.0, 10000.0, 0.0, 10000.0
'4/10/2013', 300.640015, 0.0, 10000.0, 0.0, 10000.0
'4/11/2013', 299.200012, 0.0, 10000.0, 0.0, 10000.0
'4/12/2013', 293.600006, 0.0, 10000.0, 0.0, 10000.0
'4/15/2013', 328.320007, 0.0, 10000.0, 0.0, 10000.0
'4/16/2013', 302.399994, 0.0, 10000.0, 0.0, 10000.0
'4/17/2013', 337.119995, 0.0, 10000.0, 0.0, 10000.0
'4/18/2013', 352.640015, 0.0, 10000.0, 0.0, 10000.0
'4/19/2013', 327.040009, 0.0, 10000.0, 0.0, 10000.0
'4/22/2013', 319.839996, 0.0, 10000.0, 0.0, 10000.0
'4/23/2013', 303.679993, 0.0, 10000.0, 0.0, 10000.0
'4/24/2013', 304.640015, 0.0, 10000.0, 0.0, 10000.0
'4/25/2013', 308.0, 0.0, 10000.0, 0.0, 10000.0
'4/26/2013', 307.839996, 0.0, 10000.0, 0.0, 10000.0
'4/29/2013', 306.399994, 0.0, 10000.0, 0.0, 10000.0
'4/30/2013', 303.519989, 0.0, 10000.0, 0.0, 10000.0
'5/1/2013', 316.320007, 0.0, 10000.0, 0.0, 10000.0
'5/2/2013', 305.76001, 0.0, 10000.0, 0.0, 10000.0
'5/3/2013', 299.040009, 0.0, 10000.0, 0.0, 10000.0
'5/6/2013', 294.079987, 0.0, 10000.0, 0.0, 10000.0
'5/7/2013', 291.040009, 0.0, 10000.0, 0.0, 10000.0
'5/8/2013', 292.959991, 0.0, 10000.0, 0.0, 10000.0
'5/9/2013', 298.23999, 0.0, 10000.0, 0.0, 10000.0
'5/10/2013', 295.359985, 0.0, 10000.0, 0.0, 10000.0
'5/13/2013', 294.079987, 0.0, 10000.0, 0.0, 10000.0
'5/14/2013', 291.200012, 0.0, 10000.0, 0.0, 10000.0
'5/15/2013', 293.600006, 0.0, 10000.0, 0.0, 10000.0
'5/16/2013', 296.160004, 0.0, 10000.0, 0.0, 10000.0
'5/17/2013', 288.480011, 0.0, 10000.0, 0.0, 10000.0
'5/20/2013', 292.320007, 0.0, 10000.0, 0.0, 10000.0
'5/21/2013', 294.880005, 0.0, 10000.0, 0.0, 10000.0
'5/22/2013', 298.079987, 0.0, 10000.0, 0.0, 10000.0
'5/23/2013', 300.480011, 0.0, 10000.0, 0.0, 10000.0
'5/24/2013', 299.679993, 0.0, 10000.0, 0.0, 10000.0
'5/28/2013', 292.320007, 0.0, 10000.0, 0.0, 10000.0
'5/29/2013', 296.799988, 0.0, 10000.0, 0.0, 10000.0
'5/30/2013', 296.640015, 0.0, 10000.0, 0.0, 10000.0
'5/31/2013', 306.23999, 0.0, 10000.0, 0.0, 10000.0
'6/3/2013', 305.76001, 0.0, 10000.0, 0.0, 10000.0
'6/4/2013', 309.440002, 0.0, 10000.0, 0.0, 10000.0
'6/5/2013', 322.559998, 0.0, 10000.0, 0.0, 10000.0
'6/6/2013', 319.040009, 0.0, 10000.0, 0.0, 10000.0
'6/7/2013', 304.640015, 0.0, 10000.0, 0.0, 10000.0
'6/10/2013', 300.480011, 0.0, 10000.0, 0.0, 10000.0
'6/11/2013', 320.320007, 0.0, 10000.0, 0.0, 10000.0
'6/12/2013', 339.200012, 0.0, 10000.0, 0.0, 10000.0
'6/13/2013', 323.519989, 0.0, 10000.0, 0.0, 10000.0
'6/14/2013', 332.640015, 0.0, 10000.0, 0.0, 10000.0
'6/17/2013', 326.079987, 0.0, 10000.0, 0.0, 10000.0
'6/18/2013', 321.279999, 0.0, 10000.0, 0.0, 10000.0
'6/19/2013', 320.959991, 0.0, 10000.0, 0.0, 10000.0
'6/20/2013', 358.559998, 0.0, 10000.0, 0.0, 10000.0
'6/21/2013', 344.959991, 0.0, 10000.0, 0.0, 10000.0
'6/24/2013', 364.959991, 0.0, 10000.0, 0.0, 10000.0
'6/25/2013', 354.720001, 0.0, 10000.0, 0.0, 10000.0
'6/26/2013', 346.880005, 0.0, 10000.0, 0.0, 10000.0
'6/27/2013', 332.959991, 0.0, 10000.0, 0.0, 10000.0
'6/28/2013', 331.359985, 0.0, 10000.0, 0.0, 10000.0
'7/1/2013', 320.959991, 0.0, 10000.0, 0.0, 10000.0
'7/2/2013', 324.799988, 0.0, 10000.0, 0.0, 10000.0
'7/3/2013', 321.920013, 0.0, 10000.0, 0.0, 10000.0
'7/5/2013', 304.959991, 0.0, 10000.0, 0.0, 10000.0
'7/8/2013', 291.359985, 0.0, 10000.0, 0.0, 10000.0
'7/9/2013', 285.440002, 0.0, 10000.0, 0.0, 10000.0
'7/10/2013', 282.559998, 0.0, 10000.0, 0.0, 10000.0
'7/11/2013', 274.880005, 0.0, 10000.0, 0.0, 10000.0
'7/12/2013', 277.600006, 0.0, 10000.0, 0.0, 10000.0
'7/15/2013', 271.519989, 0.0, 10000.0, 0.0, 10000.0
'7/16/2013', 278.559998, 0.0, 10000.0, 0.0, 10000.0
'7/17/2013', 268.959991, 0.0, 10000.0, 0.0, 10000.0
'7/18/2013', 264.480011, 0.0, 10000.0, 0.0, 10000.0
'7/19/2013', 258.720001, 0.0, 10000.0, 0.0, 10000.0
'7/22/2013', 253.279999, 0.0, 10000.0, 0.0, 10000.0
'7/23/2013', 252.0, 0.0, 10000.0, 0.0, 10000.0
'7/24/2013', 255.360001, 0.0, 10000.0, 0.0, 10000.0
'7/25/2013', 248.960007, 0.0, 10000.0, 0.0, 10000.0
'7/26/2013', 248.160004, 0.0, 10000.0, 0.0, 10000.0
'7/29/2013', 251.360001, 0.0, 10000.0, 0.0, 10000.0
'7/30/2013', 246.399994, 0.0, 10000.0, 0.0, 10000.0
'7/31/2013', 240.960007, 0.0, 10000.0, 0.0, 10000.0
'8/1/2013', 233.600006, 0.0, 10000.0, 0.0, 10000.0
'8/2/2013', 228.0, 0.0, 10000.0, 0.0, 10000.0
'8/5/2013', 224.800003, 0.0, 10000.0, 0.0, 10000.0
'8/6/2013', 231.679993, 0.0, 10000.0, 0.0, 10000.0
'8/7/2013', 234.240005, 0.0, 10000.0, 0.0, 10000.0
'8/8/2013', 230.559998, 0.0, 10000.0, 0.0, 10000.0
'8/9/2013', 233.600006, 0.0, 10000.0, 0.0, 10000.0
'8/12/2013', 232.320007, 0.0, 10000.0, 0.0, 10000.0
'8/13/2013', 230.240005, 0.0, 10000.0, 0.0, 10000.0
'8/14/2013', 231.839996, 0.0, 10000.0, 0.0, 10000.0
'8/15/2013', 244.160004, 0.0, 10000.0, 0.0, 10000.0
'8/16/2013', 239.520004, 0.0, 10000.0, 0.0, 10000.0
'8/19/2013', 246.240005, 0.0, 10000.0, 0.0, 10000.0
'8/20/2013', 243.360001, 0.0, 10000.0, 0.0, 10000.0
'8/21/2013', 247.839996, 0.0, 10000.0, 0.0, 10000.0
'8/22/2013', 241.919998, 0.0, 10000.0, 0.0, 10000.0
'8/23/2013', 236.800003, 0.0, 10000.0, 0.0, 10000.0
'8/26/2013', 244.639999, 0.0, 10000.0, 0.0, 10000.0
'8/27/2013', 264.480011, 0.0, 10000.0, 0.0, 10000.0
'8/28/2013', 263.679993, 0.0, 10000.0, 0.0, 10000.0
'8/29/2013', 269.76001, 0.0, 10000.0, 0.0, 10000.0
'8/30/2013', 272.640015, 0.0, 10000.0, 0.0, 10000.0
'9/3/2013', 262.559998, 0.0, 10000.0, 0.0, 10000.0
'9/4/2013', 261.440002, 0.0, 10000.0, 0.0, 10000.0
'9/5/2013', 256.160004, 0.0, 10000.0, 0.0, 10000.0
'9/6/2013', 257.920013, 0.0, 10000.0, 0.0, 10000.0
'9/9/2013', 248.320007, 0.0, 10000.0, 0.0, 10000.0
'9/10/2013', 239.199997, 0.0, 10000.0, 0.0, 10000.0
'9/11/2013', 231.520004, 0.0, 10000.0, 0.0, 10000.0
'9/12/2013', 235.199997, 0.0, 10000.0, 0.0, 10000.0
'9/13/2013', 231.679993, 0.0, 10000.0, 0.0, 10000.0
'9/16/2013', 229.279999, 0.0, 10000.0, 0.0, 10000.0
'9/17/2013', 226.880005, 0.0, 10000.0, 0.0, 10000.0
'9/18/2013', 218.399994, 0.0, 10000.0, 0.0, 10000.0
'9/19/2013', 217.279999, 0.0, 10000.0, 0.0, 10000.0
'9/20/2013', 221.440002, 0.0, 10000.0, 0.0, 10000.0
'9/23/2013', 224.320007, 0.0, 10000.0, 0.0, 10000.0
'9/24/2013', 223.039993, 0.0, 10000.0, 0.0, 10000.0
'9/25/2013', 222.240005, 0.0, 10000.0, 0.0, 10000.0
'9/26/2013', 217.919998, 0.0, 10000.0, 0.0, 10000.0
'9/27/2013', 227.199997, 0.0, 10000.0, 0.0, 10000.0
'9/30/2013', 235.199997, 0.0, 10000.0, 0.0, 10000.0
'10/1/2013', 226.880005, 0.0, 10000.0, 0.0, 10000.0
'10/2/2013', 234.080002, 0.0, 10000.0, 0.0, 10000.0
'10/3/2013', 242.720001, 0.0, 10000.0, 0.0, 10000.0
'10/4/2013', 240.960007, 0.0, 10000.0, 0.0, 10000.0
'10/7/2013', 259.359985, 0.0, 10000.0, 0.0, 10000.0
'10/8/2013', 271.359985, 0.0, 10000.0, 0.0, 10000.0
'10/9/2013', 261.920013, 0.0, 10000.0, 0.0, 10000.0
'10/10/2013', 236.320007, 0.0, 10000.0, 0.0, 10000.0
'10/11/2013', 232.479996, 0.0, 10000.0, 0.0, 10000.0
'10/14/2013', 234.880005, 0.0, 10000.0, 0.0, 10000.0
'10/15/2013', 248.960007, 0.0, 10000.0, 0.0, 10000.0
'10/16/2013', 220.320007, 0.0, 10000.0, 0.0, 10000.0
'10/17/2013', 208.160004, 0.0, 10000.0, 0.0, 10000.0
'10/18/2013', 205.759995, 0.0, 10000.0, 0.0, 10000.0
'10/21/2013', 207.360001, 0.0, 10000.0, 0.0, 10000.0
'10/22/2013', 208.0, 0.0, 10000.0, 0.0, 10000.0
'10/23/2013', 209.279999, 0.0, 10000.0, 0.0, 10000.0
'10/24/2013', 206.080002, 0.0, 10000.0, 0.0, 10000.0
'10/25/2013', 205.440002, 0.0, 10000.0, 0.0, 10000.0
'10/28/2013', 206.559998, 0.0, 10000.0, 0.0, 10000.0
'10/29/2013', 205.279999, 0.0, 10000.0, 0.0, 10000.0
'10/30/2013', 207.199997, 0.0, 10000.0, 0.0, 10000.0
'10/31/2013', 206.880005, 0.0, 10000.0, 0.0, 10000.0
'11/1/2013', 205.279999, 0.0, 10000.0, 0.0, 10000.0
'11/4/2013', 200.0, 0.0, 10000.0, 0.0, 10000.0
'11/5/2013', 199.520004, 0.0, 10000.0, 0.0, 10000.0
'11/6/2013', 196.320007, 0.0, 10000.0, 0.0, 10000.0
'11/7/2013', 203.199997, 0.0, 10000.0, 0.0, 10000.0
'11/8/2013', 194.479996, 0.0, 10000.0, 0.0, 10000.0
'11/11/2013', 194.080002, 0.0, 10000.0, 0.0, 10000.0
'11/12/2013', 193.360001, 0.0, 10000.0, 0.0, 10000.0
'11/13/2013', 192.600006, 0.0, 10000.0, 0.0, 10000.0
'11/14/2013', 190.559998, 0.0, 10000.0, 0.0, 10000.0
'11/15/2013', 188.119995, 0.0, 10000.0, 0.0, 10000.0
'11/18/2013', 188.119995, 0.0, 10000.0, 0.0, 10000.0
'11/19/2013', 190.440002, 0.0, 10000.0, 0.0, 10000.0
'11/20/2013', 186.600006, 0.0, 10000.0, 0.0, 10000.0
'11/21/2013', 180.479996, 0.0, 10000.0, 0.0, 10000.0
'11/22/2013', 177.800003, 0.0, 10000.0, 0.0, 10000.0
'11/25/2013', 178.360001, 0.0, 10000.0, 0.0, 10000.0
'11/26/2013', 179.360001, 0.0, 10000.0, 0.0, 10000.0
'11/27/2013', 179.360001, 0.0, 10000.0, 0.0, 10000.0
'11/29/2013', 181.559998, 0.0, 10000.0, 0.0, 10000.0
'12/2/2013', 183.199997, 0.0, 10000.0, 0.0, 10000.0
'12/3/2013', 187.399994, 0.0, 10000.0, 0.0, 10000.0
'12/4/2013', 185.960007, 0.0, 10000.0, 0.0, 10000.0
'12/5/2013', 186.839996, 0.0, 10000.0, 0.0, 10000.0
'12/6/2013', 180.520004, 0.0, 10000.0, 0.0, 10000.0
'12/9/2013', 179.039993, 0.0, 10000.0, 0.0, 10000.0
'12/10/2013', 180.0, 0.0, 10000.0, 0.0, 10000.0
'12/11/2013', 188.440002, 0.0, 10000.0, 0.0, 10000.0
'12/12/2013', 189.240005, 0.0, 10000.0, 0.0, 10000.0
'12/13/2013', 189.559998, 0.0, 10000.0, 0.0, 10000.0
'12/16/2013', 189.800003, 0.0, 10000.0, 0.0, 10000.0
'12/17/2013', 189.0, 0.0, 10000.0, 0.0, 10000.0
'12/18/2013', 175.520004, 0.0, 10000.0, 0.0, 10000.0
'12/19/2013', 177.320007, 0.0, 10000.0, 0.0, 10000.0
'12/20/2013', 178.479996, 0.0, 10000.0, 0.0, 10000.0
'12/23/2013', 172.160004, 0.0, 10000.0, 0.0, 10000.0
'12/24/2013', 168.639999, 0.0, 10000.0, 0.0, 10000.0
'12/26/2013', 165.839996, 0.0, 10000.0, 0.0, 10000.0
'12/27/2013', 168.0, 0.0, 10000.0, 0.0, 10000.0
'12/30/2013', 170.279999, 0.0, 10000.0, 0.0, 10000.0
'12/31/2013', 170.199997, 0.0, 10000.0, 0.0, 10000.0
'1/2/2014', 173.759995, 0.0, 10000.0, 0.0, 10000.0
'1/3/2014', 172.639999, 0.0, 10000.0, 0.0, 10000.0
'1/6/2014', 170.919998, 0.0, 10000.0, 0.0, 10000.0
'1/7/2014', 166.880005, 0.0, 10000.0, 0.0, 10000.0
'1/8/2014', 167.080002, 0.0, 10000.0, 0.0, 10000.0
'1/9/2014', 167.320007, 0.0, 10000.0, 0.0, 10000.0
'1/10/2014', 163.360001, 0.0, 10000.0, 0.0, 10000.0
'1/13/2014', 169.240005, 0.0, 10000.0, 0.0, 10000.0
'1/14/2014', 162.479996, 0.0, 10000.0, 0.0, 10000.0
'1/15/2014', 163.240005, 0.0, 10000.0, 0.0, 10000.0
'1/16/2014', 163.919998, 0.0, 10000.0, 0.0, 10000.0
'1/17/2014', 164.520004, 0.0, 10000.0, 0.0, 10000.0
'1/21/2014', 162.320007, 0.0, 10000.0, 0.0, 10000.0
'1/22/2014', 159.880005, 0.0, 10000.0, 0.0, 10000.0
'1/23/2014', 164.360001, 0.0, 10000.0, 0.0, 10000.0
'1/24/2014', 178.759995, 0.0, 10000.0, 0.0, 10000.0
'1/27/2014', 181.559998, 0.0, 10000.0, 0.0, 10000.0
'1/28/2014', 174.199997, 0.0, 10000.0, 0.0, 10000.0
'1/29/2014', 185.800003, 0.0, 10000.0, 0.0, 10000.0
'1/30/2014', 182.639999, 0.0, 10000.0, 0.0, 10000.0
'1/31/2014', 198.039993, 0.0, 10000.0, 0.0, 10000.0
'2/3/2014', 212.080002, 0.0, 10000.0, 0.0, 10000.0
'2/4/2014', 207.320007, 0.0, 10000.0, 0.0, 10000.0
'2/5/2014', 215.479996, 0.0, 10000.0, 0.0, 10000.0
'2/6/2014', 194.039993, 0.0, 10000.0, 0.0, 10000.0
'2/7/2014', 181.839996, 0.0, 10000.0, 0.0, 10000.0
'2/10/2014', 182.119995, 0.0, 10000.0, 0.0, 10000.0
'2/11/2014', 175.240005, 0.0, 10000.0, 0.0, 10000.0
'2/12/2014', 171.600006, 0.0, 10000.0, 0.0, 10000.0
'2/13/2014', 170.360001, 0.0, 10000.0, 0.0, 10000.0
'2/14/2014', 167.800003, 0.0, 10000.0, 0.0, 10000.0
'2/18/2014', 165.720001, 0.0, 10000.0, 0.0, 10000.0
'2/19/2014', 176.679993, 0.0, 10000.0, 0.0, 10000.0
'2/20/2014', 170.160004, 0.0, 10000.0, 0.0, 10000.0
'2/21/2014', 172.039993, 0.0, 10000.0, 0.0, 10000.0
'2/24/2014', 170.800003, 0.0, 10000.0, 0.0, 10000.0
'2/25/2014', 170.759995, 0.0, 10000.0, 0.0, 10000.0
'2/26/2014', 172.800003, 0.0, 10000.0, 0.0, 10000.0
'2/27/2014', 172.399994, 0.0, 10000.0, 0.0, 10000.0
'2/28/2014', 175.479996, 0.0, 10000.0, 0.0, 10000.0
'3/3/2014', 185.119995, 0.0, 10000.0, 0.0, 10000.0
'3/4/2014', 172.960007, 0.0, 10000.0, 0.0, 10000.0
'3/5/2014', 172.800003, 0.0, 10000.0, 0.0, 10000.0
'3/6/2014', 171.880005, 0.0, 10000.0, 0.0, 10000.0
'3/7/2014', 175.600006, 0.0, 10000.0, 0.0, 10000.0
'3/10/2014', 174.880005, 0.0, 10000.0, 0.0, 10000.0
'3/11/2014', 177.320007, 0.0, 10000.0, 0.0, 10000.0
'3/12/2014', 177.240005, 0.0, 10000.0, 0.0, 10000.0
'3/13/2014', 184.399994, 0.0, 10000.0, 0.0, 10000.0
'3/14/2014', 189.600006, 0.0, 10000.0, 0.0, 10000.0
'3/17/2014', 180.720001, 0.0, 10000.0, 0.0, 10000.0
'3/18/2014', 173.600006, 0.0, 10000.0, 0.0, 10000.0
'3/19/2014', 177.0, 0.0, 10000.0, 0.0, 10000.0
'3/20/2014', 175.919998, 0.0, 10000.0, 0.0, 10000.0
'3/21/2014', 177.119995, 0.0, 10000.0, 0.0, 10000.0
'3/24/2014', 177.479996, 0.0, 10000.0, 0.0, 10000.0
'3/25/2014', 175.240005, 0.0, 10000.0, 0.0, 10000.0
'3/26/2014', 178.440002, 0.0, 10000.0, 0.0, 10000.0
'3/27/2014', 176.279999, 0.0, 10000.0, 0.0, 10000.0
'3/28/2014', 174.199997, 0.0, 10000.0, 0.0, 10000.0
'3/31/2014', 168.600006, 0.0, 10000.0, 0.0, 10000.0
'4/1/2014', 162.960007, 0.0, 10000.0, 0.0, 10000.0
'4/2/2014', 164.160004, 0.0, 10000.0, 0.0, 10000.0
'4/3/2014', 163.960007, 0.0, 10000.0, 0.0, 10000.0
'4/4/2014', 167.360001, 0.0, 10000.0, 0.0, 10000.0
'4/7/2014', 171.199997, 0.0, 10000.0, 0.0, 10000.0
'4/8/2014', 168.080002, 0.0, 10000.0, 0.0, 10000.0
'4/9/2014', 163.919998, 0.0, 10000.0, 0.0, 10000.0
'4/10/2014', 173.759995, 0.0, 10000.0, 0.0, 10000.0
'4/11/2014', 179.0, 0.0, 10000.0, 0.0, 10000.0
'4/14/2014', 177.520004, 0.0, 10000.0, 0.0, 10000.0
'4/15/2014', 175.679993, 0.0, 10000.0, 0.0, 10000.0
'4/16/2014', 169.399994, 0.0, 10000.0, 0.0, 10000.0
'4/17/2014', 166.839996, 0.0, 10000.0, 0.0, 10000.0
'4/21/2014', 163.759995, 0.0, 10000.0, 0.0, 10000.0
'4/22/2014', 163.559998, 0.0, 10000.0, 0.0, 10000.0
'4/23/2014', 164.0, 0.0, 10000.0, 0.0, 10000.0
'4/24/2014', 166.199997, 0.0, 10000.0, 0.0, 10000.0
'4/25/2014', 167.320007, 0.0, 10000.0, 0.0, 10000.0
'4/28/2014', 163.800003, 0.0, 10000.0, 0.0, 10000.0
'4/29/2014', 160.800003, 0.0, 10000.0, 0.0, 10000.0
'4/30/2014', 161.0, 0.0, 10000.0, 0.0, 10000.0
'5/1/2014', 160.839996, 0.0, 10000.0, 0.0, 10000.0
'5/2/2014', 160.0, 0.0, 10000.0, 0.0, 10000.0
'5/5/2014', 158.240005, 0.0, 10000.0, 0.0, 10000.0
'5/6/2014', 159.320007, 0.0, 10000.0, 0.0, 10000.0
'5/7/2014', 156.199997, 0.0, 10000.0, 0.0, 10000.0
'5/8/2014', 156.479996, 0.0, 10000.0, 0.0, 10000.0
'5/9/2014', 153.080002, 0.0, 10000.0, 0.0, 10000.0
'5/12/2014', 148.520004, 0.0, 10000.0, 0.0, 10000.0
'5/13/2014', 148.960007, 0.0, 10000.0, 0.0, 10000.0
'5/14/2014', 148.119995, 0.0, 10000.0, 0.0, 10000.0
'5/15/2014', 149.679993, 0.0, 10000.0, 0.0, 10000.0
'5/16/2014', 146.199997, 0.0, 10000.0, 0.0, 10000.0
'5/19/2014', 144.440002, 0.0, 10000.0, 0.0, 10000.0
'5/20/2014', 143.160004, 0.0, 10000.0, 0.0, 10000.0
'5/21/2014', 140.880005, 0.0, 10000.0, 0.0, 10000.0
'5/22/2014', 140.960007, 0.0, 10000.0, 0.0, 10000.0
'5/23/2014', 139.800003, 0.0, 10000.0, 0.0, 10000.0
'5/27/2014', 135.479996, 0.0, 10000.0, 0.0, 10000.0
'5/28/2014', 135.119995, 0.0, 10000.0, 0.0, 10000.0
'5/29/2014', 134.559998, 0.0, 10000.0, 0.0, 10000.0
'5/30/2014', 134.080002, 0.0, 10000.0, 0.0, 10000.0
'6/2/2014', 133.520004, 0.0, 10000.0, 0.0, 10000.0
'6/3/2014', 134.0, 0.0, 10000.0, 0.0, 10000.0
'6/4/2014', 132.600006, 0.0, 10000.0, 0.0, 10000.0
'6/5/2014', 127.800003, 0.0, 10000.0, 0.0, 10000.0
'6/6/2014', 121.400002, 0.0, 10000.0, 0.0, 10000.0
'6/9/2014', 122.959999, 0.0, 10000.0, 0.0, 10000.0
'6/10/2014', 120.839996, 0.0, 10000.0, 0.0, 10000.0
'6/11/2014', 123.559998, 0.0, 10000.0, 0.0, 10000.0
'6/12/2014', 129.479996, 0.0, 10000.0, 0.0, 10000.0
'6/13/2014', 127.279999, 0.0, 10000.0, 0.0, 10000.0
'6/16/2014', 127.080002, 0.0, 10000.0, 0.0, 10000.0
'6/17/2014', 122.68, 0.0, 10000.0, 0.0, 10000.0
'6/18/2014', 116.080002, 0.0, 10000.0, 0.0, 10000.0
'6/19/2014', 116.68, 0.0, 10000.0, 0.0, 10000.0
'6/20/2014', 118.239998, 0.0, 10000.0, 0.0, 10000.0
'6/23/2014', 115.32, 0.0, 10000.0, 0.0, 10000.0
'6/24/2014', 119.440002, 0.0, 10000.0, 0.0, 10000.0
'6/25/2014', 115.0, 0.0, 10000.0, 0.0, 10000.0
'6/26/2014', 116.440002, 0.0, 10000.0, 0.0, 10000.0
'6/27/2014', 115.440002, 0.0, 10000.0, 0.0, 10000.0
'6/30/2014', 114.400002, 0.0, 10000.0, 0.0, 10000.0
'7/1/2014', 111.360001, 0.0, 10000.0, 0.0, 10000.0
'7/2/2014', 110.199997, 0.0, 10000.0, 0.0, 10000.0
'7/3/2014', 108.68, 0.0, 10000.0, 0.0, 10000.0
'7/7/2014', 111.080002, 0.0, 10000.0, 0.0, 10000.0
'7/8/2014', 112.760002, 0.0, 10000.0, 0.0, 10000.0
'7/9/2014', 110.599998, 0.0, 10000.0, 0.0, 10000.0
'7/10/2014', 114.32, 0.0, 10000.0, 0.0, 10000.0
'7/11/2014', 113.199997, 0.0, 10000.0, 0.0, 10000.0
'7/14/2014', 109.919998, 0.0, 10000.0, 0.0, 10000.0
'7/15/2014', 111.800003, 0.0, 10000.0, 0.0, 10000.0
'7/16/2014', 109.080002, 0.0, 10000.0, 0.0, 10000.0
'7/17/2014', 119.720001, 0.0, 10000.0, 0.0, 10000.0
'7/18/2014', 111.559998, 0.0, 10000.0, 0.0, 10000.0
'7/21/2014', 114.040001, 0.0, 10000.0, 0.0, 10000.0
'7/22/2014', 111.760002, 0.0, 10000.0, 0.0, 10000.0
'7/23/2014', 112.720001, 0.0, 10000.0, 0.0, 10000.0
'7/24/2014', 111.959999, 0.0, 10000.0, 0.0, 10000.0
'7/25/2014', 115.32, 0.0, 10000.0, 0.0, 10000.0
'7/28/2014', 114.599998, 0.0, 10000.0, 0.0, 10000.0
'7/29/2014', 114.480003, 0.0, 10000.0, 0.0, 10000.0
'7/30/2014', 116.32, 0.0, 10000.0, 0.0, 10000.0
'7/31/2014', 126.160004, 0.0, 10000.0, 0.0, 10000.0
'8/1/2014', 132.039993, 0.0, 10000.0, 0.0, 10000.0
'8/4/2014', 126.199997, 0.0, 10000.0, 0.0, 10000.0
'8/5/2014', 135.160004, 0.0, 10000.0, 0.0, 10000.0
'8/6/2014', 135.639999, 0.0, 10000.0, 0.0, 10000.0
'8/7/2014', 138.479996, 0.0, 10000.0, 0.0, 10000.0
'8/8/2014', 132.839996, 0.0, 10000.0, 0.0, 10000.0
'8/11/2014', 127.400002, 0.0, 10000.0, 0.0, 10000.0
'8/12/2014', 126.599998, 0.0, 10000.0, 0.0, 10000.0
'8/13/2014', 119.559998, 0.0, 10000.0, 0.0, 10000.0
'8/14/2014', 115.519997, 0.0, 10000.0, 0.0, 10000.0
'8/15/2014', 115.519997, 0.0, 10000.0, 0.0, 10000.0
'8/18/2014', 111.199997, 0.0, 10000.0, 0.0, 10000.0
'8/19/2014', 110.0, 0.0, 10000.0, 0.0, 10000.0
'8/20/2014', 110.839996, 0.0, 10000.0, 0.0, 10000.0
'8/21/2014', 111.239998, 0.0, 10000.0, 0.0, 10000.0
'8/22/2014', 110.800003, 0.0, 10000.0, 0.0, 10000.0
'8/25/2014', 109.599998, 0.0, 10000.0, 0.0, 10000.0
'8/26/2014', 110.519997, 0.0, 10000.0, 0.0, 10000.0
'8/27/2014', 111.32, 0.0, 10000.0, 0.0, 10000.0
'8/28/2014', 113.080002, 0.0, 10000.0, 0.0, 10000.0
'8/29/2014', 112.440002, 0.0, 10000.0, 0.0, 10000.0
'9/2/2014', 113.120003, 0.0, 10000.0, 0.0, 10000.0
'9/3/2014', 111.800003, 0.0, 10000.0, 0.0, 10000.0
'9/4/2014', 112.040001, 0.0, 10000.0, 0.0, 10000.0
'9/5/2014', 109.800003, 0.0, 10000.0, 0.0, 10000.0
'9/8/2014', 110.040001, 0.0, 10000.0, 0.0, 10000.0
'9/9/2014', 112.919998, 0.0, 10000.0, 0.0, 10000.0
'9/10/2014', 112.279999, 0.0, 10000.0, 0.0, 10000.0
'9/11/2014', 112.0, 0.0, 10000.0, 0.0, 10000.0
'9/12/2014', 114.480003, 0.0, 10000.0, 0.0, 10000.0
'9/15/2014', 117.440002, 0.0, 10000.0, 0.0, 10000.0
'9/16/2014', 111.519997, 0.0, 10000.0, 0.0, 10000.0
'9/17/2014', 110.519997, 0.0, 10000.0, 0.0, 10000.0
'9/18/2014', 108.800003, 0.0, 10000.0, 0.0, 10000.0
'9/19/2014', 108.919998, 0.0, 10000.0, 0.0, 10000.0
'9/22/2014', 112.639999, 0.0, 10000.0, 0.0, 10000.0
'9/23/2014', 116.919998, 0.0, 10000.0, 0.0, 10000.0
'9/24/2014', 113.160004, 0.0, 10000.0, 0.0, 10000.0
'9/25/2014', 121.279999, 0.0, 10000.0, 0.0, 10000.0
'9/26/2014', 117.480003, 0.0, 10000.0, 0.0, 10000.0
'9/29/2014', 123.239998, 0.0, 10000.0, 0.0, 10000.0
'9/30/2014', 124.720001, 0.0, 10000.0, 0.0, 10000.0
'10/1/2014', 127.559998, 0.0, 10000.0, 0.0, 10000.0
'10/2/2014', 126.239998, 0.0, 10000.0, 0.0, 10000.0
'10/3/2014', 118.480003, 0.0, 10000.0, 0.0, 10000.0
'10/6/2014', 120.32, 0.0, 10000.0, 0.0, 10000.0
'10/7/2014', 129.080002, 0.0, 10000.0, 0.0, 10000.0
'10/8/2014', 118.199997, 0.0, 10000.0, 0.0, 10000.0
'10/9/2014', 128.839996, 0.0, 10000.0, 0.0, 10000.0
'10/10/2014', 143.399994, 0.0, 10000.0, 0.0, 10000.0
'10/13/2014', 158.240005, 0.0, 10000.0, 0.0, 10000.0
'10/14/2014', 155.720001, 0.0, 10000.0, 0.0, 10000.0
'10/15/2014', 157.639999, 0.0, 10000.0, 0.0, 10000.0
'10/16/2014', 161.320007, 0.0, 10000.0, 0.0, 10000.0
'10/17/2014', 154.320007, 0.0, 10000.0, 0.0, 10000.0
'10/20/2014', 142.399994, 0.0, 10000.0, 0.0, 10000.0
'10/21/2014', 131.960007, 0.0, 10000.0, 0.0, 10000.0
'10/22/2014', 142.080002, 0.0, 10000.0, 0.0, 10000.0
'10/23/2014', 133.919998, 0.0, 10000.0, 0.0, 10000.0
'10/24/2014', 132.679993, 0.0, 10000.0, 0.0, 10000.0
'10/27/2014', 130.679993, 0.0, 10000.0, 0.0, 10000.0
'10/28/2014', 122.0, 0.0, 10000.0, 0.0, 10000.0
'10/29/2014', 124.080002, 0.0, 10000.0, 0.0, 10000.0
'10/30/2014', 124.559998, 0.0, 10000.0, 0.0, 10000.0
'10/31/2014', 121.279999, 0.0, 10000.0, 0.0, 10000.0
'11/3/2014', 123.239998, 0.0, 10000.0, 0.0, 10000.0
'11/4/2014', 122.480003, 0.0, 10000.0, 0.0, 10000.0
'11/5/2014', 120.959999, 0.0, 10000.0, 0.0, 10000.0
'11/6/2014', 117.800003, 0.0, 10000.0, 0.0, 10000.0
'11/7/2014', 116.120003, 0.0, 10000.0, 0.0, 10000.0
'11/10/2014', 111.559998, 0.0, 10000.0, 0.0, 10000.0
'11/11/2014', 111.599998, 0.0, 10000.0, 0.0, 10000.0
'11/12/2014', 113.120003, 0.0, 10000.0, 0.0, 10000.0
'11/13/2014', 114.279999, 0.0, 10000.0, 0.0, 10000.0
'11/14/2014', 114.639999, 0.0, 10000.0, 0.0, 10000.0
'11/17/2014', 114.400002, 0.0, 10000.0, 0.0, 10000.0
'11/18/2014', 112.400002, 0.0, 10000.0, 0.0, 10000.0
'11/19/2014', 115.120003, 0.0, 10000.0, 0.0, 10000.0
'11/20/2014', 113.919998, 0.0, 10000.0, 0.0, 10000.0
'11/21/2014', 111.68, 0.0, 10000.0, 0.0, 10000.0
'11/24/2014', 109.239998, 0.0, 10000.0, 0.0, 10000.0
'11/25/2014', 108.480003, 0.0, 10000.0, 0.0, 10000.0
'11/26/2014', 106.800003, 0.0, 10000.0, 0.0, 10000.0
'11/28/2014', 109.599998, 0.0, 10000.0, 0.0, 10000.0
'12/1/2014', 114.279999, 0.0, 10000.0, 0.0, 10000.0
'12/2/2014', 107.879997, 0.0, 10000.0, 0.0, 10000.0
'12/3/2014', 106.080002, 0.0, 10000.0, 0.0, 10000.0
'12/4/2014', 106.160004, 0.0, 10000.0, 0.0, 10000.0
'12/5/2014', 104.400002, 0.0, 10000.0, 0.0, 10000.0
'12/8/2014', 108.199997, 0.0, 10000.0, 0.0, 10000.0
'12/9/2014', 109.760002, 0.0, 10000.0, 0.0, 10000.0
'12/10/2014', 121.32, 0.0, 10000.0, 0.0, 10000.0
'12/11/2014', 128.559998, 0.0, 10000.0, 0.0, 10000.0
'12/12/2014', 135.559998, 0.0, 10000.0, 0.0, 10000.0
'12/15/2014', 132.199997, 0.0, 10000.0, 0.0, 10000.0
'12/16/2014', 138.520004, 0.0, 10000.0, 0.0, 10000.0
'12/17/2014', 124.360001, 0.0, 10000.0, 0.0, 10000.0
'12/18/2014', 120.68, 0.0, 10000.0, 0.0, 10000.0
'12/19/2014', 119.599998, 0.0, 10000.0, 0.0, 10000.0
'12/22/2014', 113.959999, 0.0, 10000.0, 0.0, 10000.0
'12/23/2014', 114.040001, 0.0, 10000.0, 0.0, 10000.0
'12/24/2014', 113.239998, 0.0, 10000.0, 0.0, 10000.0
'12/26/2014', 114.360001, 0.0, 10000.0, 0.0, 10000.0
'12/29/2014', 114.040001, 0.0, 10000.0, 0.0, 10000.0
'12/30/2014', 116.800003, 0.0, 10000.0, 0.0, 10000.0
'12/31/2014', 126.040001, 0.0, 10000.0, 0.0, 10000.0
'1/2/2015', 123.959999, 0.0, 10000.0, 0.0, 10000.0
'1/5/2015', 132.839996, 0.0, 10000.0, 0.0, 10000.0
'1/6/2015', 135.800003, 0.0, 10000.0, 0.0, 10000.0
'1/7/2015', 131.520004, 0.0, 10000.0, 0.0, 10000.0
'1/8/2015', 123.080002, 0.0, 10000.0, 0.0, 10000.0
'1/9/2015', 127.919998, 0.0, 10000.0, 0.0, 10000.0
'1/12/2015', 133.960007, 0.0, 10000.0, 0.0, 10000.0
'1/13/2015', 137.559998, 0.0, 10000.0, 0.0, 10000.0
'1/14/2015', 140.479996, 0.0, 10000.0, 0.0, 10000.0
'1/15/2015', 144.520004, 0.0, 10000.0, 0.0, 10000.0
'1/16/2015', 141.880005, 0.0, 10000.0, 0.0, 10000.0
'1/20/2015', 140.479996, 0.0, 10000.0, 0.0, 10000.0
'1/21/2015', 133.800003, 0.0, 10000.0, 0.0, 10000.0
'1/22/2015', 125.199997, 0.0, 10000.0, 0.0, 10000.0
'1/23/2015', 128.399994, 0.0, 10000.0, 0.0, 10000.0
'1/26/2015', 122.519997, 0.0, 10000.0, 0.0, 10000.0
'1/27/2015', 128.0, 0.0, 10000.0, 0.0, 10000.0
'1/28/2015', 138.679993, 0.0, 10000.0, 0.0, 10000.0
'1/29/2015', 134.0, 0.0, 10000.0, 0.0, 10000.0
'1/30/2015', 147.479996, 0.0, 10000.0, 0.0, 10000.0
'2/2/2015', 139.600006, 0.0, 10000.0, 0.0, 10000.0
'2/3/2015', 132.960007, 0.0, 10000.0, 0.0, 10000.0
'2/4/2015', 136.600006, 0.0, 10000.0, 0.0, 10000.0
'2/5/2015', 131.639999, 0.0, 10000.0, 0.0, 10000.0
'2/6/2015', 137.199997, 0.0, 10000.0, 0.0, 10000.0
'2/9/2015', 137.880005, 0.0, 10000.0, 0.0, 10000.0
'2/10/2015', 132.600006, 0.0, 10000.0, 0.0, 10000.0
'2/11/2015', 133.240005, 0.0, 10000.0, 0.0, 10000.0
'2/12/2015', 125.400002, 0.0, 10000.0, 0.0, 10000.0
'2/13/2015', 123.879997, 0.0, 10000.0, 0.0, 10000.0
'2/17/2015', 124.199997, 0.0, 10000.0, 0.0, 10000.0
'2/18/2015', 123.239998, 0.0, 10000.0, 0.0, 10000.0
'2/19/2015', 120.480003, 0.0, 10000.0, 0.0, 10000.0
'2/20/2015', 116.199997, 0.0, 10000.0, 0.0, 10000.0
'2/23/2015', 116.559998, 0.0, 10000.0, 0.0, 10000.0
'2/24/2015', 111.839996, 0.0, 10000.0, 0.0, 10000.0
'2/25/2015', 112.400002, 0.0, 10000.0, 0.0, 10000.0
'2/26/2015', 111.120003, 0.0, 10000.0, 0.0, 10000.0
'2/27/2015', 110.480003, 0.0, 10000.0, 0.0, 10000.0
'3/2/2015', 106.800003, 0.0, 10000.0, 0.0, 10000.0
'3/3/2015', 109.120003, 0.0, 10000.0, 0.0, 10000.0
'3/4/2015', 108.879997, 0.0, 10000.0, 0.0, 10000.0
'3/5/2015', 107.519997, 0.0, 10000.0, 0.0, 10000.0
'3/6/2015', 112.120003, 0.0, 10000.0, 0.0, 10000.0
'3/9/2015', 110.639999, 0.0, 10000.0, 0.0, 10000.0
'3/10/2015', 114.040001, 0.0, 10000.0, 0.0, 10000.0
'3/11/2015', 116.919998, 0.0, 10000.0, 0.0, 10000.0
'3/12/2015', 109.919998, 0.0, 10000.0, 0.0, 10000.0
'3/13/2015', 112.400002, 0.0, 10000.0, 0.0, 10000.0
'3/16/2015', 109.639999, 0.0, 10000.0, 0.0, 10000.0
'3/17/2015', 109.199997, 0.0, 10000.0, 0.0, 10000.0
'3/18/2015', 104.519997, 0.0, 10000.0, 0.0, 10000.0
'3/19/2015', 104.519997, 0.0, 10000.0, 0.0, 10000.0
'3/20/2015', 102.919998, 0.0, 10000.0, 0.0, 10000.0
'3/23/2015', 100.959999, 0.0, 10000.0, 0.0, 10000.0
'3/24/2015', 100.599998, 0.0, 10000.0, 0.0, 10000.0
'3/25/2015', 105.080002, 0.0, 10000.0, 0.0, 10000.0
'3/26/2015', 104.199997, 0.0, 10000.0, 0.0, 10000.0
'3/27/2015', 102.959999, 0.0, 10000.0, 0.0, 10000.0
'3/30/2015', 99.839996, 0.0, 10000.0, 0.0, 10000.0
'3/31/2015', 102.519997, 0.0, 10000.0, 0.0, 10000.0
'4/1/2015', 102.080002, 0.0, 10000.0, 0.0, 10000.0
'4/2/2015', 100.239998, 0.0, 10000.0, 0.0, 10000.0
'4/6/2015', 98.120003, 0.0, 10000.0, 0.0, 10000.0
'4/7/2015', 97.800003, 0.0, 10000.0, 0.0, 10000.0
'4/8/2015', 95.879997, 0.0, 10000.0, 0.0, 10000.0
'4/9/2015', 92.559998, 0.0, 10000.0, 0.0, 10000.0
'4/10/2015', 88.519997, 0.0, 10000.0, 0.0, 10000.0
'4/13/2015', 90.639999, 0.0, 10000.0, 0.0, 10000.0
'4/14/2015', 89.879997, 0.0, 10000.0, 0.0, 10000.0
'4/15/2015', 87.919998, 0.0, 10000.0, 0.0, 10000.0
'4/16/2015', 86.080002, 0.0, 10000.0, 0.0, 10000.0
'4/17/2015', 89.160004, 0.0, 10000.0, 0.0, 10000.0
'4/20/2015', 86.160004, 0.0, 10000.0, 0.0, 10000.0
'4/21/2015', 86.120003, 0.0, 10000.0, 0.0, 10000.0
'4/22/2015', 85.199997, 0.0, 10000.0, 0.0, 10000.0
'4/23/2015', 84.400002, 0.0, 10000.0, 0.0, 10000.0
'4/24/2015', 83.559998, 0.0, 10000.0, 0.0, 10000.0
'4/27/2015', 85.800003, 0.0, 10000.0, 0.0, 10000.0
'4/28/2015', 83.080002, 0.0, 10000.0, 0.0, 10000.0
'4/29/2015', 84.959999, 0.0, 10000.0, 0.0, 10000.0
'4/30/2015', 87.360001, 0.0, 10000.0, 0.0, 10000.0
'5/1/2015', 83.239998, 0.0, 10000.0, 0.0, 10000.0
'5/4/2015', 83.279999, 0.0, 10000.0, 0.0, 10000.0
'5/5/2015', 85.879997, 0.0, 10000.0, 0.0, 10000.0
'5/6/2015', 87.440002, 0.0, 10000.0, 0.0, 10000.0
'5/7/2015', 86.800003, 0.0, 10000.0, 0.0, 10000.0
'5/8/2015', 82.440002, 0.0, 10000.0, 0.0, 10000.0
'5/11/2015', 84.480003, 0.0, 10000.0, 0.0, 10000.0
'5/12/2015', 84.199997, 0.0, 10000.0, 0.0, 10000.0
'5/13/2015', 82.68, 0.0, 10000.0, 0.0, 10000.0
'5/14/2015', 81.040001, 0.0, 10000.0, 0.0, 10000.0
'5/15/2015', 80.239998, 0.0, 10000.0, 0.0, 10000.0
'5/18/2015', 77.68, 0.0, 10000.0, 0.0, 10000.0
'5/19/2015', 76.559998, 0.0, 10000.0, 0.0, 10000.0
'5/20/2015', 76.720001, 0.0, 10000.0, 0.0, 10000.0
'5/21/2015', 74.599998, 0.0, 10000.0, 0.0, 10000.0
'5/22/2015', 74.720001, 0.0, 10000.0, 0.0, 10000.0
'5/26/2015', 77.559998, 0.0, 10000.0, 0.0, 10000.0
'5/27/2015', 74.760002, 0.0, 10000.0, 0.0, 10000.0
'5/28/2015', 75.519997, 0.0, 10000.0, 0.0, 10000.0
'5/29/2015', 76.080002, 0.0, 10000.0, 0.0, 10000.0
'6/1/2015', 75.360001, 0.0, 10000.0, 0.0, 10000.0
'6/2/2015', 76.480003, 0.0, 10000.0, 0.0, 10000.0
'6/3/2015', 75.160004, 0.0, 10000.0, 0.0, 10000.0
'6/4/2015', 77.639999, 0.0, 10000.0, 0.0, 10000.0
'6/5/2015', 76.400002, 0.0, 10000.0, 0.0, 10000.0
'6/8/2015', 77.879997, 0.0, 10000.0, 0.0, 10000.0
'6/9/2015', 77.0, 0.0, 10000.0, 0.0, 10000.0
'6/10/2015', 73.839996, 0.0, 10000.0, 0.0, 10000.0
'6/11/2015', 72.080002, 0.0, 10000.0, 0.0, 10000.0
'6/12/2015', 73.0, 0.0, 10000.0, 0.0, 10000.0
'6/15/2015', 76.080002, 0.0, 10000.0, 0.0, 10000.0
'6/16/2015', 74.839996, 0.0, 10000.0, 0.0, 10000.0
'6/17/2015', 74.519997, 0.0, 10000.0, 0.0, 10000.0
'6/18/2015', 72.400002, 0.0, 10000.0, 0.0, 10000.0
'6/19/2015', 72.919998, 0.0, 10000.0, 0.0, 10000.0
'6/22/2015', 69.879997, 0.0, 10000.0, 0.0, 10000.0
'6/23/2015', 68.040001, 0.0, 10000.0, 0.0, 10000.0
'6/24/2015', 69.239998, 0.0, 10000.0, 0.0, 10000.0
'6/25/2015', 69.839996, 0.0, 10000.0, 0.0, 10000.0
'6/26/2015', 69.400002, 0.0, 10000.0, 0.0, 10000.0
'6/29/2015', 81.239998, 0.0, 10000.0, 0.0, 10000.0
'6/30/2015', 80.400002, 0.0, 10000.0, 0.0, 10000.0
'7/1/2015', 75.080002, 0.0, 10000.0, 0.0, 10000.0
'7/2/2015', 79.879997, 0.0, 10000.0, 0.0, 10000.0
'7/6/2015', 81.919998, 0.0, 10000.0, 0.0, 10000.0
'7/7/2015', 77.599998, 0.0, 10000.0, 0.0, 10000.0
'7/8/2015', 85.400002, 0.0, 10000.0, 0.0, 10000.0
'7/9/2015', 86.040001, 0.0, 10000.0, 0.0, 10000.0
'7/10/2015', 79.440002, 0.0, 10000.0, 0.0, 10000.0
'7/13/2015', 71.68, 0.0, 10000.0, 0.0, 10000.0
'7/14/2015', 71.040001, 0.0, 10000.0, 0.0, 10000.0
'7/15/2015', 70.800003, 0.0, 10000.0, 0.0, 10000.0
'7/16/2015', 66.120003, 0.0, 10000.0, 0.0, 10000.0
'7/17/2015', 65.599998, 0.0, 10000.0, 0.0, 10000.0
'7/20/2015', 65.32, 0.0, 10000.0, 0.0, 10000.0
'7/21/2015', 64.800003, 0.0, 10000.0, 0.0, 10000.0
'7/22/2015', 64.480003, 0.0, 10000.0, 0.0, 10000.0
'7/23/2015', 65.160004, 0.0, 10000.0, 0.0, 10000.0
'7/24/2015', 67.360001, 0.0, 10000.0, 0.0, 10000.0
'7/27/2015', 70.879997, 0.0, 10000.0, 0.0, 10000.0
'7/28/2015', 65.959999, 0.0, 10000.0, 0.0, 10000.0
'7/29/2015', 64.639999, 0.0, 10000.0, 0.0, 10000.0
'7/30/2015', 64.199997, 0.0, 10000.0, 0.0, 10000.0
'7/31/2015', 64.080002, 0.0, 10000.0, 0.0, 10000.0
'8/3/2015', 63.119999, 0.0, 10000.0, 0.0, 10000.0
'8/4/2015', 63.32, 0.0, 10000.0, 0.0, 10000.0
'8/5/2015', 62.959999, 0.0, 10000.0, 0.0, 10000.0
'8/6/2015', 65.040001, 0.0, 10000.0, 0.0, 10000.0
'8/7/2015', 64.519997, 0.0, 10000.0, 0.0, 10000.0
'8/10/2015', 62.279999, 0.0, 10000.0, 0.0, 10000.0
'8/11/2015', 64.879997, 0.0, 10000.0, 0.0, 10000.0
'8/12/2015', 64.959999, 0.0, 10000.0, 0.0, 10000.0
'8/13/2015', 64.160004, 0.0, 10000.0, 0.0, 10000.0
'8/14/2015', 63.959999, 0.0, 10000.0, 0.0, 10000.0
'8/17/2015', 63.240002, 0.0, 10000.0, 0.0, 10000.0
'8/18/2015', 63.880001, 0.0, 10000.0, 0.0, 10000.0
'8/19/2015', 65.040001, 0.0, 10000.0, 0.0, 10000.0
'8/20/2015', 70.480003, 0.0, 10000.0, 0.0, 10000.0
'8/21/2015', 82.879997, 0.0, 10000.0, 0.0, 10000.0
'8/24/2015', 97.480003, 0.0, 10000.0, 0.0, 10000.0
'8/25/2015', 106.32, 0.0, 10000.0, 0.0, 10000.0
'8/26/2015', 96.480003, 0.0, 10000.0, 0.0, 10000.0
'8/27/2015', 98.839996, 0.0, 10000.0, 0.0, 10000.0
'8/28/2015', 103.360001, 0.0, 10000.0, 0.0, 10000.0
'8/31/2015', 107.400002, 0.0, 10000.0, 0.0, 10000.0
'9/1/2015', 123.040001, 0.0, 10000.0, 0.0, 10000.0
'9/2/2015', 109.879997, 0.0, 10000.0, 0.0, 10000.0
'9/3/2015', 109.279999, 0.0, 10000.0, 0.0, 10000.0
'9/4/2015', 117.279999, 0.0, 10000.0, 0.0, 10000.0
'9/8/2015', 106.959999, 0.0, 10000.0, 0.0, 10000.0
'9/9/2015', 109.400002, 0.0, 10000.0, 0.0, 10000.0
'9/10/2015', 106.720001, 0.0, 10000.0, 0.0, 10000.0
'9/11/2015', 104.160004, 0.0, 10000.0, 0.0, 10000.0
'9/14/2015', 104.199997, 0.0, 10000.0, 0.0, 10000.0
'9/15/2015', 94.0, 0.0, 10000.0, 0.0, 10000.0
'9/16/2015', 88.360001, 0.0, 10000.0, 0.0, 10000.0
'9/17/2015', 87.879997, 0.0, 10000.0, 0.0, 10000.0
'9/18/2015', 98.720001, 0.0, 10000.0, 0.0, 10000.0
'9/21/2015', 92.199997, 0.0, 10000.0, 0.0, 10000.0
'9/22/2015', 97.400002, 0.0, 10000.0, 0.0, 10000.0
'9/23/2015', 95.199997, 0.0, 10000.0, 0.0, 10000.0
'9/24/2015', 97.760002, 0.0, 10000.0, 0.0, 10000.0
'9/25/2015', 100.360001, 0.0, 10000.0, 0.0, 10000.0
'9/28/2015', 107.360001, 0.0, 10000.0, 0.0, 10000.0
'9/29/2015', 107.559998, 0.0, 10000.0, 0.0, 10000.0
'9/30/2015', 102.400002, 0.0, 10000.0, 0.0, 10000.0
'10/1/2015', 101.360001, 0.0, 10000.0, 0.0, 10000.0
'10/2/2015', 96.120003, 0.0, 10000.0, 0.0, 10000.0
'10/5/2015', 90.559998, 0.0, 10000.0, 0.0, 10000.0
'10/6/2015', 91.599998, 0.0, 10000.0, 0.0, 10000.0
'10/7/2015', 89.360001, 0.0, 10000.0, 0.0, 10000.0
'10/8/2015', 85.120003, 0.0, 10000.0, 0.0, 10000.0
'10/9/2015', 85.080002, 0.0, 10000.0, 0.0, 10000.0
'10/12/2015', 80.0, 0.0, 10000.0, 0.0, 10000.0
'10/13/2015', 84.0, 0.0, 10000.0, 0.0, 10000.0
'10/14/2015', 85.720001, 0.0, 10000.0, 0.0, 10000.0
'10/15/2015', 79.599998, 0.0, 10000.0, 0.0, 10000.0
'10/16/2015', 78.760002, 0.0, 10000.0, 0.0, 10000.0
'10/19/2015', 73.279999, 0.0, 10000.0, 0.0, 10000.0
'10/20/2015', 75.800003, 0.0, 10000.0, 0.0, 10000.0
'10/21/2015', 81.160004, 0.0, 10000.0, 0.0, 10000.0
'10/22/2015', 73.760002, 0.0, 10000.0, 0.0, 10000.0
'10/23/2015', 74.519997, 0.0, 10000.0, 0.0, 10000.0
'10/26/2015', 77.160004, 0.0, 10000.0, 0.0, 10000.0
'10/27/2015', 75.519997, 0.0, 10000.0, 0.0, 10000.0
'10/28/2015', 73.360001, 0.0, 10000.0, 0.0, 10000.0
'10/29/2015', 74.32, 0.0, 10000.0, 0.0, 10000.0
'10/30/2015', 75.32, 0.0, 10000.0, 0.0, 10000.0
'11/2/2015', 71.519997, 0.0, 10000.0, 0.0, 10000.0
'11/3/2015', 72.959999, 0.0, 10000.0, 0.0, 10000.0
'11/4/2015', 75.279999, 0.0, 10000.0, 0.0, 10000.0
'11/5/2015', 73.760002, 0.0, 10000.0, 0.0, 10000.0
'11/6/2015', 72.160004, 0.0, 10000.0, 0.0, 10000.0
'11/9/2015', 76.120003, 0.0, 10000.0, 0.0, 10000.0
'11/10/2015', 73.959999, 0.0, 10000.0, 0.0, 10000.0
'11/11/2015', 75.599998, 0.0, 10000.0, 0.0, 10000.0
'11/12/2015', 82.239998, 0.0, 10000.0, 0.0, 10000.0
'11/13/2015', 87.839996, 0.0, 10000.0, 0.0, 10000.0
'11/16/2015', 79.0, 0.0, 10000.0, 0.0, 10000.0
'11/17/2015', 83.32, 0.0, 10000.0, 0.0, 10000.0
'11/18/2015', 77.800003, 0.0, 10000.0, 0.0, 10000.0
'11/19/2015', 80.440002, 0.0, 10000.0, 0.0, 10000.0
'11/20/2015', 77.720001, 0.0, 10000.0, 0.0, 10000.0
'11/23/2015', 75.599998, 0.0, 10000.0, 0.0, 10000.0
'11/24/2015', 76.120003, 0.0, 10000.0, 0.0, 10000.0
'11/25/2015', 74.959999, 0.0, 10000.0, 0.0, 10000.0
'11/27/2015', 75.639999, 0.0, 10000.0, 0.0, 10000.0
'11/30/2015', 75.199997, 0.0, 10000.0, 0.0, 10000.0
'12/1/2015', 71.919998, 0.0, 10000.0, 0.0, 10000.0
'12/2/2015', 74.720001, 0.0, 10000.0, 0.0, 10000.0
'12/3/2015', 80.080002, 0.0, 10000.0, 0.0, 10000.0
'12/4/2015', 72.879997, 0.0, 10000.0, 0.0, 10000.0
'12/7/2015', 74.599998, 0.0, 10000.0, 0.0, 10000.0
'12/8/2015', 76.919998, 0.0, 10000.0, 0.0, 10000.0
'12/9/2015', 79.959999, 0.0, 10000.0, 0.0, 10000.0
'12/10/2015', 81.120003, 0.0, 10000.0, 0.0, 10000.0
'12/11/2015', 93.279999, 0.0, 10000.0, 0.0, 10000.0
'12/14/2015', 86.68, 0.0, 10000.0, 0.0, 10000.0
'12/15/2015', 83.040001, 0.0, 10000.0, 0.0, 10000.0
'12/16/2015', 77.360001, 0.0, 10000.0, 0.0, 10000.0
'12/17/2015', 80.639999, 0.0, 10000.0, 0.0, 10000.0
'12/18/2015', 87.080002, 0.0, 10000.0, 0.0, 10000.0
'12/21/2015', 83.040001, 0.0, 10000.0, 0.0, 10000.0
'12/22/2015', 78.959999, 0.0, 10000.0, 0.0, 10000.0
'12/23/2015', 77.080002, 0.0, 10000.0, 0.0, 10000.0
'12/24/2015', 78.480003, 0.0, 10000.0, 0.0, 10000.0
'12/28/2015', 77.559998, 0.0, 10000.0, 0.0, 10000.0
'12/29/2015', 76.279999, 0.0, 10000.0, 0.0, 10000.0
'12/30/2015', 78.480003, 0.0, 10000.0, 0.0, 10000.0
'12/31/2015', 80.400002, 0.0, 10000.0, 0.0, 10000.0
'1/4/2016', 85.360001, 0.0, 10000.0, 0.0, 10000.0
'1/5/2016', 82.68, 0.0, 10000.0, 0.0, 10000.0
'1/6/2016', 85.160004, 0.0, 10000.0, 0.0, 10000.0
'1/7/2016', 94.400002, 0.0, 10000.0, 0.0, 10000.0
'1/8/2016', 99.32, 0.0, 10000.0, 0.0, 10000.0
'1/11/2016', 96.080002, 0.0, 10000.0, 0.0, 10000.0
'1/12/2016', 91.639999, 0.0, 10000.0, 0.0, 10000.0
'1/13/2016', 100.800003, 0.0, 10000.0, 0.0, 10000.0
'1/14/2016', 97.160004, 0.0, 10000.0, 0.0, 10000.0
'1/15/2016', 106.800003, 0.0, 10000.0, 0.0, 10000.0
'1/19/2016', 106.839996, 0.0, 10000.0, 0.0, 10000.0
'1/20/2016', 109.639999, 0.0, 10000.0, 0.0, 10000.0
'1/21/2016', 109.160004, 0.0, 10000.0, 0.0, 10000.0
'1/22/2016', 100.0, 0.0, 10000.0, 0.0, 10000.0
'1/25/2016', 104.959999, 0.0, 10000.0, 0.0, 10000.0
'1/26/2016', 99.959999, 0.0, 10000.0, 0.0, 10000.0
'1/27/2016', 104.080002, 0.0, 10000.0, 0.0, 10000.0
'1/28/2016', 100.599998, 0.0, 10000.0, 0.0, 10000.0
'1/29/2016', 96.480003, 0.0, 10000.0, 0.0, 10000.0
'2/1/2016', 95.360001, 0.0, 10000.0, 0.0, 10000.0
'2/2/2016', 101.599998, 0.0, 10000.0, 0.0, 10000.0
'2/3/2016', 100.480003, 0.0, 10000.0, 0.0, 10000.0
'2/4/2016', 101.440002, 0.0, 10000.0, 0.0, 10000.0
'2/5/2016', 105.440002, 0.0, 10000.0, 0.0, 10000.0
'2/8/2016', 110.480003, 0.0, 10000.0, 0.0, 10000.0
'2/9/2016', 111.519997, 0.0, 10000.0, 0.0, 10000.0
'2/10/2016', 112.279999, 0.0, 10000.0, 0.0, 10000.0
'2/11/2016', 119.120003, 0.0, 10000.0, 0.0, 10000.0
'2/12/2016', 114.239998, 0.0, 10000.0, 0.0, 10000.0
'2/16/2016', 109.0, 0.0, 10000.0, 0.0, 10000.0
'2/17/2016', 104.720001, 0.0, 10000.0, 0.0, 10000.0
'2/18/2016', 104.32, 0.0, 10000.0, 0.0, 10000.0
'2/19/2016', 101.68, 0.0, 10000.0, 0.0, 10000.0
'2/22/2016', 95.879997, 0.0, 10000.0, 0.0, 10000.0
'2/23/2016', 100.720001, 0.0, 10000.0, 0.0, 10000.0
'2/24/2016', 100.080002, 0.0, 10000.0, 0.0, 10000.0
'2/25/2016', 96.639999, 0.0, 10000.0, 0.0, 10000.0
'2/26/2016', 98.0, 0.0, 10000.0, 0.0, 10000.0
'2/29/2016', 99.519997, 0.0, 10000.0, 0.0, 10000.0
'3/1/2016', 90.879997, 0.0, 10000.0, 0.0, 10000.0
'3/2/2016', 89.279999, 0.0, 10000.0, 0.0, 10000.0
'3/3/2016', 86.360001, 0.0, 10000.0, 0.0, 10000.0
'3/4/2016', 87.440002, 0.0, 10000.0, 0.0, 10000.0
'3/7/2016', 87.559998, 0.0, 10000.0, 0.0, 10000.0
'3/8/2016', 90.919998, 0.0, 10000.0, 0.0, 10000.0
'3/9/2016', 89.720001, 0.0, 10000.0, 0.0, 10000.0
'3/10/2016', 88.080002, 0.0, 10000.0, 0.0, 10000.0
'3/11/2016', 83.599998, 0.0, 10000.0, 0.0, 10000.0
'3/14/2016', 82.32, 0.0, 10000.0, 0.0, 10000.0
'3/15/2016', 83.480003, 0.0, 10000.0, 0.0, 10000.0
'3/16/2016', 80.360001, 0.0, 10000.0, 0.0, 10000.0
'3/17/2016', 77.959999, 0.0, 10000.0, 0.0, 10000.0
'3/18/2016', 77.400002, 0.0, 10000.0, 0.0, 10000.0
'3/21/2016', 75.199997, 0.0, 10000.0, 0.0, 10000.0
'3/22/2016', 74.199997, 0.0, 10000.0, 0.0, 10000.0
'3/23/2016', 77.639999, 0.0, 10000.0, 0.0, 10000.0
'3/24/2016', 77.199997, 0.0, 10000.0, 0.0, 10000.0
'3/28/2016', 76.199997, 0.0, 10000.0, 0.0, 10000.0
'3/29/2016', 71.800003, 0.0, 10000.0, 0.0, 10000.0
'3/30/2016', 70.040001, 0.0, 10000.0, 0.0, 10000.0
'3/31/2016', 70.480003, 0.0, 10000.0, 0.0, 10000.0
'4/1/2016', 68.480003, 0.0, 10000.0, 0.0, 10000.0
'4/4/2016', 70.279999, 0.0, 10000.0, 0.0, 10000.0
'4/5/2016', 74.32, 0.0, 10000.0, 0.0, 10000.0
'4/6/2016', 69.519997, 0.0, 10000.0, 0.0, 10000.0
'4/7/2016', 75.839996, 0.0, 10000.0, 0.0, 10000.0
'4/8/2016', 73.839996, 0.0, 10000.0, 0.0, 10000.0
'4/11/2016', 75.040001, 0.0, 10000.0, 0.0, 10000.0
'4/12/2016', 72.480003, 0.0, 10000.0, 0.0, 10000.0
'4/13/2016', 68.839996, 0.0, 10000.0, 0.0, 10000.0
'4/14/2016', 68.599998, 0.0, 10000.0, 0.0, 10000.0
'4/15/2016', 67.720001, 0.0, 10000.0, 0.0, 10000.0
'4/18/2016', 63.48, 0.0, 10000.0, 0.0, 10000.0
'4/19/2016', 64.120003, 0.0, 10000.0, 0.0, 10000.0
'4/20/2016', 64.440002, 0.0, 10000.0, 0.0, 10000.0
'4/21/2016', 65.639999, 0.0, 10000.0, 0.0, 10000.0
'4/22/2016', 64.0, 0.0, 10000.0, 0.0, 10000.0
'4/25/2016', 64.760002, 0.0, 10000.0, 0.0, 10000.0
'4/26/2016', 63.439999, 0.0, 10000.0, 0.0, 10000.0
'4/27/2016', 61.52, 0.0, 10000.0, 0.0, 10000.0
'4/28/2016', 65.120003, 0.0, 10000.0, 0.0, 10000.0
'4/29/2016', 67.32, 0.0, 10000.0, 0.0, 10000.0
'5/2/2016', 63.200001, 0.0, 10000.0, 0.0, 10000.0
'5/3/2016', 66.080002, 0.0, 10000.0, 0.0, 10000.0
'5/4/2016', 66.919998, 0.0, 10000.0, 0.0, 10000.0
'5/5/2016', 66.839996, 0.0, 10000.0, 0.0, 10000.0
'5/6/2016', 63.880001, 0.0, 10000.0, 0.0, 10000.0
'5/9/2016', 62.439999, 0.0, 10000.0, 0.0, 10000.0
'5/10/2016', 59.360001, 0.0, 10000.0, 0.0, 10000.0
'5/11/2016', 61.400002, 0.0, 10000.0, 0.0, 10000.0
'5/12/2016', 60.599998, 0.0, 10000.0, 0.0, 10000.0
'5/13/2016', 62.68, 0.0, 10000.0, 0.0, 10000.0
'5/16/2016', 59.919998, 0.0, 10000.0, 0.0, 10000.0
'5/17/2016', 62.560001, 0.0, 10000.0, 0.0, 10000.0
'5/18/2016', 62.32, 0.0, 10000.0, 0.0, 10000.0
'5/19/2016', 62.639999, 0.0, 10000.0, 0.0, 10000.0
'5/20/2016', 60.400002, 0.0, 10000.0, 0.0, 10000.0
'5/23/2016', 60.119999, 0.0, 10000.0, 0.0, 10000.0
'5/24/2016', 57.52, 0.0, 10000.0, 0.0, 10000.0
'5/25/2016', 56.439999, 0.0, 10000.0, 0.0, 10000.0
'5/26/2016', 55.84, 0.0, 10000.0, 0.0, 10000.0
'5/27/2016', 54.360001, 0.0, 10000.0, 0.0, 10000.0
'5/31/2016', 54.279999, 0.0, 10000.0, 0.0, 10000.0
'6/1/2016', 53.880001, 0.0, 10000.0, 0.0, 10000.0
'6/2/2016', 52.360001, 0.0, 10000.0, 0.0, 10000.0
'6/3/2016', 52.080002, 0.0, 10000.0, 0.0, 10000.0
'6/6/2016', 51.439999, 0.0, 10000.0, 0.0, 10000.0
'6/7/2016', 51.560001, 0.0, 10000.0, 0.0, 10000.0
'6/8/2016', 51.84, 0.0, 10000.0, 0.0, 10000.0
'6/9/2016', 52.799999, 0.0, 10000.0, 0.0, 10000.0
'6/10/2016', 57.560001, 0.0, 10000.0, 0.0, 10000.0
'6/13/2016', 66.080002, 0.0, 10000.0, 0.0, 10000.0
'6/14/2016', 64.639999, 0.0, 10000.0, 0.0, 10000.0
'6/15/2016', 64.0, 0.0, 10000.0, 0.0, 10000.0
'6/16/2016', 62.32, 0.0, 10000.0, 0.0, 10000.0
'6/17/2016', 62.32, 0.0, 10000.0, 0.0, 10000.0
'6/20/2016', 57.84, 0.0, 10000.0, 0.0, 10000.0
'6/21/2016', 58.240002, 0.0, 10000.0, 0.0, 10000.0
'6/22/2016', 60.279999, 0.0, 10000.0, 0.0, 10000.0
'6/23/2016', 54.439999, 0.0, 10000.0, 0.0, 10000.0
'6/24/2016', 67.32, 0.0, 10000.0, 0.0, 10000.0
'6/27/2016', 67.239998, 0.0, 10000.0, 0.0, 10000.0
'6/28/2016', 60.400002, 0.0, 10000.0, 0.0, 10000.0
'6/29/2016', 57.080002, 0.0, 10000.0, 0.0, 10000.0
'6/30/2016', 55.240002, 0.0, 10000.0, 0.0, 10000.0
'7/1/2016', 53.560001, 0.0, 10000.0, 0.0, 10000.0
'7/5/2016', 54.48, 0.0, 10000.0, 0.0, 10000.0
'7/6/2016', 53.200001, 0.0, 10000.0, 0.0, 10000.0
'7/7/2016', 52.200001, 0.0, 10000.0, 0.0, 10000.0
'7/8/2016', 48.84, 0.0, 10000.0, 0.0, 10000.0
'7/11/2016', 48.799999, 0.0, 10000.0, 0.0, 10000.0
'7/12/2016', 47.720001, 0.0, 10000.0, 0.0, 10000.0
'7/13/2016', 47.0, 0.0, 10000.0, 0.0, 10000.0
'7/14/2016', 46.959999, 0.0, 10000.0, 0.0, 10000.0
'7/15/2016', 46.720001, 0.0, 10000.0, 0.0, 10000.0
'7/18/2016', 45.919998, 0.0, 10000.0, 0.0, 10000.0
'7/19/2016', 45.720001, 0.0, 10000.0, 0.0, 10000.0
'7/20/2016', 44.599998, 0.0, 10000.0, 0.0, 10000.0
'7/21/2016', 45.799999, 0.0, 10000.0, 0.0, 10000.0
'7/22/2016', 44.68, 0.0, 10000.0, 0.0, 10000.0
'7/25/2016', 44.439999, 0.0, 10000.0, 0.0, 10000.0
'7/26/2016', 44.0, 0.0, 10000.0, 0.0, 10000.0
'7/27/2016', 43.0, 0.0, 10000.0, 0.0, 10000.0
'7/28/2016', 42.240002, 0.0, 10000.0, 0.0, 10000.0
'7/29/2016', 40.720001, 0.0, 10000.0, 0.0, 10000.0
'8/1/2016', 40.080002, 0.0, 10000.0, 0.0, 10000.0
'8/2/2016', 41.560001, 0.0, 10000.0, 0.0, 10000.0
'8/3/2016', 40.560001, 0.0, 10000.0, 0.0, 10000.0
'8/4/2016', 39.48, 0.0, 10000.0, 0.0, 10000.0
'8/5/2016', 38.080002, 0.0, 10000.0, 0.0, 10000.0
'8/8/2016', 37.200001, 0.0, 10000.0, 0.0, 10000.0
'8/9/2016', 36.560001, 0.0, 10000.0, 0.0, 10000.0
'8/10/2016', 37.470001, 0.0, 10000.0, 0.0, 10000.0
'8/11/2016', 37.290001, 0.0, 10000.0, 0.0, 10000.0
'8/12/2016', 36.950001, 0.0, 10000.0, 0.0, 10000.0
'8/15/2016', 36.34, 0.0, 10000.0, 0.0, 10000.0
'8/16/2016', 37.580002, 0.0, 10000.0, 0.0, 10000.0
'8/17/2016', 36.580002, 0.0, 10000.0, 0.0, 10000.0
'8/18/2016', 35.990002, 0.0, 10000.0, 0.0, 10000.0
'8/19/2016', 36.130001, 0.0, 10000.0, 0.0, 10000.0
'8/22/2016', 36.27, 0.0, 10000.0, 0.0, 10000.0
'8/23/2016', 36.200001, 0.0, 10000.0, 0.0, 10000.0
'8/24/2016', 36.959999, 0.0, 10000.0, 0.0, 10000.0
'8/25/2016', 36.990002, 0.0, 10000.0, 0.0, 10000.0
'8/26/2016', 37.110001, 0.0, 10000.0, 0.0, 10000.0
'8/29/2016', 36.369999, 0.0, 10000.0, 0.0, 10000.0
'8/30/2016', 36.09, 0.0, 10000.0, 0.0, 10000.0
'8/31/2016', 36.240002, 0.0, 10000.0, 0.0, 10000.0
'9/1/2016', 36.09, 0.0, 10000.0, 0.0, 10000.0
'9/2/2016', 34.799999, 0.0, 10000.0, 0.0, 10000.0
'9/6/2016', 33.880001, 0.0, 10000.0, 0.0, 10000.0
'9/7/2016', 33.41, 0.0, 10000.0, 0.0, 10000.0
'9/8/2016', 33.509998, 0.0, 10000.0, 0.0, 10000.0
'9/9/2016', 38.889999, 0.0, 10000.0, 0.0, 10000.0
'9/12/2016', 36.279999, 0.0, 10000.0, 0.0, 10000.0
'9/13/2016', 41.080002, 0.0, 10000.0, 0.0, 10000.0
'9/14/2016', 40.889999, 0.0, 10000.0, 0.0, 10000.0
'9/15/2016', 39.380001, 0.0, 10000.0, 0.0, 10000.0
'9/16/2016', 38.91, 0.0, 10000.0, 0.0, 10000.0
'9/19/2016', 37.900002, 0.0, 10000.0, 0.0, 10000.0
'9/20/2016', 37.639999, 0.0, 10000.0, 0.0, 10000.0
'9/21/2016', 34.66, 0.0, 10000.0, 0.0, 10000.0
'9/22/2016', 33.560001, 0.0, 10000.0, 0.0, 10000.0
'9/23/2016', 33.799999, 0.0, 10000.0, 0.0, 10000.0
'9/26/2016', 35.619999, 0.0, 10000.0, 0.0, 10000.0
'9/27/2016', 33.709999, 0.0, 10000.0, 0.0, 10000.0
'9/28/2016', 33.34, 0.0, 10000.0, 0.0, 10000.0
'9/29/2016', 35.389999, 0.0, 10000.0, 0.0, 10000.0
'9/30/2016', 34.07, 0.0, 10000.0, 0.0, 10000.0
'10/3/2016', 33.889999, 0.0, 10000.0, 0.0, 10000.0
'10/4/2016', 33.77, 0.0, 10000.0, 0.0, 10000.0
'10/5/2016', 33.5, 0.0, 10000.0, 0.0, 10000.0
'10/6/2016', 33.200001, 0.0, 10000.0, 0.0, 10000.0
'10/7/2016', 33.279999, 0.0, 10000.0, 0.0, 10000.0
'10/10/2016', 32.540001, 0.0, 10000.0, 0.0, 10000.0
'10/11/2016', 34.279999, 0.0, 10000.0, 0.0, 10000.0
'10/12/2016', 34.369999, 0.0, 10000.0, 0.0, 10000.0
'10/13/2016', 35.41, 0.0, 10000.0, 0.0, 10000.0
'10/14/2016', 35.060001, 0.0, 10000.0, 0.0, 10000.0
'10/17/2016', 34.889999, 0.0, 10000.0, 0.0, 10000.0
'10/18/2016', 33.5, 0.0, 10000.0, 0.0, 10000.0
'10/19/2016', 32.700001, 0.0, 10000.0, 0.0, 10000.0
'10/20/2016', 32.279999, 0.0, 10000.0, 0.0, 10000.0
'10/21/2016', 31.57, 0.0, 10000.0, 0.0, 10000.0
'10/24/2016', 30.450001, 0.0, 10000.0, 0.0, 10000.0
'10/25/2016', 30.73, 0.0, 10000.0, 0.0, 10000.0
'10/26/2016', 31.469999, 0.0, 10000.0, 0.0, 10000.0
'10/27/2016', 32.040001, 0.0, 10000.0, 0.0, 10000.0
'10/28/2016', 33.43, 0.0, 10000.0, 0.0, 10000.0
'10/31/2016', 34.139999, 0.0, 10000.0, 0.0, 10000.0
'11/1/2016', 35.110001, 0.0, 10000.0, 0.0, 10000.0
'11/2/2016', 35.919998, 0.0, 10000.0, 0.0, 10000.0
'11/3/2016', 37.880001, 0.0, 10000.0, 0.0, 10000.0
'11/4/2016', 37.939999, 0.0, 10000.0, 0.0, 10000.0
'11/7/2016', 33.189999, 0.0, 10000.0, 0.0, 10000.0
'11/8/2016', 32.18, 0.0, 10000.0, 0.0, 10000.0
'11/9/2016', 31.4, 0.0, 10000.0, 0.0, 10000.0
'11/10/2016', 32.16, 0.0, 10000.0, 0.0, 10000.0
'11/11/2016', 31.440001, 0.0, 10000.0, 0.0, 10000.0
'11/14/2016', 31.290001, 0.0, 10000.0, 0.0, 10000.0
'11/15/2016', 29.940001, 0.0, 10000.0, 0.0, 10000.0
'11/16/2016', 30.1, 0.0, 10000.0, 0.0, 10000.0
'11/17/2016', 29.23, 0.0, 10000.0, 0.0, 10000.0
'11/18/2016', 29.059999, 0.0, 10000.0, 0.0, 10000.0
'11/21/2016', 27.780001, 0.0, 10000.0, 0.0, 10000.0
'11/22/2016', 27.91, 0.0, 10000.0, 0.0, 10000.0
'11/23/2016', 27.98, 0.0, 10000.0, 0.0, 10000.0
'11/25/2016', 27.82, 0.0, 10000.0, 0.0, 10000.0
'11/28/2016', 28.059999, 0.0, 10000.0, 0.0, 10000.0
'11/29/2016', 27.879999, 0.0, 10000.0, 0.0, 10000.0
'11/30/2016', 27.889999, 0.0, 10000.0, 0.0, 10000.0
'12/1/2016', 28.959999, 0.0, 10000.0, 0.0, 10000.0
'12/2/2016', 28.969999, 0.0, 10000.0, 0.0, 10000.0
'12/5/2016', 27.030001, 0.0, 10000.0, 0.0, 10000.0
'12/6/2016', 26.15, 0.0, 10000.0, 0.0, 10000.0
'12/7/2016', 26.219999, 0.0, 10000.0, 0.0, 10000.0
'12/8/2016', 26.280001, 0.0, 10000.0, 0.0, 10000.0
'12/9/2016', 25.969999, 0.0, 10000.0, 0.0, 10000.0
'12/12/2016', 26.17, 0.0, 10000.0, 0.0, 10000.0
'12/13/2016', 26.41, 0.0, 10000.0, 0.0, 10000.0
'12/14/2016', 26.309999, 0.0, 10000.0, 0.0, 10000.0
'12/15/2016', 25.969999, 0.0, 10000.0, 0.0, 10000.0
'12/16/2016', 25.610001, 0.0, 10000.0, 0.0, 10000.0
'12/19/2016', 24.719999, 0.0, 10000.0, 0.0, 10000.0
'12/20/2016', 24.25, 0.0, 10000.0, 0.0, 10000.0
'12/21/2016', 23.83, 0.0, 10000.0, 0.0, 10000.0
'12/22/2016', 24.27, 0.0, 10000.0, 0.0, 10000.0
'12/23/2016', 24.15, 0.0, 10000.0, 0.0, 10000.0
'12/27/2016', 23.82, 0.0, 10000.0, 0.0, 10000.0
'12/28/2016', 24.620001, 0.0, 10000.0, 0.0, 10000.0
'12/29/2016', 25.0, 0.0, 10000.0, 0.0, 10000.0
'12/30/2016', 25.51, 0.0, 10000.0, 0.0, 10000.0
'1/3/2017', 23.700001, 0.0, 10000.0, 0.0, 10000.0
'1/4/2017', 22.48, 0.0, 10000.0, 0.0, 10000.0
'1/5/2017', 22.4, 0.0, 10000.0, 0.0, 10000.0
'1/6/2017', 22.129999, 0.0, 10000.0, 0.0, 10000.0
'1/9/2017', 22.040001, 0.0, 10000.0, 0.0, 10000.0
'1/10/2017', 21.9, 0.0, 10000.0, 0.0, 10000.0
'1/11/2017', 21.440001, 0.0, 10000.0, 0.0, 10000.0
'1/12/2017', 21.4, 0.0, 10000.0, 0.0, 10000.0
'1/13/2017', 21.450001, 0.0, 10000.0, 0.0, 10000.0
'1/17/2017', 21.389999, 0.0, 10000.0, 0.0, 10000.0
'1/18/2017', 21.309999, 0.0, 10000.0, 0.0, 10000.0
'1/19/2017', 21.540001, 0.0, 10000.0, 0.0, 10000.0
'1/20/2017', 20.709999, 0.0, 10000.0, 0.0, 10000.0
'1/23/2017', 20.5, 0.0, 10000.0, 0.0, 10000.0
'1/24/2017', 19.559999, 0.0, 10000.0, 0.0, 10000.0
'1/25/2017', 19.09, 0.0, 10000.0, 0.0, 10000.0
'1/26/2017', 19.17, 0.0, 10000.0, 0.0, 10000.0
'1/27/2017', 18.969999, 0.0, 10000.0, 0.0, 10000.0
'1/30/2017', 19.5, 0.0, 10000.0, 0.0, 10000.0
'1/31/2017', 19.42, 0.0, 10000.0, 0.0, 10000.0
'2/1/2017', 19.1, 0.0, 10000.0, 0.0, 10000.0
'2/2/2017', 19.200001, 0.0, 10000.0, 0.0, 10000.0
'2/3/2017', 18.82, 0.0, 10000.0, 0.0, 10000.0
'2/6/2017', 18.799999, 0.0, 10000.0, 0.0, 10000.0
'2/7/2017', 18.98, 0.0, 10000.0, 0.0, 10000.0
'2/8/2017', 18.879999, 0.0, 10000.0, 0.0, 10000.0
'2/9/2017', 18.52, 0.0, 10000.0, 0.0, 10000.0
'2/10/2017', 18.209999, 0.0, 10000.0, 0.0, 10000.0
'2/13/2017', 17.639999, 0.0, 10000.0, 0.0, 10000.0
'2/14/2017', 16.879999, 0.0, 10000.0, 0.0, 10000.0
'2/15/2017', 17.41, 0.0, 10000.0, 0.0, 10000.0
'2/16/2017', 17.5, 0.0, 10000.0, 0.0, 10000.0
'2/17/2017', 17.540001, 0.0, 10000.0, 0.0, 10000.0
'2/21/2017', 17.76, 0.0, 10000.0, 0.0, 10000.0
'2/22/2017', 17.84, 0.0, 10000.0, 0.0, 10000.0
'2/23/2017', 18.280001, 0.0, 10000.0, 0.0, 10000.0
'2/24/2017', 18.09, 0.0, 10000.0, 0.0, 10000.0
'2/27/2017', 17.98, 0.0, 10000.0, 0.0, 10000.0
'2/28/2017', 18.42, 0.0, 10000.0, 0.0, 10000.0
'3/1/2017', 18.049999, 0.0, 10000.0, 0.0, 10000.0
'3/2/2017', 18.059999, 0.0, 10000.0, 0.0, 10000.0
'3/3/2017', 17.540001, 0.0, 10000.0, 0.0, 10000.0
'3/6/2017', 17.209999, 0.0, 10000.0, 0.0, 10000.0
'3/7/2017', 17.209999, 0.0, 10000.0, 0.0, 10000.0
'3/8/2017', 17.309999, 0.0, 10000.0, 0.0, 10000.0
'3/9/2017', 17.26, 0.0, 10000.0, 0.0, 10000.0
'3/10/2017', 17.01, 0.0, 10000.0, 0.0, 10000.0
'3/13/2017', 16.67, 0.0, 10000.0, 0.0, 10000.0
'3/14/2017', 16.959999, 0.0, 10000.0, 0.0, 10000.0
'3/15/2017', 16.34, 0.0, 10000.0, 0.0, 10000.0
'3/16/2017', 16.0, 0.0, 10000.0, 0.0, 10000.0
'3/17/2017', 15.81, 0.0, 10000.0, 0.0, 10000.0
'3/20/2017', 15.81, 0.0, 10000.0, 0.0, 10000.0
'3/21/2017', 16.4, 0.0, 10000.0, 0.0, 10000.0
'3/22/2017', 16.49, 0.0, 10000.0, 0.0, 10000.0
'3/23/2017', 17.08, 0.0, 10000.0, 0.0, 10000.0
'3/24/2017', 16.77, 0.0, 10000.0, 0.0, 10000.0
'3/27/2017', 16.440001, 0.0, 10000.0, 0.0, 10000.0
'3/28/2017', 15.54, 0.0, 10000.0, 0.0, 10000.0
'3/29/2017', 15.45, 0.0, 10000.0, 0.0, 10000.0
'3/30/2017', 15.52, 0.0, 10000.0, 0.0, 10000.0
'3/31/2017', 15.79, 0.0, 10000.0, 0.0, 10000.0
'4/3/2017', 15.85, 0.0, 10000.0, 0.0, 10000.0
'4/4/2017', 15.68, 0.0, 10000.0, 0.0, 10000.0
'4/5/2017', 16.17, 0.0, 10000.0, 0.0, 10000.0
'4/6/2017', 15.89, 0.0, 10000.0, 0.0, 10000.0
'4/7/2017', 16.450001, 0.0, 10000.0, 0.0, 10000.0
'4/10/2017', 17.07, 0.0, 10000.0, 0.0, 10000.0
'4/11/2017', 17.84, 0.0, 10000.0, 0.0, 10000.0
'4/12/2017', 17.92, 0.0, 10000.0, 0.0, 10000.0
'4/13/2017', 18.26, 0.0, 10000.0, 0.0, 10000.0
'4/17/2017', 17.360001, 0.0, 10000.0, 0.0, 10000.0
'4/18/2017', 17.209999, 0.0, 10000.0, 0.0, 10000.0
'4/19/2017', 17.610001, 0.0, 10000.0, 0.0, 10000.0
'4/20/2017', 17.16, 0.0, 10000.0, 0.0, 10000.0
'4/21/2017', 17.200001, 0.0, 10000.0, 0.0, 10000.0
'4/24/2017', 15.37, 0.0, 10000.0, 0.0, 10000.0
'4/25/2017', 15.03, 0.0, 10000.0, 0.0, 10000.0
'4/26/2017', 15.15, 0.0, 10000.0, 0.0, 10000.0
'4/27/2017', 15.01, 0.0, 10000.0, 0.0, 10000.0
'4/28/2017', 15.01, 0.0, 10000.0, 0.0, 10000.0
'5/1/2017', 14.45, 0.0, 10000.0, 0.0, 10000.0
'5/2/2017', 14.46, 0.0, 10000.0, 0.0, 10000.0
'5/3/2017', 14.78, 0.0, 10000.0, 0.0, 10000.0
