'5/7/2012', 1665000.0, 0, 10000.0, 0.0, 10000.0
'5/8/2012', 1680000.0, 0, 10000.0, 0.0, 10000.0
'5/9/2012', 1787500.0, 0, 10000.0, 0.0, 10000.0
'5/10/2012', 1720000.0, 0, 10000.0, 0.0, 10000.0
'5/11/2012', 1752500.0, 0, 10000.0, 0.0, 10000.0
'5/14/2012', 1902500.0, 0, 10000.0, 0.0, 10000.0
'5/15/2012', 2070000.0, 0, 10000.0, 0.0, 10000.0
'5/16/2012', 2215000.0, 0, 10000.0, 0.0, 10000.0
'5/17/2012', 2382500.0, 0, 10000.0, 0.0, 10000.0
'5/18/2012', 2700000.0, 0, 10000.0, 0.0, 10000.0
'5/21/2012', 2180000.0, 0, 10000.0, 0.0, 10000.0
'5/22/2012', 2275000.0, 0, 10000.0, 0.0, 10000.0
'5/23/2012', 2172500.0, 0, 10000.0, 0.0, 10000.0
'5/24/2012', 2200000.0, 0, 10000.0, 0.0, 10000.0
'5/25/2012', 2180000.0, 0, 10000.0, 0.0, 10000.0
'5/29/2012', 2000000.0, 0, 10000.0, 0.0, 10000.0
'5/30/2012', 2200000.0, 0, 10000.0, 0.0, 10000.0
'5/31/2012', 2277500.0, 0, 10000.0, 0.0, 10000.0
'6/1/2012', 2590000.0, 0, 10000.0, 0.0, 10000.0
'6/4/2012', 2435000.0, 0, 10000.0, 0.0, 10000.0
'6/5/2012', 2330000.0, 0, 10000.0, 0.0, 10000.0
'6/6/2012', 2022500.0, 0, 10000.0, 0.0, 10000.0
'6/7/2012', 1987500.0, 0, 10000.0, 0.0, 10000.0
'6/8/2012', 1815000.0, 0, 10000.0, 0.0, 10000.0
'6/11/2012', 2027500.0, 0, 10000.0, 0.0, 10000.0
'6/12/2012', 1965000.0, 0, 10000.0, 0.0, 10000.0
'6/13/2012', 2130000.0, 0, 10000.0, 0.0, 10000.0
'6/14/2012', 1940000.0, 0, 10000.0, 0.0, 10000.0
'6/15/2012', 1797500.0, 0, 10000.0, 0.0, 10000.0
'6/18/2012', 1602500.0, 0, 10000.0, 0.0, 10000.0
'6/19/2012', 1545000.0, 0, 10000.0, 0.0, 10000.0
'6/20/2012', 1462500.0, 0, 10000.0, 0.0, 10000.0
'6/21/2012', 1607500.0, 0, 10000.0, 0.0, 10000.0
'6/22/2012', 1377500.0, 0, 10000.0, 0.0, 10000.0
'6/25/2012', 1492500.0, 0, 10000.0, 0.0, 10000.0
'6/26/2012', 1430000.0, 0, 10000.0, 0.0, 10000.0
'6/27/2012', 1432500.0, 0, 10000.0, 0.0, 10000.0
'6/28/2012', 1370000.0, 0, 10000.0, 0.0, 10000.0
'6/29/2012', 1227500.0, 0, 10000.0, 0.0, 10000.0
'7/2/2012', 1055000.0, 0, 10000.0, 0.0, 10000.0
'7/3/2012', 1015000.0, 0, 10000.0, 0.0, 10000.0
'7/5/2012', 1052500.0, 0, 10000.0, 0.0, 10000.0
'7/6/2012', 1042500.0, 0, 10000.0, 0.0, 10000.0
'7/9/2012', 1015000.0, 0, 10000.0, 0.0, 10000.0
'7/10/2012', 1047500.0, 0, 10000.0, 0.0, 10000.0
'7/11/2012', 982500.0, 0, 10000.0, 0.0, 10000.0
'7/12/2012', 997500.0, 0, 10000.0, 0.0, 10000.0
'7/13/2012', 905000.0, 0, 10000.0, 0.0, 10000.0
'7/16/2012', 862500.0, 0, 10000.0, 0.0, 10000.0
'7/17/2012', 802500.0, 0, 10000.0, 0.0, 10000.0
'7/18/2012', 807500.0, 0, 10000.0, 0.0, 10000.0
'7/19/2012', 792500.0, 0, 10000.0, 0.0, 10000.0
'7/20/2012', 857500.0, 0, 10000.0, 0.0, 10000.0
'7/23/2012', 975000.0, 0, 10000.0, 0.0, 10000.0
'7/24/2012', 1037500.0, 0, 10000.0, 0.0, 10000.0
'7/25/2012', 1022500.0, 0, 10000.0, 0.0, 10000.0
'7/26/2012', 882500.0, 0, 10000.0, 0.0, 10000.0
'7/27/2012', 840000.0, 0, 10000.0, 0.0, 10000.0
'7/30/2012', 862500.0, 0, 10000.0, 0.0, 10000.0
'7/31/2012', 900000.0, 0, 10000.0, 0.0, 10000.0
'8/1/2012', 867500.0, 0, 10000.0, 0.0, 10000.0
'8/2/2012', 837500.0, 0, 10000.0, 0.0, 10000.0
'8/3/2012', 752500.0, 0, 10000.0, 0.0, 10000.0
'8/6/2012', 705000.0, 0, 10000.0, 0.0, 10000.0
'8/7/2012', 730000.0, 0, 10000.0, 0.0, 10000.0
'8/8/2012', 680000.0, 0, 10000.0, 0.0, 10000.0
'8/9/2012', 665000.0, 0, 10000.0, 0.0, 10000.0
'8/10/2012', 652500.0, 0, 10000.0, 0.0, 10000.0
'8/13/2012', 617500.0, 0, 10000.0, 0.0, 10000.0
'8/14/2012', 670000.0, 0, 10000.0, 0.0, 10000.0
'8/15/2012', 675000.0, 0, 10000.0, 0.0, 10000.0
'8/16/2012', 655000.0, 0, 10000.0, 0.0, 10000.0
'8/17/2012', 627500.0, 0, 10000.0, 0.0, 10000.0
'8/20/2012', 627500.0, 0, 10000.0, 0.0, 10000.0
'8/21/2012', 655000.0, 0, 10000.0, 0.0, 10000.0
'8/22/2012', 652500.0, 0, 10000.0, 0.0, 10000.0
'8/23/2012', 677500.0, 0, 10000.0, 0.0, 10000.0
'8/24/2012', 635000.0, 0, 10000.0, 0.0, 10000.0
'8/27/2012', 645000.0, 0, 10000.0, 0.0, 10000.0
'8/28/2012', 662500.0, 0, 10000.0, 0.0, 10000.0
'8/29/2012', 665000.0, 0, 10000.0, 0.0, 10000.0
'8/30/2012', 690000.0, 0, 10000.0, 0.0, 10000.0
'8/31/2012', 652500.0, 0, 10000.0, 0.0, 10000.0
'9/4/2012', 635000.0, 0, 10000.0, 0.0, 10000.0
'9/5/2012', 615000.0, 0, 10000.0, 0.0, 10000.0
'9/6/2012', 502500.0, 0, 10000.0, 0.0, 10000.0
'9/7/2012', 437500.0, 0, 10000.0, 0.0, 10000.0
'9/10/2012', 480000.0, 0, 10000.0, 0.0, 10000.0
'9/11/2012', 460000.0, 0, 10000.0, 0.0, 10000.0
'9/12/2012', 442500.0, 0, 10000.0, 0.0, 10000.0
'9/13/2012', 380000.0, 0, 10000.0, 0.0, 10000.0
'9/14/2012', 397500.0, 0, 10000.0, 0.0, 10000.0
'9/17/2012', 387500.0, 0, 10000.0, 0.0, 10000.0
'9/18/2012', 372500.0, 0, 10000.0, 0.0, 10000.0
'9/19/2012', 365000.0, 0, 10000.0, 0.0, 10000.0
'9/20/2012', 367500.0, 0, 10000.0, 0.0, 10000.0
'9/21/2012', 360000.0, 0, 10000.0, 0.0, 10000.0
'9/24/2012', 347500.0, 0, 10000.0, 0.0, 10000.0
'9/25/2012', 397500.0, 0, 10000.0, 0.0, 10000.0
'9/26/2012', 425000.0, 0, 10000.0, 0.0, 10000.0
'9/27/2012', 365000.0, 0, 10000.0, 0.0, 10000.0
'9/28/2012', 380000.0, 0, 10000.0, 0.0, 10000.0
'10/1/2012', 382500.0, 0, 10000.0, 0.0, 10000.0
'10/2/2012', 377500.0, 0, 10000.0, 0.0, 10000.0
'10/3/2012', 367500.0, 0, 10000.0, 0.0, 10000.0
'10/4/2012', 357500.0, 0, 10000.0, 0.0, 10000.0
'10/5/2012', 347500.0, 0, 10000.0, 0.0, 10000.0
'10/8/2012', 347500.0, 0, 10000.0, 0.0, 10000.0
'10/9/2012', 375000.0, 0, 10000.0, 0.0, 10000.0
'10/10/2012', 370000.0, 0, 10000.0, 0.0, 10000.0
'10/11/2012', 357500.0, 0, 10000.0, 0.0, 10000.0
'10/12/2012', 365000.0, 0, 10000.0, 0.0, 10000.0
'10/15/2012', 342500.0, 0, 10000.0, 0.0, 10000.0
'10/16/2012', 327500.0, 0, 10000.0, 0.0, 10000.0
'10/17/2012', 325000.0, 0, 10000.0, 0.0, 10000.0
'10/18/2012', 320000.0, 0, 10000.0, 0.0, 10000.0
'10/19/2012', 350000.0, 0, 10000.0, 0.0, 10000.0
'10/22/2012', 342500.0, 0, 10000.0, 0.0, 10000.0
'10/23/2012', 387500.0, 0, 10000.0, 0.0, 10000.0
'10/24/2012', 397500.0, 0, 10000.0, 0.0, 10000.0
'10/25/2012', 380000.0, 0, 10000.0, 0.0, 10000.0
'10/26/2012', 375000.0, 0, 10000.0, 0.0, 10000.0
'10/31/2012', 380000.0, 0, 10000.0, 0.0, 10000.0
'11/1/2012', 342500.0, 0, 10000.0, 0.0, 10000.0
'11/2/2012', 345000.0, 0, 10000.0, 0.0, 10000.0
'11/5/2012', 350000.0, 0, 10000.0, 0.0, 10000.0
'11/6/2012', 327500.0, 0, 10000.0, 0.0, 10000.0
'11/7/2012', 365000.0, 0, 10000.0, 0.0, 10000.0
'11/8/2012', 367500.0, 0, 10000.0, 0.0, 10000.0
'11/9/2012', 367500.0, 0, 10000.0, 0.0, 10000.0
'11/12/2012', 330000.0, 0, 10000.0, 0.0, 10000.0
'11/13/2012', 332500.0, 0, 10000.0, 0.0, 10000.0
'11/14/2012', 335000.0, 0, 10000.0, 0.0, 10000.0
'11/15/2012', 347500.0, 0, 10000.0, 0.0, 10000.0
'11/16/2012', 320000.0, 0, 10000.0, 0.0, 10000.0
'11/19/2012', 270000.0, 0, 10000.0, 0.0, 10000.0
'11/20/2012', 262500.0, 0, 10000.0, 0.0, 10000.0
'11/21/2012', 260000.0, 0, 10000.0, 0.0, 10000.0
'11/23/2012', 237500.0, 0, 10000.0, 0.0, 10000.0
'11/26/2012', 225000.0, 0, 10000.0, 0.0, 10000.0
'11/27/2012', 232500.0, 0, 10000.0, 0.0, 10000.0
'11/28/2012', 217500.0, 0, 10000.0, 0.0, 10000.0
'11/29/2012', 215000.0, 0, 10000.0, 0.0, 10000.0
'11/30/2012', 217500.0, 0, 10000.0, 0.0, 10000.0
'12/3/2012', 225000.0, 0, 10000.0, 0.0, 10000.0
'12/4/2012', 235000.0, 0, 10000.0, 0.0, 10000.0
'12/5/2012', 225000.0, 0, 10000.0, 0.0, 10000.0
'12/6/2012', 227500.0, 0, 10000.0, 0.0, 10000.0
'12/7/2012', 217500.0, 0, 10000.0, 0.0, 10000.0
'12/10/2012', 220000.0, 0, 10000.0, 0.0, 10000.0
'12/11/2012', 207500.0, 0, 10000.0, 0.0, 10000.0
'12/12/2012', 212500.0, 0, 10000.0, 0.0, 10000.0
'12/13/2012', 220000.0, 0, 10000.0, 0.0, 10000.0
'12/14/2012', 225000.0, 0, 10000.0, 0.0, 10000.0
'12/17/2012', 215000.0, 0, 10000.0, 0.0, 10000.0
'12/18/2012', 197500.0, 0, 10000.0, 0.0, 10000.0
'12/19/2012', 215000.0, 0, 10000.0, 0.0, 10000.0
'12/20/2012', 225000.0, 0, 10000.0, 0.0, 10000.0
'12/21/2012', 254000.0, 0, 10000.0, 0.0, 10000.0
'12/24/2012', 245750.0, 0, 10000.0, 0.0, 10000.0
'12/26/2012', 274500.0, 0, 10000.0, 0.0, 10000.0
'12/27/2012', 278250.0, 0, 10000.0, 0.0, 10000.0
'12/28/2012', 302250.0, 0, 10000.0, 0.0, 10000.0
'12/31/2012', 233500.0, 0, 10000.0, 0.0, 10000.0
'1/2/2013', 184750.0, 0, 10000.0, 0.0, 10000.0
'1/3/2013', 183750.0, 0, 10000.0, 0.0, 10000.0
'1/4/2013', 175750.0, 0, 10000.0, 0.0, 10000.0
'1/7/2013', 177000.0, 0, 10000.0, 0.0, 10000.0
'1/8/2013', 172500.0, 0, 10000.0, 0.0, 10000.0
'1/9/2013', 171250.0, 0, 10000.0, 0.0, 10000.0
'1/10/2013', 166000.0, 0, 10000.0, 0.0, 10000.0
'1/11/2013', 164000.0, 0, 10000.0, 0.0, 10000.0
'1/14/2013', 157750.0, 0, 10000.0, 0.0, 10000.0
'1/15/2013', 156750.0, 0, 10000.0, 0.0, 10000.0
'1/16/2013', 148750.0, 0, 10000.0, 0.0, 10000.0
'1/17/2013', 148750.0, 0, 10000.0, 0.0, 10000.0
'1/18/2013', 132000.0, 0, 10000.0, 0.0, 10000.0
'1/22/2013', 125500.0, 0, 10000.0, 0.0, 10000.0
'1/23/2013', 117250.0, 0, 10000.0, 0.0, 10000.0
'1/24/2013', 119500.0, 0, 10000.0, 0.0, 10000.0
'1/25/2013', 120000.0, 0, 10000.0, 0.0, 10000.0
'1/28/2013', 126500.0, 0, 10000.0, 0.0, 10000.0
'1/29/2013', 119000.0, 0, 10000.0, 0.0, 10000.0
'1/30/2013', 133500.0, 0, 10000.0, 0.0, 10000.0
'1/31/2013', 133500.0, 0, 10000.0, 0.0, 10000.0
'2/1/2013', 122500.0, 0, 10000.0, 0.0, 10000.0
'2/4/2013', 136250.0, 0, 10000.0, 0.0, 10000.0
'2/5/2013', 126750.0, 0, 10000.0, 0.0, 10000.0
'2/6/2013', 126000.0, 0, 10000.0, 0.0, 10000.0
'2/7/2013', 125000.0, 0, 10000.0, 0.0, 10000.0
'2/8/2013', 120250.0, 0, 10000.0, 0.0, 10000.0
'2/11/2013', 116750.0, 0, 10000.0, 0.0, 10000.0
'2/12/2013', 114000.0, 0, 10000.0, 0.0, 10000.0
'2/13/2013', 114000.0, 0, 10000.0, 0.0, 10000.0
'2/14/2013', 111250.0, 0, 10000.0, 0.0, 10000.0
'2/15/2013', 109750.0, 0, 10000.0, 0.0, 10000.0
'2/19/2013', 100750.0, 0, 10000.0, 0.0, 10000.0
'2/20/2013', 116250.0, 0, 10000.0, 0.0, 10000.0
'2/21/2013', 119500.0, 0, 10000.0, 0.0, 10000.0
'2/22/2013', 113000.0, 0, 10000.0, 0.0, 10000.0
'2/25/2013', 141250.0, 0, 10000.0, 0.0, 10000.0
'2/26/2013', 134750.0, 0, 10000.0, 0.0, 10000.0
'2/27/2013', 117250.0, 0, 10000.0, 0.0, 10000.0
'2/28/2013', 122500.0, 0, 10000.0, 0.0, 10000.0
'3/1/2013', 127000.0, 0, 10000.0, 0.0, 10000.0
'3/4/2013', 115500.0, 0, 10000.0, 0.0, 10000.0
'3/5/2013', 107500.0, 0, 10000.0, 0.0, 10000.0
'3/6/2013', 109500.0, 0, 10000.0, 0.0, 10000.0
'3/7/2013', 105750.0, 0, 10000.0, 0.0, 10000.0
'3/8/2013', 103750.0, 0, 10000.0, 0.0, 10000.0
'3/11/2013', 97500.0, 0, 10000.0, 0.0, 10000.0
'3/12/2013', 100250.0, 0, 10000.0, 0.0, 10000.0
'3/13/2013', 100000.0, 0, 10000.0, 0.0, 10000.0
'3/14/2013', 97750.0, 0, 10000.0, 0.0, 10000.0
'3/15/2013', 98000.0, 0, 10000.0, 0.0, 10000.0
'3/18/2013', 105500.0, 0, 10000.0, 0.0, 10000.0
'3/19/2013', 100750.0, 0, 10000.0, 0.0, 10000.0
'3/20/2013', 92250.0, 0, 10000.0, 0.0, 10000.0
'3/21/2013', 95250.0, 0, 10000.0, 0.0, 10000.0
'3/22/2013', 94250.0, 0, 10000.0, 0.0, 10000.0
'3/25/2013', 92500.0, 0, 10000.0, 0.0, 10000.0
'3/26/2013', 87750.0, 0, 10000.0, 0.0, 10000.0
'3/27/2013', 87750.0, 0, 10000.0, 0.0, 10000.0
'3/28/2013', 87750.0, 0, 10000.0, 0.0, 10000.0
'4/1/2013', 88000.0, 0, 10000.0, 0.0, 10000.0
'4/2/2013', 82750.0, 0, 10000.0, 0.0, 10000.0
'4/3/2013', 87500.0, 0, 10000.0, 0.0, 10000.0
'4/4/2013', 86250.0, 0, 10000.0, 0.0, 10000.0
'4/5/2013', 86500.0, 0, 10000.0, 0.0, 10000.0
'4/8/2013', 82250.0, 0, 10000.0, 0.0, 10000.0
'4/9/2013', 79750.0, 0, 10000.0, 0.0, 10000.0
'4/10/2013', 76000.0, 0, 10000.0, 0.0, 10000.0
'4/11/2013', 74500.0, 0, 10000.0, 0.0, 10000.0
'4/12/2013', 72000.0, 0, 10000.0, 0.0, 10000.0
'4/15/2013', 84250.0, 0, 10000.0, 0.0, 10000.0
'4/16/2013', 72000.0, 0, 10000.0, 0.0, 10000.0
'4/17/2013', 85500.0, 0, 10000.0, 0.0, 10000.0
'4/18/2013', 92750.0, 0, 10000.0, 0.0, 10000.0
'4/19/2013', 81500.0, 0, 10000.0, 0.0, 10000.0
'4/22/2013', 78750.0, 0, 10000.0, 0.0, 10000.0
'4/23/2013', 71250.0, 0, 10000.0, 0.0, 10000.0
'4/24/2013', 71500.0, 0, 10000.0, 0.0, 10000.0
'4/25/2013', 71750.0, 0, 10000.0, 0.0, 10000.0
'4/26/2013', 71750.0, 0, 10000.0, 0.0, 10000.0
'4/29/2013', 71250.0, 0, 10000.0, 0.0, 10000.0
'4/30/2013', 70000.0, 0, 10000.0, 0.0, 10000.0
'5/1/2013', 74750.0, 0, 10000.0, 0.0, 10000.0
'5/2/2013', 71000.0, 0, 10000.0, 0.0, 10000.0
'5/3/2013', 68500.0, 0, 10000.0, 0.0, 10000.0
'5/6/2013', 66250.0, 0, 10000.0, 0.0, 10000.0
'5/7/2013', 64500.0, 0, 10000.0, 0.0, 10000.0
'5/8/2013', 65000.0, 0, 10000.0, 0.0, 10000.0
'5/9/2013', 67000.0, 0, 10000.0, 0.0, 10000.0
'5/10/2013', 66250.0, 0, 10000.0, 0.0, 10000.0
'5/13/2013', 65250.0, 0, 10000.0, 0.0, 10000.0
'5/14/2013', 64500.0, 0, 10000.0, 0.0, 10000.0
'5/15/2013', 65500.0, 0, 10000.0, 0.0, 10000.0
'5/16/2013', 66500.0, 0, 10000.0, 0.0, 10000.0
'5/17/2013', 63000.0, 0, 10000.0, 0.0, 10000.0
'5/20/2013', 64500.0, 0, 10000.0, 0.0, 10000.0
'5/21/2013', 65250.0, 0, 10000.0, 0.0, 10000.0
'5/22/2013', 66750.0, 0, 10000.0, 0.0, 10000.0
'5/23/2013', 67750.0, 0, 10000.0, 0.0, 10000.0
'5/24/2013', 67000.0, 0, 10000.0, 0.0, 10000.0
'5/28/2013', 64250.0, 0, 10000.0, 0.0, 10000.0
'5/29/2013', 66000.0, 0, 10000.0, 0.0, 10000.0
'5/30/2013', 66000.0, 0, 10000.0, 0.0, 10000.0
'5/31/2013', 69750.0, 0, 10000.0, 0.0, 10000.0
'6/3/2013', 70000.0, 0, 10000.0, 0.0, 10000.0
'6/4/2013', 71250.0, 0, 10000.0, 0.0, 10000.0
'6/5/2013', 76500.0, 0, 10000.0, 0.0, 10000.0
'6/6/2013', 75250.0, 0, 10000.0, 0.0, 10000.0
'6/7/2013', 68750.0, 0, 10000.0, 0.0, 10000.0
'6/10/2013', 67750.0, 0, 10000.0, 0.0, 10000.0
'6/11/2013', 75250.0, 0, 10000.0, 0.0, 10000.0
'6/12/2013', 83500.0, 0, 10000.0, 0.0, 10000.0
'6/13/2013', 77000.0, 0, 10000.0, 0.0, 10000.0
'6/14/2013', 80250.0, 0, 10000.0, 0.0, 10000.0
'6/17/2013', 77250.0, 0, 10000.0, 0.0, 10000.0
'6/18/2013', 75750.0, 0, 10000.0, 0.0, 10000.0
'6/19/2013', 75000.0, 0, 10000.0, 0.0, 10000.0
'6/20/2013', 91500.0, 0, 10000.0, 0.0, 10000.0
'6/21/2013', 85500.0, 0, 10000.0, 0.0, 10000.0
'6/24/2013', 95000.0, 0, 10000.0, 0.0, 10000.0
'6/25/2013', 90000.0, 0, 10000.0, 0.0, 10000.0
'6/26/2013', 85750.0, 0, 10000.0, 0.0, 10000.0
'6/27/2013', 79250.0, 0, 10000.0, 0.0, 10000.0
'6/28/2013', 78000.0, 0, 10000.0, 0.0, 10000.0
'7/1/2013', 73750.0, 0, 10000.0, 0.0, 10000.0
'7/2/2013', 75750.0, 0, 10000.0, 0.0, 10000.0
'7/3/2013', 74250.0, 0, 10000.0, 0.0, 10000.0
'7/5/2013', 67250.0, 0, 10000.0, 0.0, 10000.0
'7/8/2013', 62000.0, 0, 10000.0, 0.0, 10000.0
'7/9/2013', 60250.0, 0, 10000.0, 0.0, 10000.0
'7/10/2013', 59000.0, 0, 10000.0, 0.0, 10000.0
'7/11/2013', 55250.0, 0, 10000.0, 0.0, 10000.0
'7/12/2013', 56500.0, 0, 10000.0, 0.0, 10000.0
'7/15/2013', 54000.0, 0, 10000.0, 0.0, 10000.0
'7/16/2013', 56500.0, 0, 10000.0, 0.0, 10000.0
'7/17/2013', 53000.0, 0, 10000.0, 0.0, 10000.0
'7/18/2013', 51250.0, 0, 10000.0, 0.0, 10000.0
'7/19/2013', 49500.0, 0, 10000.0, 0.0, 10000.0
'7/22/2013', 47250.0, 0, 10000.0, 0.0, 10000.0
'7/23/2013', 46750.0, 0, 10000.0, 0.0, 10000.0
'7/24/2013', 47750.0, 0, 10000.0, 0.0, 10000.0
'7/25/2013', 45750.0, 0, 10000.0, 0.0, 10000.0
'7/26/2013', 45500.0, 0, 10000.0, 0.0, 10000.0
'7/29/2013', 46250.0, 0, 10000.0, 0.0, 10000.0
'7/30/2013', 45000.0, 0, 10000.0, 0.0, 10000.0
'7/31/2013', 43000.0, 0, 10000.0, 0.0, 10000.0
'8/1/2013', 39750.0, 0, 10000.0, 0.0, 10000.0
'8/2/2013', 37250.0, 0, 10000.0, 0.0, 10000.0
'8/5/2013', 36250.0, 0, 10000.0, 0.0, 10000.0
'8/6/2013', 39000.0, 0, 10000.0, 0.0, 10000.0
'8/7/2013', 39250.0, 0, 10000.0, 0.0, 10000.0
'8/8/2013', 38000.0, 0, 10000.0, 0.0, 10000.0
'8/9/2013', 39250.0, 0, 10000.0, 0.0, 10000.0
'8/12/2013', 38500.0, 0, 10000.0, 0.0, 10000.0
'8/13/2013', 37750.0, 0, 10000.0, 0.0, 10000.0
'8/14/2013', 39000.0, 0, 10000.0, 0.0, 10000.0
'8/15/2013', 42250.0, 0, 10000.0, 0.0, 10000.0
'8/16/2013', 41250.0, 0, 10000.0, 0.0, 10000.0
'8/19/2013', 43000.0, 0, 10000.0, 0.0, 10000.0
'8/20/2013', 42000.0, 0, 10000.0, 0.0, 10000.0
'8/21/2013', 43750.0, 0, 10000.0, 0.0, 10000.0
'8/22/2013', 42000.0, 0, 10000.0, 0.0, 10000.0
'8/23/2013', 40500.0, 0, 10000.0, 0.0, 10000.0
'8/26/2013', 42750.0, 0, 10000.0, 0.0, 10000.0
'8/27/2013', 49000.0, 0, 10000.0, 0.0, 10000.0
'8/28/2013', 48750.0, 0, 10000.0, 0.0, 10000.0
'8/29/2013', 50250.0, 0, 10000.0, 0.0, 10000.0
'8/30/2013', 51675.0, 0, 10000.0, 0.0, 10000.0
'9/3/2013', 47900.0, 0, 10000.0, 0.0, 10000.0
'9/4/2013', 47925.0, 0, 10000.0, 0.0, 10000.0
'9/5/2013', 45925.0, 0, 10000.0, 0.0, 10000.0
'9/6/2013', 46525.0, 0, 10000.0, 0.0, 10000.0
'9/9/2013', 43175.0, 0, 10000.0, 0.0, 10000.0
'9/10/2013', 40000.0, 0, 10000.0, 0.0, 10000.0
'9/11/2013', 37350.0, 0, 10000.0, 0.0, 10000.0
'9/12/2013', 38725.0, 0, 10000.0, 0.0, 10000.0
'9/13/2013', 37725.0, 0, 10000.0, 0.0, 10000.0
'9/16/2013', 37200.0, 0, 10000.0, 0.0, 10000.0
'9/17/2013', 36275.0, 0, 10000.0, 0.0, 10000.0
'9/18/2013', 33700.0, 0, 10000.0, 0.0, 10000.0
'9/19/2013', 33250.0, 0, 10000.0, 0.0, 10000.0
'9/20/2013', 34175.0, 0, 10000.0, 0.0, 10000.0
'9/23/2013', 34950.0, 0, 10000.0, 0.0, 10000.0
'9/24/2013', 34650.0, 0, 10000.0, 0.0, 10000.0
'9/25/2013', 34500.0, 0, 10000.0, 0.0, 10000.0
'9/26/2013', 33300.0, 0, 10000.0, 0.0, 10000.0
'9/27/2013', 35625.0, 0, 10000.0, 0.0, 10000.0
'9/30/2013', 38025.0, 0, 10000.0, 0.0, 10000.0
'10/1/2013', 35725.0, 0, 10000.0, 0.0, 10000.0
'10/2/2013', 37675.0, 0, 10000.0, 0.0, 10000.0
'10/3/2013', 40450.0, 0, 10000.0, 0.0, 10000.0
'10/4/2013', 39675.0, 0, 10000.0, 0.0, 10000.0
'10/7/2013', 45225.0, 0, 10000.0, 0.0, 10000.0
'10/8/2013', 49425.0, 0, 10000.0, 0.0, 10000.0
'10/9/2013', 46225.0, 0, 10000.0, 0.0, 10000.0
'10/10/2013', 37450.0, 0, 10000.0, 0.0, 10000.0
'10/11/2013', 35775.0, 0, 10000.0, 0.0, 10000.0
'10/14/2013', 36450.0, 0, 10000.0, 0.0, 10000.0
'10/15/2013', 40650.0, 0, 10000.0, 0.0, 10000.0
'10/16/2013', 32500.0, 0, 10000.0, 0.0, 10000.0
'10/17/2013', 28950.0, 0, 10000.0, 0.0, 10000.0
'10/18/2013', 28250.0, 0, 10000.0, 0.0, 10000.0
'10/21/2013', 28275.0, 0, 10000.0, 0.0, 10000.0
'10/22/2013', 28400.0, 0, 10000.0, 0.0, 10000.0
'10/23/2013', 28750.0, 0, 10000.0, 0.0, 10000.0
'10/24/2013', 28050.0, 0, 10000.0, 0.0, 10000.0
'10/25/2013', 27925.0, 0, 10000.0, 0.0, 10000.0
'10/28/2013', 28250.0, 0, 10000.0, 0.0, 10000.0
'10/29/2013', 27925.0, 0, 10000.0, 0.0, 10000.0
'10/30/2013', 28400.0, 0, 10000.0, 0.0, 10000.0
'10/31/2013', 28225.0, 0, 10000.0, 0.0, 10000.0
'11/1/2013', 27925.0, 0, 10000.0, 0.0, 10000.0
'11/4/2013', 26550.0, 0, 10000.0, 0.0, 10000.0
'11/5/2013', 26350.0, 0, 10000.0, 0.0, 10000.0
'11/6/2013', 25500.0, 0, 10000.0, 0.0, 10000.0
'11/7/2013', 27200.0, 0, 10000.0, 0.0, 10000.0
'11/8/2013', 25100.0, 0, 10000.0, 0.0, 10000.0
'11/11/2013', 24925.0, 0, 10000.0, 0.0, 10000.0
'11/12/2013', 24750.0, 0, 10000.0, 0.0, 10000.0
'11/13/2013', 24550.0, 0, 10000.0, 0.0, 10000.0
'11/14/2013', 24025.0, 0, 10000.0, 0.0, 10000.0
'11/15/2013', 23475.0, 0, 10000.0, 0.0, 10000.0
'11/18/2013', 23450.0, 0, 10000.0, 0.0, 10000.0
'11/19/2013', 23875.0, 0, 10000.0, 0.0, 10000.0
'11/20/2013', 23100.0, 0, 10000.0, 0.0, 10000.0
'11/21/2013', 21500.0, 0, 10000.0, 0.0, 10000.0
'11/22/2013', 20800.0, 0, 10000.0, 0.0, 10000.0
'11/25/2013', 21000.0, 0, 10000.0, 0.0, 10000.0
'11/26/2013', 21175.0, 0, 10000.0, 0.0, 10000.0
'11/27/2013', 21175.0, 0, 10000.0, 0.0, 10000.0
'11/29/2013', 21750.0, 0, 10000.0, 0.0, 10000.0
'12/2/2013', 22075.0, 0, 10000.0, 0.0, 10000.0
'12/3/2013', 22950.0, 0, 10000.0, 0.0, 10000.0
'12/4/2013', 22650.0, 0, 10000.0, 0.0, 10000.0
'12/5/2013', 22825.0, 0, 10000.0, 0.0, 10000.0
'12/6/2013', 21275.0, 0, 10000.0, 0.0, 10000.0
'12/9/2013', 21000.0, 0, 10000.0, 0.0, 10000.0
'12/10/2013', 21200.0, 0, 10000.0, 0.0, 10000.0
'12/11/2013', 22975.0, 0, 10000.0, 0.0, 10000.0
'12/12/2013', 23150.0, 0, 10000.0, 0.0, 10000.0
'12/13/2013', 23200.0, 0, 10000.0, 0.0, 10000.0
'12/16/2013', 23200.0, 0, 10000.0, 0.0, 10000.0
'12/17/2013', 23075.0, 0, 10000.0, 0.0, 10000.0
'12/18/2013', 20050.0, 0, 10000.0, 0.0, 10000.0
'12/19/2013', 20300.0, 0, 10000.0, 0.0, 10000.0
'12/20/2013', 20450.0, 0, 10000.0, 0.0, 10000.0
'12/23/2013', 19175.0, 0, 10000.0, 0.0, 10000.0
'12/24/2013', 18375.0, 0, 10000.0, 0.0, 10000.0
'12/26/2013', 17725.0, 0, 10000.0, 0.0, 10000.0
'12/27/2013', 18200.0, 0, 10000.0, 0.0, 10000.0
'12/30/2013', 18650.0, 0, 10000.0, 0.0, 10000.0
'12/31/2013', 18750.0, 0, 10000.0, 0.0, 10000.0
'1/2/2014', 19200.0, 0, 10000.0, 0.0, 10000.0
'1/3/2014', 18950.0, 0, 10000.0, 0.0, 10000.0
'1/6/2014', 18575.0, 0, 10000.0, 0.0, 10000.0
'1/7/2014', 17750.0, 0, 10000.0, 0.0, 10000.0
'1/8/2014', 17900.0, 0, 10000.0, 0.0, 10000.0
'1/9/2014', 17900.0, 0, 10000.0, 0.0, 10000.0
'1/10/2014', 17050.0, 0, 10000.0, 0.0, 10000.0
'1/13/2014', 18275.0, 0, 10000.0, 0.0, 10000.0
'1/14/2014', 16750.0, 0, 10000.0, 0.0, 10000.0
'1/15/2014', 16900.0, 0, 10000.0, 0.0, 10000.0
'1/16/2014', 17100.0, 0, 10000.0, 0.0, 10000.0
'1/17/2014', 17075.0, 0, 10000.0, 0.0, 10000.0
'1/21/2014', 16725.0, 0, 10000.0, 0.0, 10000.0
'1/22/2014', 16275.0, 0, 10000.0, 0.0, 10000.0
'1/23/2014', 17150.0, 0, 10000.0, 0.0, 10000.0
'1/24/2014', 20075.0, 0, 10000.0, 0.0, 10000.0
'1/27/2014', 20425.0, 0, 10000.0, 0.0, 10000.0
'1/28/2014', 18825.0, 0, 10000.0, 0.0, 10000.0
'1/29/2014', 21200.0, 0, 10000.0, 0.0, 10000.0
'1/30/2014', 20525.0, 0, 10000.0, 0.0, 10000.0
'1/31/2014', 23975.0, 0, 10000.0, 0.0, 10000.0
'2/3/2014', 27275.0, 0, 10000.0, 0.0, 10000.0
'2/4/2014', 26150.0, 0, 10000.0, 0.0, 10000.0
'2/5/2014', 28075.0, 0, 10000.0, 0.0, 10000.0
'2/6/2014', 22700.0, 0, 10000.0, 0.0, 10000.0
'2/7/2014', 19825.0, 0, 10000.0, 0.0, 10000.0
'2/10/2014', 19800.0, 0, 10000.0, 0.0, 10000.0
'2/11/2014', 18500.0, 0, 10000.0, 0.0, 10000.0
'2/12/2014', 17775.0, 0, 10000.0, 0.0, 10000.0
'2/13/2014', 17575.0, 0, 10000.0, 0.0, 10000.0
'2/14/2014', 16950.0, 0, 10000.0, 0.0, 10000.0
'2/18/2014', 16650.0, 0, 10000.0, 0.0, 10000.0
'2/19/2014', 18575.0, 0, 10000.0, 0.0, 10000.0
'2/20/2014', 17400.0, 0, 10000.0, 0.0, 10000.0
'2/21/2014', 17675.0, 0, 10000.0, 0.0, 10000.0
'2/24/2014', 17575.0, 0, 10000.0, 0.0, 10000.0
'2/25/2014', 17525.0, 0, 10000.0, 0.0, 10000.0
'2/26/2014', 17875.0, 0, 10000.0, 0.0, 10000.0
'2/27/2014', 17825.0, 0, 10000.0, 0.0, 10000.0
'2/28/2014', 18400.0, 0, 10000.0, 0.0, 10000.0
'3/3/2014', 20400.0, 0, 10000.0, 0.0, 10000.0
'3/4/2014', 17950.0, 0, 10000.0, 0.0, 10000.0
'3/5/2014', 17750.0, 0, 10000.0, 0.0, 10000.0
'3/6/2014', 17650.0, 0, 10000.0, 0.0, 10000.0
'3/7/2014', 18275.0, 0, 10000.0, 0.0, 10000.0
'3/10/2014', 18175.0, 0, 10000.0, 0.0, 10000.0
'3/11/2014', 18550.0, 0, 10000.0, 0.0, 10000.0
'3/12/2014', 18550.0, 0, 10000.0, 0.0, 10000.0
'3/13/2014', 20050.0, 0, 10000.0, 0.0, 10000.0
'3/14/2014', 20975.0, 0, 10000.0, 0.0, 10000.0
'3/17/2014', 19250.0, 0, 10000.0, 0.0, 10000.0
'3/18/2014', 17825.0, 0, 10000.0, 0.0, 10000.0
'3/19/2014', 18425.0, 0, 10000.0, 0.0, 10000.0
'3/20/2014', 18225.0, 0, 10000.0, 0.0, 10000.0
'3/21/2014', 18525.0, 0, 10000.0, 0.0, 10000.0
'3/24/2014', 18625.0, 0, 10000.0, 0.0, 10000.0
'3/25/2014', 18275.0, 0, 10000.0, 0.0, 10000.0
'3/26/2014', 18725.0, 0, 10000.0, 0.0, 10000.0
'3/27/2014', 18375.0, 0, 10000.0, 0.0, 10000.0
'3/28/2014', 18075.0, 0, 10000.0, 0.0, 10000.0
'3/31/2014', 17525.0, 0, 10000.0, 0.0, 10000.0
'4/1/2014', 16250.0, 0, 10000.0, 0.0, 10000.0
'4/2/2014', 16325.0, 0, 10000.0, 0.0, 10000.0
'4/3/2014', 16125.0, 0, 10000.0, 0.0, 10000.0
'4/4/2014', 16725.0, 0, 10000.0, 0.0, 10000.0
'4/7/2014', 17175.0, 0, 10000.0, 0.0, 10000.0
'4/8/2014', 16450.0, 0, 10000.0, 0.0, 10000.0
'4/9/2014', 15850.0, 0, 10000.0, 0.0, 10000.0
'4/10/2014', 17450.0, 0, 10000.0, 0.0, 10000.0
'4/11/2014', 18425.0, 0, 10000.0, 0.0, 10000.0
'4/14/2014', 18275.0, 0, 10000.0, 0.0, 10000.0
'4/15/2014', 17850.0, 0, 10000.0, 0.0, 10000.0
'4/16/2014', 16725.0, 0, 10000.0, 0.0, 10000.0
'4/17/2014', 16250.0, 0, 10000.0, 0.0, 10000.0
'4/21/2014', 15800.0, 0, 10000.0, 0.0, 10000.0
'4/22/2014', 15675.0, 0, 10000.0, 0.0, 10000.0
'4/23/2014', 15775.0, 0, 10000.0, 0.0, 10000.0
'4/24/2014', 16250.0, 0, 10000.0, 0.0, 10000.0
'4/25/2014', 16400.0, 0, 10000.0, 0.0, 10000.0
'4/28/2014', 15650.0, 0, 10000.0, 0.0, 10000.0
'4/29/2014', 15300.0, 0, 10000.0, 0.0, 10000.0
'4/30/2014', 15225.0, 0, 10000.0, 0.0, 10000.0
'5/1/2014', 15225.0, 0, 10000.0, 0.0, 10000.0
'5/2/2014', 15125.0, 0, 10000.0, 0.0, 10000.0
'5/5/2014', 14825.0, 0, 10000.0, 0.0, 10000.0
'5/6/2014', 14875.0, 0, 10000.0, 0.0, 10000.0
'5/7/2014', 14200.0, 0, 10000.0, 0.0, 10000.0
'5/8/2014', 14350.0, 0, 10000.0, 0.0, 10000.0
'5/9/2014', 13850.0, 0, 10000.0, 0.0, 10000.0
'5/12/2014', 13000.0, 0, 10000.0, 0.0, 10000.0
'5/13/2014', 13050.0, 0, 10000.0, 0.0, 10000.0
'5/14/2014', 12950.0, 0, 10000.0, 0.0, 10000.0
'5/15/2014', 13200.0, 0, 10000.0, 0.0, 10000.0
'5/16/2014', 12525.0, 0, 10000.0, 0.0, 10000.0
'5/19/2014', 12075.0, 0, 10000.0, 0.0, 10000.0
'5/20/2014', 11850.0, 0, 10000.0, 0.0, 10000.0
'5/21/2014', 11600.0, 0, 10000.0, 0.0, 10000.0
'5/22/2014', 11600.0, 0, 10000.0, 0.0, 10000.0
'5/23/2014', 11400.0, 0, 10000.0, 0.0, 10000.0
'5/27/2014', 10675.0, 0, 10000.0, 0.0, 10000.0
'5/28/2014', 10675.0, 0, 10000.0, 0.0, 10000.0
'5/29/2014', 10500.0, 0, 10000.0, 0.0, 10000.0
'5/30/2014', 10525.0, 0, 10000.0, 0.0, 10000.0
'6/2/2014', 10375.0, 0, 10000.0, 0.0, 10000.0
'6/3/2014', 10425.0, 0, 10000.0, 0.0, 10000.0
'6/4/2014', 10125.0, 0, 10000.0, 0.0, 10000.0
'6/5/2014', 9475.0, 0.0, 10000.0, 0.0, 10000.0
'6/6/2014', 8525.0, 0.0, 10000.0, 0.0, 10000.0
'6/9/2014', 8700.0, 0.0, 10000.0, 0.0, 10000.0
'6/10/2014', 8375.0, 0.0, 10000.0, 0.0, 10000.0
'6/11/2014', 8775.0, 0.0, 10000.0, 0.0, 10000.0
'6/12/2014', 9700.0, 0.0, 10000.0, 0.0, 10000.0
'6/13/2014', 9250.0, 0.0, 10000.0, 0.0, 10000.0
'6/16/2014', 9225.0, 0.0, 10000.0, 0.0, 10000.0
'6/17/2014', 8600.0, 0.0, 10000.0, 0.0, 10000.0
'6/18/2014', 7725.0, 0.0, 10000.0, 0.0, 10000.0
'6/19/2014', 7775.0, 0.0, 10000.0, 0.0, 10000.0
'6/20/2014', 7950.0, 0.0, 10000.0, 0.0, 10000.0
'6/23/2014', 7525.0, 0.0, 10000.0, 0.0, 10000.0
'6/24/2014', 8200.0, 0.0, 10000.0, 0.0, 10000.0
'6/25/2014', 7575.0, 0.0, 10000.0, 0.0, 10000.0
'6/26/2014', 7750.0, 0.0, 10000.0, 0.0, 10000.0
'6/27/2014', 7650.0, 0.0, 10000.0, 0.0, 10000.0
'6/30/2014', 7450.0, 0.0, 10000.0, 0.0, 10000.0
'7/1/2014', 7075.0, 0.0, 10000.0, 0.0, 10000.0
'7/2/2014', 6925.0, 0.0, 10000.0, 0.0, 10000.0
'7/3/2014', 6725.0, 0.0, 10000.0, 0.0, 10000.0
'7/7/2014', 6975.0, 0.0, 10000.0, 0.0, 10000.0
'7/8/2014', 7200.0, 0.0, 10000.0, 0.0, 10000.0
'7/9/2014', 6950.0, 0.0, 10000.0, 0.0, 10000.0
'7/10/2014', 7425.0, 0.0, 10000.0, 0.0, 10000.0
'7/11/2014', 7175.0, 0.0, 10000.0, 0.0, 10000.0
'7/14/2014', 6800.0, 0.0, 10000.0, 0.0, 10000.0
'7/15/2014', 7100.0, 0.0, 10000.0, 0.0, 10000.0
'7/16/2014', 6750.0, 0.0, 10000.0, 0.0, 10000.0
'7/17/2014', 7900.0, 0.0, 10000.0, 0.0, 10000.0
'7/18/2014', 6950.0, 0.0, 10000.0, 0.0, 10000.0
'7/21/2014', 7275.0, 0.0, 10000.0, 0.0, 10000.0
'7/22/2014', 7025.0, 0.0, 10000.0, 0.0, 10000.0
'7/23/2014', 7125.0, 0.0, 10000.0, 0.0, 10000.0
'7/24/2014', 7000.0, 0.0, 10000.0, 0.0, 10000.0
'7/25/2014', 7350.0, 0.0, 10000.0, 0.0, 10000.0
'7/28/2014', 7325.0, 0.0, 10000.0, 0.0, 10000.0
'7/29/2014', 7300.0, 0.0, 10000.0, 0.0, 10000.0
'7/30/2014', 7475.0, 0.0, 10000.0, 0.0, 10000.0
'7/31/2014', 8675.0, 0.0, 10000.0, 0.0, 10000.0
'8/1/2014', 9500.0, 0.0, 10000.0, 0.0, 10000.0
'8/4/2014', 8575.0, 0.0, 10000.0, 0.0, 10000.0
'8/5/2014', 9775.0, 0.0, 10000.0, 0.0, 10000.0
'8/6/2014', 9900.0, 0.0, 10000.0, 0.0, 10000.0
'8/7/2014', 10325.0, 0.0, 10000.0, 0.0, 10000.0
'8/8/2014', 9550.0, 0.0, 10000.0, 0.0, 10000.0
'8/11/2014', 8625.0, 0.0, 10000.0, 0.0, 10000.0
'8/12/2014', 8550.0, 0.0, 10000.0, 0.0, 10000.0
'8/13/2014', 7625.0, 0.0, 10000.0, 0.0, 10000.0
'8/14/2014', 7150.0, 0.0, 10000.0, 0.0, 10000.0
'8/15/2014', 7175.0, 0.0, 10000.0, 0.0, 10000.0
'8/18/2014', 6725.0, 0.0, 10000.0, 0.0, 10000.0
'8/19/2014', 6550.0, 0.0, 10000.0, 0.0, 10000.0
'8/20/2014', 6625.0, 0.0, 10000.0, 0.0, 10000.0
'8/21/2014', 6725.0, 0.0, 10000.0, 0.0, 10000.0
'8/22/2014', 6650.0, 0.0, 10000.0, 0.0, 10000.0
'8/25/2014', 6525.0, 0.0, 10000.0, 0.0, 10000.0
'8/26/2014', 6650.0, 0.0, 10000.0, 0.0, 10000.0
'8/27/2014', 6700.0, 0.0, 10000.0, 0.0, 10000.0
'8/28/2014', 6925.0, 0.0, 10000.0, 0.0, 10000.0
'8/29/2014', 6850.0, 0.0, 10000.0, 0.0, 10000.0
'9/2/2014', 6925.0, 0.0, 10000.0, 0.0, 10000.0
'9/3/2014', 6750.0, 0.0, 10000.0, 0.0, 10000.0
'9/4/2014', 6775.0, 0.0, 10000.0, 0.0, 10000.0
'9/5/2014', 6550.0, 0.0, 10000.0, 0.0, 10000.0
'9/8/2014', 6575.0, 0.0, 10000.0, 0.0, 10000.0
'9/9/2014', 6850.0, 0.0, 10000.0, 0.0, 10000.0
'9/10/2014', 6800.0, 0.0, 10000.0, 0.0, 10000.0
'9/11/2014', 6775.0, 0.0, 10000.0, 0.0, 10000.0
'9/12/2014', 7050.0, 0.0, 10000.0, 0.0, 10000.0
'9/15/2014', 7425.0, 0.0, 10000.0, 0.0, 10000.0
'9/16/2014', 6700.0, 0.0, 10000.0, 0.0, 10000.0
'9/17/2014', 6600.0, 0.0, 10000.0, 0.0, 10000.0
'9/18/2014', 6425.0, 0.0, 10000.0, 0.0, 10000.0
'9/19/2014', 6400.0, 0.0, 10000.0, 0.0, 10000.0
'9/22/2014', 6800.0, 0.0, 10000.0, 0.0, 10000.0
'9/23/2014', 7225.0, 0.0, 10000.0, 0.0, 10000.0
'9/24/2014', 6775.0, 0.0, 10000.0, 0.0, 10000.0
'9/25/2014', 7750.0, 0.0, 10000.0, 0.0, 10000.0
'9/26/2014', 7300.0, 0.0, 10000.0, 0.0, 10000.0
'9/29/2014', 7925.0, 0.0, 10000.0, 0.0, 10000.0
'9/30/2014', 8125.0, 0.0, 10000.0, 0.0, 10000.0
'10/1/2014', 8475.0, 0.0, 10000.0, 0.0, 10000.0
'10/2/2014', 8275.0, 0.0, 10000.0, 0.0, 10000.0
'10/3/2014', 7350.0, 0.0, 10000.0, 0.0, 10000.0
'10/6/2014', 7525.0, 0.0, 10000.0, 0.0, 10000.0
'10/7/2014', 8575.0, 0.0, 10000.0, 0.0, 10000.0
'10/8/2014', 7225.0, 0.0, 10000.0, 0.0, 10000.0
'10/9/2014', 8375.0, 0.0, 10000.0, 0.0, 10000.0
'10/10/2014', 10300.0, 0.0, 10000.0, 0.0, 10000.0
'10/13/2014', 12325.0, 0.0, 10000.0, 0.0, 10000.0
'10/14/2014', 11925.0, 0.0, 10000.0, 0.0, 10000.0
'10/15/2014', 12200.0, 0.0, 10000.0, 0.0, 10000.0
'10/16/2014', 12550.0, 0.0, 10000.0, 0.0, 10000.0
'10/17/2014', 11450.0, 0.0, 10000.0, 0.0, 10000.0
'10/20/2014', 9750.0, 0.0, 10000.0, 0.0, 10000.0
'10/21/2014', 8300.0, 0.0, 10000.0, 0.0, 10000.0
'10/22/2014', 9525.0, 0.0, 10000.0, 0.0, 10000.0
'10/23/2014', 8475.0, 0.0, 10000.0, 0.0, 10000.0
'10/24/2014', 8275.0, 0.0, 10000.0, 0.0, 10000.0
'10/27/2014', 8100.0, 0.0, 10000.0, 0.0, 10000.0
'10/28/2014', 7100.0, 0.0, 10000.0, 0.0, 10000.0
'10/29/2014', 7300.0, 0.0, 10000.0, 0.0, 10000.0
'10/30/2014', 7350.0, 0.0, 10000.0, 0.0, 10000.0
'10/31/2014', 7000.0, 0.0, 10000.0, 0.0, 10000.0
'11/3/2014', 7225.0, 0.0, 10000.0, 0.0, 10000.0
'11/4/2014', 7125.0, 0.0, 10000.0, 0.0, 10000.0
'11/5/2014', 6975.0, 0.0, 10000.0, 0.0, 10000.0
'11/6/2014', 6625.0, 0.0, 10000.0, 0.0, 10000.0
'11/7/2014', 6475.0, 0.0, 10000.0, 0.0, 10000.0
'11/10/2014', 6050.0, 0.0, 10000.0, 0.0, 10000.0
'11/11/2014', 5975.0, 0.0, 10000.0, 0.0, 10000.0
'11/12/2014', 6150.0, 0.0, 10000.0, 0.0, 10000.0
'11/13/2014', 6250.0, 0.0, 10000.0, 0.0, 10000.0
'11/14/2014', 6300.0, 0.0, 10000.0, 0.0, 10000.0
'11/17/2014', 6300.0, 0.0, 10000.0, 0.0, 10000.0
'11/18/2014', 6150.0, 0.0, 10000.0, 0.0, 10000.0
'11/19/2014', 6325.0, 0.0, 10000.0, 0.0, 10000.0
'11/20/2014', 6225.0, 0.0, 10000.0, 0.0, 10000.0
'11/21/2014', 6050.0, 0.0, 10000.0, 0.0, 10000.0
'11/24/2014', 5850.0, 0.0, 10000.0, 0.0, 10000.0
'11/25/2014', 5750.0, 0.0, 10000.0, 0.0, 10000.0
'11/26/2014', 5550.0, 0.0, 10000.0, 0.0, 10000.0
'11/28/2014', 5775.0, 0.0, 10000.0, 0.0, 10000.0
'12/1/2014', 6200.0, 0.0, 10000.0, 0.0, 10000.0
'12/2/2014', 5625.0, 0.0, 10000.0, 0.0, 10000.0
'12/3/2014', 5450.0, 0.0, 10000.0, 0.0, 10000.0
'12/4/2014', 5375.0, 0.0, 10000.0, 0.0, 10000.0
'12/5/2014', 5200.0, 0.0, 10000.0, 0.0, 10000.0
'12/8/2014', 5525.0, 0.0, 10000.0, 0.0, 10000.0
'12/9/2014', 5600.0, 0.0, 10000.0, 0.0, 10000.0
'12/10/2014', 6700.0, 0.0, 10000.0, 0.0, 10000.0
'12/11/2014', 7525.0, 0.0, 10000.0, 0.0, 10000.0
'12/12/2014', 8300.0, 0.0, 10000.0, 0.0, 10000.0
'12/15/2014', 7875.0, 0.0, 10000.0, 0.0, 10000.0
'12/16/2014', 8600.0, 0.0, 10000.0, 0.0, 10000.0
'12/17/2014', 6900.0, 0.0, 10000.0, 0.0, 10000.0
'12/18/2014', 6450.0, 0.0, 10000.0, 0.0, 10000.0
'12/19/2014', 6325.0, 0.0, 10000.0, 0.0, 10000.0
'12/22/2014', 5775.0, 0.0, 10000.0, 0.0, 10000.0
'12/23/2014', 5775.0, 0.0, 10000.0, 0.0, 10000.0
'12/24/2014', 5725.0, 0.0, 10000.0, 0.0, 10000.0
'12/26/2014', 5825.0, 0.0, 10000.0, 0.0, 10000.0
'12/29/2014', 5750.0, 0.0, 10000.0, 0.0, 10000.0
'12/30/2014', 6025.0, 0.0, 10000.0, 0.0, 10000.0
'12/31/2014', 6900.0, 0.0, 10000.0, 0.0, 10000.0
'1/2/2015', 6650.0, 0.0, 10000.0, 0.0, 10000.0
'1/5/2015', 7625.0, 0.0, 10000.0, 0.0, 10000.0
'1/6/2015', 8025.0, 0.0, 10000.0, 0.0, 10000.0
'1/7/2015', 7475.0, 0.0, 10000.0, 0.0, 10000.0
'1/8/2015', 6600.0, 0.0, 10000.0, 0.0, 10000.0
'1/9/2015', 7025.0, 0.0, 10000.0, 0.0, 10000.0
'1/12/2015', 7675.0, 0.0, 10000.0, 0.0, 10000.0
'1/13/2015', 8150.0, 0.0, 10000.0, 0.0, 10000.0
'1/14/2015', 8450.0, 0.0, 10000.0, 0.0, 10000.0
'1/15/2015', 8950.0, 0.0, 10000.0, 0.0, 10000.0
'1/16/2015', 8575.0, 0.0, 10000.0, 0.0, 10000.0
'1/20/2015', 8425.0, 0.0, 10000.0, 0.0, 10000.0
'1/21/2015', 7675.0, 0.0, 10000.0, 0.0, 10000.0
'1/22/2015', 6750.0, 0.0, 10000.0, 0.0, 10000.0
'1/23/2015', 7050.0, 0.0, 10000.0, 0.0, 10000.0
'1/26/2015', 6475.0, 0.0, 10000.0, 0.0, 10000.0
'1/27/2015', 6925.0, 0.0, 10000.0, 0.0, 10000.0
'1/28/2015', 8000.0, 0.0, 10000.0, 0.0, 10000.0
'1/29/2015', 7475.0, 0.0, 10000.0, 0.0, 10000.0
'1/30/2015', 8850.0, 0.0, 10000.0, 0.0, 10000.0
'2/2/2015', 7975.0, 0.0, 10000.0, 0.0, 10000.0
'2/3/2015', 7275.0, 0.0, 10000.0, 0.0, 10000.0
'2/4/2015', 7625.0, 0.0, 10000.0, 0.0, 10000.0
'2/5/2015', 7150.0, 0.0, 10000.0, 0.0, 10000.0
'2/6/2015', 7650.0, 0.0, 10000.0, 0.0, 10000.0
'2/9/2015', 7750.0, 0.0, 10000.0, 0.0, 10000.0
'2/10/2015', 7200.0, 0.0, 10000.0, 0.0, 10000.0
'2/11/2015', 7275.0, 0.0, 10000.0, 0.0, 10000.0
'2/12/2015', 6550.0, 0.0, 10000.0, 0.0, 10000.0
'2/13/2015', 6425.0, 0.0, 10000.0, 0.0, 10000.0
'2/17/2015', 6450.0, 0.0, 10000.0, 0.0, 10000.0
'2/18/2015', 6325.0, 0.0, 10000.0, 0.0, 10000.0
'2/19/2015', 6050.0, 0.0, 10000.0, 0.0, 10000.0
'2/20/2015', 5700.0, 0.0, 10000.0, 0.0, 10000.0
'2/23/2015', 5750.0, 0.0, 10000.0, 0.0, 10000.0
'2/24/2015', 5325.0, 0.0, 10000.0, 0.0, 10000.0
'2/25/2015', 5425.0, 0.0, 10000.0, 0.0, 10000.0
'2/26/2015', 5200.0, 0.0, 10000.0, 0.0, 10000.0
'2/27/2015', 5200.0, 0.0, 10000.0, 0.0, 10000.0
'3/2/2015', 4975.0, 0.0, 10000.0, 0.0, 10000.0
'3/3/2015', 5075.0, 0.0, 10000.0, 0.0, 10000.0
'3/4/2015', 5025.0, 0.0, 10000.0, 0.0, 10000.0
'3/5/2015', 4950.0, 0.0, 10000.0, 0.0, 10000.0
'3/6/2015', 5250.0, 0.0, 10000.0, 0.0, 10000.0
'3/9/2015', 5075.0, 0.0, 10000.0, 0.0, 10000.0
'3/10/2015', 5350.0, 0.0, 10000.0, 0.0, 10000.0
'3/11/2015', 5550.0, 0.0, 10000.0, 0.0, 10000.0
'3/12/2015', 5025.0, 0.0, 10000.0, 0.0, 10000.0
'3/13/2015', 5175.0, 0.0, 10000.0, 0.0, 10000.0
'3/16/2015', 5025.0, 0.0, 10000.0, 0.0, 10000.0
'3/17/2015', 4925.0, 0.0, 10000.0, 0.0, 10000.0
'3/18/2015', 4575.0, 0.0, 10000.0, 0.0, 10000.0
'3/19/2015', 4475.0, 0.0, 10000.0, 0.0, 10000.0
'3/20/2015', 4325.0, 0.0, 10000.0, 0.0, 10000.0
'3/23/2015', 4225.0, 0.0, 10000.0, 0.0, 10000.0
'3/24/2015', 4125.0, 0.0, 10000.0, 0.0, 10000.0
'3/25/2015', 4475.0, 0.0, 10000.0, 0.0, 10000.0
'3/26/2015', 4400.0, 0.0, 10000.0, 0.0, 10000.0
'3/27/2015', 4300.0, 0.0, 10000.0, 0.0, 10000.0
'3/30/2015', 4050.0, 0.0, 10000.0, 0.0, 10000.0
'3/31/2015', 4250.0, 0.0, 10000.0, 0.0, 10000.0
'4/1/2015', 4250.0, 0.0, 10000.0, 0.0, 10000.0
'4/2/2015', 4075.0, 0.0, 10000.0, 0.0, 10000.0
'4/6/2015', 3925.0, 0.0, 10000.0, 0.0, 10000.0
'4/7/2015', 3875.0, 0.0, 10000.0, 0.0, 10000.0
'4/8/2015', 3750.0, 0.0, 10000.0, 0.0, 10000.0
'4/9/2015', 3500.0, 0.0, 10000.0, 0.0, 10000.0
'4/10/2015', 3175.0, 0.0, 10000.0, 0.0, 10000.0
'4/13/2015', 3350.0, 0.0, 10000.0, 0.0, 10000.0
'4/14/2015', 3275.0, 0.0, 10000.0, 0.0, 10000.0
'4/15/2015', 3125.0, 0.0, 10000.0, 0.0, 10000.0
'4/16/2015', 3000.0, 0.0, 10000.0, 0.0, 10000.0
'4/17/2015', 3175.0, 0.0, 10000.0, 0.0, 10000.0
'4/20/2015', 2975.0, 0.0, 10000.0, 0.0, 10000.0
'4/21/2015', 2975.0, 0.0, 10000.0, 0.0, 10000.0
'4/22/2015', 2950.0, 0.0, 10000.0, 0.0, 10000.0
'4/23/2015', 2900.0, 0.0, 10000.0, 0.0, 10000.0
'4/24/2015', 2825.0, 0.0, 10000.0, 0.0, 10000.0
'4/27/2015', 3000.0, 0.0, 10000.0, 0.0, 10000.0
'4/28/2015', 2800.0, 0.0, 10000.0, 0.0, 10000.0
'4/29/2015', 2950.0, 0.0, 10000.0, 0.0, 10000.0
'4/30/2015', 3050.0, 0.0, 10000.0, 0.0, 10000.0
'5/1/2015', 2825.0, 0.0, 10000.0, 0.0, 10000.0
'5/4/2015', 2825.0, 0.0, 10000.0, 0.0, 10000.0
'5/5/2015', 2950.0, 0.0, 10000.0, 0.0, 10000.0
'5/6/2015', 3075.0, 0.0, 10000.0, 0.0, 10000.0
'5/7/2015', 3000.0, 0.0, 10000.0, 0.0, 10000.0
'5/8/2015', 2725.0, 0.0, 10000.0, 0.0, 10000.0
'5/11/2015', 2850.0, 0.0, 10000.0, 0.0, 10000.0
'5/12/2015', 2825.0, 0.0, 10000.0, 0.0, 10000.0
'5/13/2015', 2750.0, 0.0, 10000.0, 0.0, 10000.0
'5/14/2015', 2625.0, 0.0, 10000.0, 0.0, 10000.0
'5/15/2015', 2600.0, 0.0, 10000.0, 0.0, 10000.0
'5/18/2015', 2425.0, 0.0, 10000.0, 0.0, 10000.0
'5/19/2015', 2325.0, 0.0, 10000.0, 0.0, 10000.0
'5/20/2015', 2325.0, 0.0, 10000.0, 0.0, 10000.0
'5/21/2015', 2200.0, 0.0, 10000.0, 0.0, 10000.0
'5/22/2015', 2200.0, 0.0, 10000.0, 0.0, 10000.0
'5/26/2015', 2350.0, 0.0, 10000.0, 0.0, 10000.0
'5/27/2015', 2175.0, 0.0, 10000.0, 0.0, 10000.0
'5/28/2015', 2225.0, 0.0, 10000.0, 0.0, 10000.0
'5/29/2015', 2225.0, 0.0, 10000.0, 0.0, 10000.0
'6/1/2015', 2200.0, 0.0, 10000.0, 0.0, 10000.0
'6/2/2015', 2250.0, 0.0, 10000.0, 0.0, 10000.0
'6/3/2015', 2200.0, 0.0, 10000.0, 0.0, 10000.0
'6/4/2015', 2350.0, 0.0, 10000.0, 0.0, 10000.0
'6/5/2015', 2275.0, 0.0, 10000.0, 0.0, 10000.0
'6/8/2015', 2325.0, 0.0, 10000.0, 0.0, 10000.0
'6/9/2015', 2275.0, 0.0, 10000.0, 0.0, 10000.0
'6/10/2015', 2100.0, 0.0, 10000.0, 0.0, 10000.0
'6/11/2015', 2025.0, 0.0, 10000.0, 0.0, 10000.0
'6/12/2015', 2075.0, 0.0, 10000.0, 0.0, 10000.0
'6/15/2015', 2225.0, 0.0, 10000.0, 0.0, 10000.0
'6/16/2015', 2150.0, 0.0, 10000.0, 0.0, 10000.0
'6/17/2015', 2125.0, 0.0, 10000.0, 0.0, 10000.0
'6/18/2015', 2000.0, 0.0, 10000.0, 0.0, 10000.0
'6/19/2015', 2050.0, 0.0, 10000.0, 0.0, 10000.0
'6/22/2015', 1875.0, 0.0, 10000.0, 0.0, 10000.0
'6/23/2015', 1750.0, 0.0, 10000.0, 0.0, 10000.0
'6/24/2015', 1810.0, 0.0, 10000.0, 0.0, 10000.0
'6/25/2015', 1842.5, 0.0, 10000.0, 0.0, 10000.0
'6/26/2015', 1820.0, 0.0, 10000.0, 0.0, 10000.0
'6/29/2015', 2435.0, 0.0, 10000.0, 0.0, 10000.0
'6/30/2015', 2400.0, 0.0, 10000.0, 0.0, 10000.0
'7/1/2015', 2072.5, 0.0, 10000.0, 0.0, 10000.0
'7/2/2015', 2325.0, 0.0, 10000.0, 0.0, 10000.0
'7/6/2015', 2445.0, 0.0, 10000.0, 0.0, 10000.0
'7/7/2015', 2197.5, 0.0, 10000.0, 0.0, 10000.0
'7/8/2015', 2627.5, 0.0, 10000.0, 0.0, 10000.0
'7/9/2015', 2677.5, 0.0, 10000.0, 0.0, 10000.0
'7/10/2015', 2252.5, 0.0, 10000.0, 0.0, 10000.0
'7/13/2015', 1815.0, 0.0, 10000.0, 0.0, 10000.0
'7/14/2015', 1782.5, 0.0, 10000.0, 0.0, 10000.0
'7/15/2015', 1770.0, 0.0, 10000.0, 0.0, 10000.0
'7/16/2015', 1545.0, 0.0, 10000.0, 0.0, 10000.0
'7/17/2015', 1512.5, 0.0, 10000.0, 0.0, 10000.0
'7/20/2015', 1500.0, 0.0, 10000.0, 0.0, 10000.0
'7/21/2015', 1472.5, 0.0, 10000.0, 0.0, 10000.0
'7/22/2015', 1457.5, 0.0, 10000.0, 0.0, 10000.0
'7/23/2015', 1492.5, 0.0, 10000.0, 0.0, 10000.0
'7/24/2015', 1590.0, 0.0, 10000.0, 0.0, 10000.0
'7/27/2015', 1757.5, 0.0, 10000.0, 0.0, 10000.0
'7/28/2015', 1502.5, 0.0, 10000.0, 0.0, 10000.0
'7/29/2015', 1455.0, 0.0, 10000.0, 0.0, 10000.0
'7/30/2015', 1430.0, 0.0, 10000.0, 0.0, 10000.0
'7/31/2015', 1425.0, 0.0, 10000.0, 0.0, 10000.0
'8/3/2015', 1385.0, 0.0, 10000.0, 0.0, 10000.0
'8/4/2015', 1385.0, 0.0, 10000.0, 0.0, 10000.0
'8/5/2015', 1370.0, 0.0, 10000.0, 0.0, 10000.0
'8/6/2015', 1472.5, 0.0, 10000.0, 0.0, 10000.0
'8/7/2015', 1437.5, 0.0, 10000.0, 0.0, 10000.0
'8/10/2015', 1332.5, 0.0, 10000.0, 0.0, 10000.0
'8/11/2015', 1447.5, 0.0, 10000.0, 0.0, 10000.0
'8/12/2015', 1452.5, 0.0, 10000.0, 0.0, 10000.0
'8/13/2015', 1415.0, 0.0, 10000.0, 0.0, 10000.0
'8/14/2015', 1415.0, 0.0, 10000.0, 0.0, 10000.0
'8/17/2015', 1375.0, 0.0, 10000.0, 0.0, 10000.0
'8/18/2015', 1410.0, 0.0, 10000.0, 0.0, 10000.0
'8/19/2015', 1465.0, 0.0, 10000.0, 0.0, 10000.0
'8/20/2015', 1712.5, 0.0, 10000.0, 0.0, 10000.0
'8/21/2015', 2292.5, 0.0, 10000.0, 0.0, 10000.0
'8/24/2015', 3140.0, 0.0, 10000.0, 0.0, 10000.0
'8/25/2015', 3652.5, 0.0, 10000.0, 0.0, 10000.0
'8/26/2015', 2985.0, 0.0, 10000.0, 0.0, 10000.0
'8/27/2015', 3105.0, 0.0, 10000.0, 0.0, 10000.0
'8/28/2015', 3450.0, 0.0, 10000.0, 0.0, 10000.0
'8/31/2015', 3695.0, 0.0, 10000.0, 0.0, 10000.0
'9/1/2015', 4847.5, 0.0, 10000.0, 0.0, 10000.0
'9/2/2015', 3767.5, 0.0, 10000.0, 0.0, 10000.0
'9/3/2015', 3732.5, 0.0, 10000.0, 0.0, 10000.0
'9/4/2015', 4245.0, 0.0, 10000.0, 0.0, 10000.0
'9/8/2015', 3507.5, 0.0, 10000.0, 0.0, 10000.0
'9/9/2015', 3667.5, 0.0, 10000.0, 0.0, 10000.0
'9/10/2015', 3475.0, 0.0, 10000.0, 0.0, 10000.0
'9/11/2015', 3315.0, 0.0, 10000.0, 0.0, 10000.0
'9/14/2015', 3322.5, 0.0, 10000.0, 0.0, 10000.0
'9/15/2015', 2665.0, 0.0, 10000.0, 0.0, 10000.0
'9/16/2015', 2345.0, 3.0, 2965.0, 7035.0, 10000.0
'9/17/2015', 2320.0, 3.0, 2965.0, 6960.0, 9925.0
'9/18/2015', 2892.5, 3.0, 2965.0, 8677.5, 11642.5
'9/21/2015', 2517.5, 3.0, 2965.0, 7552.5, 10517.5
'9/22/2015', 2777.5, 3.0, 2965.0, 8332.5, 11297.5
'9/23/2015', 2642.5, 3.0, 2965.0, 7927.5, 10892.5
'9/24/2015', 2795.0, 3.0, 2965.0, 8385.0, 11350.0
'9/25/2015', 2937.5, 3.0, 2965.0, 8812.5, 11777.5
'9/28/2015', 3340.0, 3.0, 2965.0, 10020.0, 12985.0
'9/29/2015', 3362.5, 0.0, 13052.5, 0.0, 13052.5
'9/30/2015', 3045.0, 0.0, 13052.5, 0.0, 13052.5
'10/1/2015', 2987.5, 0.0, 13052.5, 0.0, 13052.5
'10/2/2015', 2680.0, 0.0, 13052.5, 0.0, 13052.5
'10/5/2015', 2370.0, 0.0, 13052.5, 0.0, 13052.5
'10/6/2015', 2417.5, 0.0, 13052.5, 0.0, 13052.5
'10/7/2015', 2305.0, 0.0, 13052.5, 0.0, 13052.5
'10/8/2015', 2090.0, 0.0, 13052.5, 0.0, 13052.5
'10/9/2015', 2095.0, 0.0, 13052.5, 0.0, 13052.5
'10/12/2015', 1857.5, 0.0, 13052.5, 0.0, 13052.5
'10/13/2015', 2015.0, 0.0, 13052.5, 0.0, 13052.5
'10/14/2015', 2095.0, 0.0, 13052.5, 0.0, 13052.5
'10/15/2015', 1815.0, 0.0, 13052.5, 0.0, 13052.5
'10/16/2015', 1772.5, 0.0, 13052.5, 0.0, 13052.5
'10/19/2015', 1537.5, 0.0, 13052.5, 0.0, 13052.5
'10/20/2015', 1625.0, 0.0, 13052.5, 0.0, 13052.5
'10/21/2015', 1845.0, 0.0, 13052.5, 0.0, 13052.5
'10/22/2015', 1530.0, 0.0, 13052.5, 0.0, 13052.5
'10/23/2015', 1545.0, 0.0, 13052.5, 0.0, 13052.5
'10/26/2015', 1630.0, 0.0, 13052.5, 0.0, 13052.5
'10/27/2015', 1567.5, 0.0, 13052.5, 0.0, 13052.5
'10/28/2015', 1480.0, 0.0, 13052.5, 0.0, 13052.5
'10/29/2015', 1520.0, 0.0, 13052.5, 0.0, 13052.5
'10/30/2015', 1557.5, 0.0, 13052.5, 0.0, 13052.5
'11/2/2015', 1412.5, 0.0, 13052.5, 0.0, 13052.5
'11/3/2015', 1470.0, 0.0, 13052.5, 0.0, 13052.5
'11/4/2015', 1555.0, 0.0, 13052.5, 0.0, 13052.5
'11/5/2015', 1490.0, 0.0, 13052.5, 0.0, 13052.5
'11/6/2015', 1430.0, 0.0, 13052.5, 0.0, 13052.5
'11/9/2015', 1570.0, 0.0, 13052.5, 0.0, 13052.5
'11/10/2015', 1485.0, 0.0, 13052.5, 0.0, 13052.5
'11/11/2015', 1542.5, 0.0, 13052.5, 0.0, 13052.5
'11/12/2015', 1817.5, 0.0, 13052.5, 0.0, 13052.5
'11/13/2015', 2057.5, 0.0, 13052.5, 0.0, 13052.5
'11/16/2015', 1655.0, 0.0, 13052.5, 0.0, 13052.5
'11/17/2015', 1817.5, 0.0, 13052.5, 0.0, 13052.5
'11/18/2015', 1600.0, 0.0, 13052.5, 0.0, 13052.5
'11/19/2015', 1702.5, 0.0, 13052.5, 0.0, 13052.5
'11/20/2015', 1590.0, 0.0, 13052.5, 0.0, 13052.5
'11/23/2015', 1505.0, 0.0, 13052.5, 0.0, 13052.5
'11/24/2015', 1525.0, 0.0, 13052.5, 0.0, 13052.5
'11/25/2015', 1480.0, 0.0, 13052.5, 0.0, 13052.5
'11/27/2015', 1512.5, 0.0, 13052.5, 0.0, 13052.5
'11/30/2015', 1490.0, 0.0, 13052.5, 0.0, 13052.5
'12/1/2015', 1380.0, 0.0, 13052.5, 0.0, 13052.5
'12/2/2015', 1472.5, 0.0, 13052.5, 0.0, 13052.5
'12/3/2015', 1667.5, 0.0, 13052.5, 0.0, 13052.5
'12/4/2015', 1385.0, 0.0, 13052.5, 0.0, 13052.5
'12/7/2015', 1442.5, 0.0, 13052.5, 0.0, 13052.5
'12/8/2015', 1522.5, 0.0, 13052.5, 0.0, 13052.5
'12/9/2015', 1642.5, 0.0, 13052.5, 0.0, 13052.5
'12/10/2015', 1682.5, 0.0, 13052.5, 0.0, 13052.5
'12/11/2015', 2182.5, 0.0, 13052.5, 0.0, 13052.5
'12/14/2015', 1855.0, 0.0, 13052.5, 0.0, 13052.5
'12/15/2015', 1710.0, 0.0, 13052.5, 0.0, 13052.5
'12/16/2015', 1482.5, 0.0, 13052.5, 0.0, 13052.5
'12/17/2015', 1605.0, 0.0, 13052.5, 0.0, 13052.5
'12/18/2015', 1862.5, 0.0, 13052.5, 0.0, 13052.5
'12/21/2015', 1682.5, 0.0, 13052.5, 0.0, 13052.5
'12/22/2015', 1527.5, 0.0, 13052.5, 0.0, 13052.5
'12/23/2015', 1462.5, 0.0, 13052.5, 0.0, 13052.5
'12/24/2015', 1507.5, 0.0, 13052.5, 0.0, 13052.5
'12/28/2015', 1465.0, 0.0, 13052.5, 0.0, 13052.5
'12/29/2015', 1440.0, 0.0, 13052.5, 0.0, 13052.5
'12/30/2015', 1510.0, 0.0, 13052.5, 0.0, 13052.5
'12/31/2015', 1565.0, 0.0, 13052.5, 0.0, 13052.5
'1/4/2016', 1762.5, 0.0, 13052.5, 0.0, 13052.5
'1/5/2016', 1652.5, 0.0, 13052.5, 0.0, 13052.5
'1/6/2016', 1750.0, 0.0, 13052.5, 0.0, 13052.5
'1/7/2016', 2132.5, 0.0, 13052.5, 0.0, 13052.5
'1/8/2016', 2350.0, 0.0, 13052.5, 0.0, 13052.5
'1/11/2016', 2195.0, 0.0, 13052.5, 0.0, 13052.5
'1/12/2016', 1987.5, 0.0, 13052.5, 0.0, 13052.5
'1/13/2016', 2385.0, 0.0, 13052.5, 0.0, 13052.5
'1/14/2016', 2197.5, 0.0, 13052.5, 0.0, 13052.5
'1/15/2016', 2645.0, 0.0, 13052.5, 0.0, 13052.5
'1/19/2016', 2645.0, 0.0, 13052.5, 0.0, 13052.5
'1/20/2016', 2772.5, 0.0, 13052.5, 0.0, 13052.5
'1/21/2016', 2755.0, 0.0, 13052.5, 0.0, 13052.5
'1/22/2016', 2290.0, 0.0, 13052.5, 0.0, 13052.5
'1/25/2016', 2517.5, 0.0, 13052.5, 0.0, 13052.5
'1/26/2016', 2277.5, 0.0, 13052.5, 0.0, 13052.5
'1/27/2016', 2462.5, 0.0, 13052.5, 0.0, 13052.5
'1/28/2016', 2300.0, 0.0, 13052.5, 0.0, 13052.5
'1/29/2016', 2112.5, 0.0, 13052.5, 0.0, 13052.5
'2/1/2016', 2060.0, 5.0, 2752.5, 10300.0, 13052.5
'2/2/2016', 2330.0, 5.0, 2752.5, 11650.0, 14402.5
'2/3/2016', 2275.0, 0.0, 14127.5, 0.0, 14127.5
'2/4/2016', 2320.0, 0.0, 14127.5, 0.0, 14127.5
'2/5/2016', 2507.5, 0.0, 14127.5, 0.0, 14127.5
'2/8/2016', 2742.5, 0.0, 14127.5, 0.0, 14127.5
'2/9/2016', 2795.0, 0.0, 14127.5, 0.0, 14127.5
'2/10/2016', 2835.0, 0.0, 14127.5, 0.0, 14127.5
'2/11/2016', 3185.0, 0.0, 14127.5, 0.0, 14127.5
'2/12/2016', 2917.5, 0.0, 14127.5, 0.0, 14127.5
'2/16/2016', 2655.0, 0.0, 14127.5, 0.0, 14127.5
'2/17/2016', 2442.5, 0.0, 14127.5, 0.0, 14127.5
'2/18/2016', 2432.5, 0.0, 14127.5, 0.0, 14127.5
'2/19/2016', 2307.5, 0.0, 14127.5, 0.0, 14127.5
'2/22/2016', 2045.0, 0.0, 14127.5, 0.0, 14127.5
'2/23/2016', 2252.5, 0.0, 14127.5, 0.0, 14127.5
'2/24/2016', 2222.5, 0.0, 14127.5, 0.0, 14127.5
'2/25/2016', 2077.5, 0.0, 14127.5, 0.0, 14127.5
'2/26/2016', 2127.5, 0.0, 14127.5, 0.0, 14127.5
'2/29/2016', 2192.5, 0.0, 14127.5, 0.0, 14127.5
'3/1/2016', 1840.0, 0.0, 14127.5, 0.0, 14127.5
'3/2/2016', 1757.5, 0.0, 14127.5, 0.0, 14127.5
'3/3/2016', 1652.5, 0.0, 14127.5, 0.0, 14127.5
'3/4/2016', 1690.0, 0.0, 14127.5, 0.0, 14127.5
'3/7/2016', 1695.0, 0.0, 14127.5, 0.0, 14127.5
'3/8/2016', 1812.5, 0.0, 14127.5, 0.0, 14127.5
'3/9/2016', 1767.5, 0.0, 14127.5, 0.0, 14127.5
'3/10/2016', 1712.5, 0.0, 14127.5, 0.0, 14127.5
'3/11/2016', 1562.5, 0.0, 14127.5, 0.0, 14127.5
'3/14/2016', 1515.0, 0.0, 14127.5, 0.0, 14127.5
'3/15/2016', 1545.0, 0.0, 14127.5, 0.0, 14127.5
'3/16/2016', 1450.0, 0.0, 14127.5, 0.0, 14127.5
'3/17/2016', 1370.0, 0.0, 14127.5, 0.0, 14127.5
'3/18/2016', 1362.5, 0.0, 14127.5, 0.0, 14127.5
'3/21/2016', 1245.0, 0.0, 14127.5, 0.0, 14127.5
'3/22/2016', 1202.5, 0.0, 14127.5, 0.0, 14127.5
'3/23/2016', 1310.0, 0.0, 14127.5, 0.0, 14127.5
'3/24/2016', 1302.5, 0.0, 14127.5, 0.0, 14127.5
'3/28/2016', 1270.0, 0.0, 14127.5, 0.0, 14127.5
'3/29/2016', 1150.0, 0.0, 14127.5, 0.0, 14127.5
'3/30/2016', 1087.5, 0.0, 14127.5, 0.0, 14127.5
'3/31/2016', 1097.5, 0.0, 14127.5, 0.0, 14127.5
'4/1/2016', 1047.5, 0.0, 14127.5, 0.0, 14127.5
'4/4/2016', 1090.0, 0.0, 14127.5, 0.0, 14127.5
'4/5/2016', 1200.0, 0.0, 14127.5, 0.0, 14127.5
'4/6/2016', 1065.0, 0.0, 14127.5, 0.0, 14127.5
'4/7/2016', 1240.0, 0.0, 14127.5, 0.0, 14127.5
'4/8/2016', 1177.5, 0.0, 14127.5, 0.0, 14127.5
'4/11/2016', 1215.0, 0.0, 14127.5, 0.0, 14127.5
'4/12/2016', 1137.5, 0.0, 14127.5, 0.0, 14127.5
'4/13/2016', 1040.0, 0.0, 14127.5, 0.0, 14127.5
'4/14/2016', 1032.5, 0.0, 14127.5, 0.0, 14127.5
'4/15/2016', 997.5, 0.0, 14127.5, 0.0, 14127.5
'4/18/2016', 875.0, 0.0, 14127.5, 0.0, 14127.5
'4/19/2016', 887.5, 0.0, 14127.5, 0.0, 14127.5
'4/20/2016', 895.0, 0.0, 14127.5, 0.0, 14127.5
'4/21/2016', 930.0, 0.0, 14127.5, 0.0, 14127.5
'4/22/2016', 885.0, 0.0, 14127.5, 0.0, 14127.5
'4/25/2016', 902.5, 0.0, 14127.5, 0.0, 14127.5
'4/26/2016', 867.5, 0.0, 14127.5, 0.0, 14127.5
'4/27/2016', 807.5, 0.0, 14127.5, 0.0, 14127.5
'4/28/2016', 905.0, 0.0, 14127.5, 0.0, 14127.5
'4/29/2016', 957.5, 0.0, 14127.5, 0.0, 14127.5
'5/2/2016', 850.0, 0.0, 14127.5, 0.0, 14127.5
'5/3/2016', 917.5, 0.0, 14127.5, 0.0, 14127.5
'5/4/2016', 942.5, 0.0, 14127.5, 0.0, 14127.5
'5/5/2016', 937.5, 0.0, 14127.5, 0.0, 14127.5
'5/6/2016', 862.5, 0.0, 14127.5, 0.0, 14127.5
'5/9/2016', 820.0, 0.0, 14127.5, 0.0, 14127.5
'5/10/2016', 742.5, 0.0, 14127.5, 0.0, 14127.5
'5/11/2016', 787.5, 0.0, 14127.5, 0.0, 14127.5
'5/12/2016', 765.0, 0.0, 14127.5, 0.0, 14127.5
'5/13/2016', 817.5, 0.0, 14127.5, 0.0, 14127.5
'5/16/2016', 747.5, 0.0, 14127.5, 0.0, 14127.5
'5/17/2016', 807.5, 0.0, 14127.5, 0.0, 14127.5
'5/18/2016', 802.5, 0.0, 14127.5, 0.0, 14127.5
'5/19/2016', 807.5, 0.0, 14127.5, 0.0, 14127.5
'5/20/2016', 755.0, 0.0, 14127.5, 0.0, 14127.5
'5/23/2016', 757.5, 0.0, 14127.5, 0.0, 14127.5
'5/24/2016', 690.0, 0.0, 14127.5, 0.0, 14127.5
'5/25/2016', 665.0, 0.0, 14127.5, 0.0, 14127.5
'5/26/2016', 647.5, 0.0, 14127.5, 0.0, 14127.5
'5/27/2016', 610.0, 0.0, 14127.5, 0.0, 14127.5
'5/31/2016', 605.0, 0.0, 14127.5, 0.0, 14127.5
'6/1/2016', 597.5, 0.0, 14127.5, 0.0, 14127.5
'6/2/2016', 570.0, 0.0, 14127.5, 0.0, 14127.5
'6/3/2016', 560.0, 0.0, 14127.5, 0.0, 14127.5
'6/6/2016', 545.0, 0.0, 14127.5, 0.0, 14127.5
'6/7/2016', 547.5, 0.0, 14127.5, 0.0, 14127.5
'6/8/2016', 555.0, 0.0, 14127.5, 0.0, 14127.5
'6/9/2016', 575.0, 0.0, 14127.5, 0.0, 14127.5
'6/10/2016', 675.0, 0.0, 14127.5, 0.0, 14127.5
'6/13/2016', 870.0, 0.0, 14127.5, 0.0, 14127.5
'6/14/2016', 825.0, 0.0, 14127.5, 0.0, 14127.5
'6/15/2016', 812.5, 0.0, 14127.5, 0.0, 14127.5
'6/16/2016', 772.5, 0.0, 14127.5, 0.0, 14127.5
'6/17/2016', 775.0, 0.0, 14127.5, 0.0, 14127.5
'6/20/2016', 667.5, 0.0, 14127.5, 0.0, 14127.5
'6/21/2016', 675.0, 0.0, 14127.5, 0.0, 14127.5
'6/22/2016', 720.0, 0.0, 14127.5, 0.0, 14127.5
'6/23/2016', 587.5, 0.0, 14127.5, 0.0, 14127.5
'6/24/2016', 827.5, 0.0, 14127.5, 0.0, 14127.5
'6/27/2016', 810.0, 0.0, 14127.5, 0.0, 14127.5
'6/28/2016', 640.0, 0.0, 14127.5, 0.0, 14127.5
'6/29/2016', 570.0, 0.0, 14127.5, 0.0, 14127.5
'6/30/2016', 545.0, 0.0, 14127.5, 0.0, 14127.5
'7/1/2016', 512.5, 0.0, 14127.5, 0.0, 14127.5
'7/5/2016', 517.5, 0.0, 14127.5, 0.0, 14127.5
'7/6/2016', 487.5, 0.0, 14127.5, 0.0, 14127.5
'7/7/2016', 472.5, 0.0, 14127.5, 0.0, 14127.5
'7/8/2016', 415.0, 0.0, 14127.5, 0.0, 14127.5
'7/11/2016', 412.5, 0.0, 14127.5, 0.0, 14127.5
'7/12/2016', 397.5, 0.0, 14127.5, 0.0, 14127.5
'7/13/2016', 380.0, 0.0, 14127.5, 0.0, 14127.5
'7/14/2016', 377.5, 0.0, 14127.5, 0.0, 14127.5
'7/15/2016', 380.0, 0.0, 14127.5, 0.0, 14127.5
'7/18/2016', 360.0, 0.0, 14127.5, 0.0, 14127.5
'7/19/2016', 355.0, 0.0, 14127.5, 0.0, 14127.5
'7/20/2016', 337.5, 0.0, 14127.5, 0.0, 14127.5
'7/21/2016', 357.5, 0.0, 14127.5, 0.0, 14127.5
'7/22/2016', 340.0, 0.0, 14127.5, 0.0, 14127.5
'7/25/2016', 332.5, 0.0, 14127.5, 0.0, 14127.5
'7/26/2016', 332.5, 0.0, 14127.5, 0.0, 14127.5
'7/27/2016', 312.5, 0.0, 14127.5, 0.0, 14127.5
'7/28/2016', 297.5, 0.0, 14127.5, 0.0, 14127.5
'7/29/2016', 277.5, 0.0, 14127.5, 0.0, 14127.5
'8/1/2016', 272.5, 0.0, 14127.5, 0.0, 14127.5
'8/2/2016', 290.0, 0.0, 14127.5, 0.0, 14127.5
'8/3/2016', 277.5, 0.0, 14127.5, 0.0, 14127.5
'8/4/2016', 262.5, 0.0, 14127.5, 0.0, 14127.5
'8/5/2016', 242.5, 0.0, 14127.5, 0.0, 14127.5
'8/8/2016', 230.0, 0.0, 14127.5, 0.0, 14127.5
'8/9/2016', 222.899994, 0.0, 14127.5, 0.0, 14127.5
'8/10/2016', 233.300003, 0.0, 14127.5, 0.0, 14127.5
'8/11/2016', 231.0, 0.0, 14127.5, 0.0, 14127.5
'8/12/2016', 226.800003, 0.0, 14127.5, 0.0, 14127.5
'8/15/2016', 219.199997, 0.0, 14127.5, 0.0, 14127.5
'8/16/2016', 234.600006, 0.0, 14127.5, 0.0, 14127.5
'8/17/2016', 222.300003, 0.0, 14127.5, 0.0, 14127.5
'8/18/2016', 214.899994, 0.0, 14127.5, 0.0, 14127.5
'8/19/2016', 216.600006, 0.0, 14127.5, 0.0, 14127.5
'8/22/2016', 218.300003, 0.0, 14127.5, 0.0, 14127.5
'8/23/2016', 217.300003, 0.0, 14127.5, 0.0, 14127.5
'8/24/2016', 226.399994, 0.0, 14127.5, 0.0, 14127.5
'8/25/2016', 226.899994, 0.0, 14127.5, 0.0, 14127.5
'8/26/2016', 228.199997, 0.0, 14127.5, 0.0, 14127.5
'8/29/2016', 218.800003, 0.0, 14127.5, 0.0, 14127.5
'8/30/2016', 215.600006, 0.0, 14127.5, 0.0, 14127.5
'8/31/2016', 217.699997, 0.0, 14127.5, 0.0, 14127.5
'9/1/2016', 215.699997, 0.0, 14127.5, 0.0, 14127.5
'9/2/2016', 200.399994, 0.0, 14127.5, 0.0, 14127.5
'9/6/2016', 189.5, 0.0, 14127.5, 0.0, 14127.5
'9/7/2016', 184.699997, 0.0, 14127.5, 0.0, 14127.5
'9/8/2016', 186.199997, 0.0, 14127.5, 0.0, 14127.5
'9/9/2016', 245.699997, 0.0, 14127.5, 0.0, 14127.5
'9/12/2016', 211.699997, 0.0, 14127.5, 0.0, 14127.5
'9/13/2016', 269.299988, 0.0, 14127.5, 0.0, 14127.5
'9/14/2016', 268.0, 0.0, 14127.5, 0.0, 14127.5
'9/15/2016', 247.300003, 0.0, 14127.5, 0.0, 14127.5
'9/16/2016', 240.899994, 0.0, 14127.5, 0.0, 14127.5
'9/19/2016', 228.300003, 0.0, 14127.5, 0.0, 14127.5
'9/20/2016', 225.100006, 0.0, 14127.5, 0.0, 14127.5
'9/21/2016', 189.899994, 0.0, 14127.5, 0.0, 14127.5
'9/22/2016', 177.800003, 0.0, 14127.5, 0.0, 14127.5
'9/23/2016', 180.5, 0.0, 14127.5, 0.0, 14127.5
'9/26/2016', 199.899994, 0.0, 14127.5, 0.0, 14127.5
'9/27/2016', 179.399994, 0.0, 14127.5, 0.0, 14127.5
'9/28/2016', 174.899994, 0.0, 14127.5, 0.0, 14127.5
'9/29/2016', 196.399994, 0.0, 14127.5, 0.0, 14127.5
'9/30/2016', 181.5, 0.0, 14127.5, 0.0, 14127.5
'10/3/2016', 179.800003, 0.0, 14127.5, 0.0, 14127.5
'10/4/2016', 178.899994, 0.0, 14127.5, 0.0, 14127.5
'10/5/2016', 176.0, 0.0, 14127.5, 0.0, 14127.5
'10/6/2016', 173.300003, 0.0, 14127.5, 0.0, 14127.5
'10/7/2016', 173.5, 0.0, 14127.5, 0.0, 14127.5
'10/10/2016', 165.600006, 0.0, 14127.5, 0.0, 14127.5
'10/11/2016', 183.5, 0.0, 14127.5, 0.0, 14127.5
'10/12/2016', 184.399994, 0.0, 14127.5, 0.0, 14127.5
'10/13/2016', 195.600006, 0.0, 14127.5, 0.0, 14127.5
'10/14/2016', 191.5, 0.0, 14127.5, 0.0, 14127.5
'10/17/2016', 189.699997, 0.0, 14127.5, 0.0, 14127.5
'10/18/2016', 174.5, 0.0, 14127.5, 0.0, 14127.5
'10/19/2016', 166.800003, 0.0, 14127.5, 0.0, 14127.5
'10/20/2016', 162.399994, 0.0, 14127.5, 0.0, 14127.5
'10/21/2016', 155.800003, 0.0, 14127.5, 0.0, 14127.5
'10/24/2016', 144.600006, 0.0, 14127.5, 0.0, 14127.5
'10/25/2016', 147.100006, 0.0, 14127.5, 0.0, 14127.5
'10/26/2016', 154.100006, 0.0, 14127.5, 0.0, 14127.5
'10/27/2016', 159.600006, 0.0, 14127.5, 0.0, 14127.5
'10/28/2016', 172.899994, 0.0, 14127.5, 0.0, 14127.5
'10/31/2016', 180.300003, 0.0, 14127.5, 0.0, 14127.5
'11/1/2016', 190.800003, 0.0, 14127.5, 0.0, 14127.5
'11/2/2016', 199.399994, 0.0, 14127.5, 0.0, 14127.5
'11/3/2016', 221.699997, 0.0, 14127.5, 0.0, 14127.5
'11/4/2016', 222.0, 0.0, 14127.5, 0.0, 14127.5
'11/7/2016', 165.199997, 0.0, 14127.5, 0.0, 14127.5
'11/8/2016', 155.0, 0.0, 14127.5, 0.0, 14127.5
'11/9/2016', 147.0, 0.0, 14127.5, 0.0, 14127.5
'11/10/2016', 153.399994, 0.0, 14127.5, 0.0, 14127.5
'11/11/2016', 147.600006, 0.0, 14127.5, 0.0, 14127.5
'11/14/2016', 146.199997, 0.0, 14127.5, 0.0, 14127.5
'11/15/2016', 133.5, 0.0, 14127.5, 0.0, 14127.5
'11/16/2016', 135.0, 0.0, 14127.5, 0.0, 14127.5
'11/17/2016', 127.099998, 0.0, 14127.5, 0.0, 14127.5
'11/18/2016', 125.699997, 0.0, 14127.5, 0.0, 14127.5
'11/21/2016', 114.300003, 0.0, 14127.5, 0.0, 14127.5
'11/22/2016', 116.400002, 0.0, 14127.5, 0.0, 14127.5
'11/23/2016', 116.5, 0.0, 14127.5, 0.0, 14127.5
'11/25/2016', 115.300003, 0.0, 14127.5, 0.0, 14127.5
'11/28/2016', 117.300003, 0.0, 14127.5, 0.0, 14127.5
'11/29/2016', 115.800003, 0.0, 14127.5, 0.0, 14127.5
'11/30/2016', 115.099998, 0.0, 14127.5, 0.0, 14127.5
'12/1/2016', 124.300003, 0.0, 14127.5, 0.0, 14127.5
'12/2/2016', 124.5, 0.0, 14127.5, 0.0, 14127.5
'12/5/2016', 108.300003, 0.0, 14127.5, 0.0, 14127.5
'12/6/2016', 100.699997, 0.0, 14127.5, 0.0, 14127.5
'12/7/2016', 101.199997, 0.0, 14127.5, 0.0, 14127.5
'12/8/2016', 101.5, 0.0, 14127.5, 0.0, 14127.5
'12/9/2016', 99.599998, 0.0, 14127.5, 0.0, 14127.5
'12/12/2016', 101.199997, 0.0, 14127.5, 0.0, 14127.5
'12/13/2016', 102.800003, 0.0, 14127.5, 0.0, 14127.5
'12/14/2016', 102.0, 0.0, 14127.5, 0.0, 14127.5
'12/15/2016', 99.199997, 0.0, 14127.5, 0.0, 14127.5
'12/16/2016', 96.599998, 0.0, 14127.5, 0.0, 14127.5
'12/19/2016', 89.900002, 0.0, 14127.5, 0.0, 14127.5
'12/20/2016', 86.5, 0.0, 14127.5, 0.0, 14127.5
'12/21/2016', 83.699997, 0.0, 14127.5, 0.0, 14127.5
'12/22/2016', 86.5, 0.0, 14127.5, 0.0, 14127.5
'12/23/2016', 85.5, 0.0, 14127.5, 0.0, 14127.5
'12/27/2016', 83.0, 0.0, 14127.5, 0.0, 14127.5
'12/28/2016', 88.800003, 0.0, 14127.5, 0.0, 14127.5
'12/29/2016', 91.5, 0.0, 14127.5, 0.0, 14127.5
'12/30/2016', 95.199997, 0.0, 14127.5, 0.0, 14127.5
'1/3/2017', 81.699997, 0.0, 14127.5, 0.0, 14127.5
'1/4/2017', 73.199997, 0.0, 14127.5, 0.0, 14127.5
'1/5/2017', 72.699997, 0.0, 14127.5, 0.0, 14127.5
'1/6/2017', 70.800003, 0.0, 14127.5, 0.0, 14127.5
'1/9/2017', 70.5, 0.0, 14127.5, 0.0, 14127.5
'1/10/2017', 69.199997, 0.0, 14127.5, 0.0, 14127.5
'1/11/2017', 66.5, 0.0, 14127.5, 0.0, 14127.5
'1/12/2017', 66.5, 0.0, 14127.5, 0.0, 14127.5
'1/13/2017', 66.699997, 0.0, 14127.5, 0.0, 14127.5
'1/17/2017', 66.400002, 0.0, 14127.5, 0.0, 14127.5
'1/18/2017', 65.699997, 0.0, 14127.5, 0.0, 14127.5
'1/19/2017', 67.199997, 0.0, 14127.5, 0.0, 14127.5
'1/20/2017', 62.099998, 0.0, 14127.5, 0.0, 14127.5
'1/23/2017', 61.0, 0.0, 14127.5, 0.0, 14127.5
'1/24/2017', 55.200001, 0.0, 14127.5, 0.0, 14127.5
'1/25/2017', 52.599998, 0.0, 14127.5, 0.0, 14127.5
'1/26/2017', 53.200001, 0.0, 14127.5, 0.0, 14127.5
'1/27/2017', 52.099998, 0.0, 14127.5, 0.0, 14127.5
'1/30/2017', 54.900002, 0.0, 14127.5, 0.0, 14127.5
'1/31/2017', 54.400002, 0.0, 14127.5, 0.0, 14127.5
'2/1/2017', 52.400002, 0.0, 14127.5, 0.0, 14127.5
'2/2/2017', 53.299999, 0.0, 14127.5, 0.0, 14127.5
'2/3/2017', 51.0, 0.0, 14127.5, 0.0, 14127.5
'2/6/2017', 51.099998, 0.0, 14127.5, 0.0, 14127.5
'2/7/2017', 51.700001, 0.0, 14127.5, 0.0, 14127.5
'2/8/2017', 51.299999, 0.0, 14127.5, 0.0, 14127.5
'2/9/2017', 49.200001, 0.0, 14127.5, 0.0, 14127.5
'2/10/2017', 47.599998, 0.0, 14127.5, 0.0, 14127.5
'2/13/2017', 44.5, 0.0, 14127.5, 0.0, 14127.5
'2/14/2017', 40.700001, 0.0, 14127.5, 0.0, 14127.5
'2/15/2017', 43.200001, 0.0, 14127.5, 0.0, 14127.5
'2/16/2017', 43.599998, 0.0, 14127.5, 0.0, 14127.5
'2/17/2017', 44.0, 0.0, 14127.5, 0.0, 14127.5
'2/21/2017', 45.0, 0.0, 14127.5, 0.0, 14127.5
'2/22/2017', 45.400002, 0.0, 14127.5, 0.0, 14127.5
'2/23/2017', 47.799999, 0.0, 14127.5, 0.0, 14127.5
'2/24/2017', 46.700001, 0.0, 14127.5, 0.0, 14127.5
'2/27/2017', 46.0, 0.0, 14127.5, 0.0, 14127.5
'2/28/2017', 48.5, 0.0, 14127.5, 0.0, 14127.5
'3/1/2017', 46.400002, 0.0, 14127.5, 0.0, 14127.5
'3/2/2017', 46.599998, 0.0, 14127.5, 0.0, 14127.5
'3/3/2017', 44.0, 0.0, 14127.5, 0.0, 14127.5
'3/6/2017', 42.299999, 0.0, 14127.5, 0.0, 14127.5
'3/7/2017', 42.200001, 0.0, 14127.5, 0.0, 14127.5
'3/8/2017', 42.799999, 0.0, 14127.5, 0.0, 14127.5
'3/9/2017', 42.400002, 0.0, 14127.5, 0.0, 14127.5
'3/10/2017', 41.299999, 0.0, 14127.5, 0.0, 14127.5
'3/13/2017', 39.5, 0.0, 14127.5, 0.0, 14127.5
'3/14/2017', 40.900002, 0.0, 14127.5, 0.0, 14127.5
'3/15/2017', 37.799999, 0.0, 14127.5, 0.0, 14127.5
'3/16/2017', 36.279999, 0.0, 14127.5, 0.0, 14127.5
'3/17/2017', 35.349998, 0.0, 14127.5, 0.0, 14127.5
'3/20/2017', 35.41, 0.0, 14127.5, 0.0, 14127.5
'3/21/2017', 38.07, 0.0, 14127.5, 0.0, 14127.5
'3/22/2017', 38.490002, 0.0, 14127.5, 0.0, 14127.5
'3/23/2017', 41.099998, 0.0, 14127.5, 0.0, 14127.5
'3/24/2017', 39.560001, 0.0, 14127.5, 0.0, 14127.5
'3/27/2017', 37.939999, 0.0, 14127.5, 0.0, 14127.5
'3/28/2017', 33.900002, 0.0, 14127.5, 0.0, 14127.5
'3/29/2017', 33.619999, 0.0, 14127.5, 0.0, 14127.5
'3/30/2017', 33.84, 0.0, 14127.5, 0.0, 14127.5
'3/31/2017', 35.080002, 0.0, 14127.5, 0.0, 14127.5
'4/3/2017', 35.389999, 0.0, 14127.5, 0.0, 14127.5
'4/4/2017', 34.48, 0.0, 14127.5, 0.0, 14127.5
'4/5/2017', 36.740002, 0.0, 14127.5, 0.0, 14127.5
'4/6/2017', 35.400002, 0.0, 14127.5, 0.0, 14127.5
'4/7/2017', 37.919998, 0.0, 14127.5, 0.0, 14127.5
'4/10/2017', 40.68, 0.0, 14127.5, 0.0, 14127.5
'4/11/2017', 44.349998, 0.0, 14127.5, 0.0, 14127.5
'4/12/2017', 44.799999, 0.0, 14127.5, 0.0, 14127.5
'4/13/2017', 46.490002, 0.0, 14127.5, 0.0, 14127.5
'4/17/2017', 41.84, 0.0, 14127.5, 0.0, 14127.5
'4/18/2017', 41.0, 0.0, 14127.5, 0.0, 14127.5
'4/19/2017', 43.099998, 0.0, 14127.5, 0.0, 14127.5
'4/20/2017', 40.880001, 0.0, 14127.5, 0.0, 14127.5
'4/21/2017', 41.209999, 0.0, 14127.5, 0.0, 14127.5
'4/24/2017', 32.419998, 0.0, 14127.5, 0.0, 14127.5
'4/25/2017', 30.879999, 0.0, 14127.5, 0.0, 14127.5
'4/26/2017', 31.469999, 0.0, 14127.5, 0.0, 14127.5
'4/27/2017', 30.860001, 0.0, 14127.5, 0.0, 14127.5
'4/28/2017', 30.91, 0.0, 14127.5, 0.0, 14127.5
'5/1/2017', 28.469999, 0.0, 14127.5, 0.0, 14127.5
'5/2/2017', 28.6, 0.0, 14127.5, 0.0, 14127.5
'5/3/2017', 29.76, 0.0, 14127.5, 0.0, 14127.5
