'Date', 'todayprice', 'num_securities', 'Cash', 'Stockworth', 'Totalworth', 'Baseline Comparison'
'6/27/2014', 35.759998, 279.0, 22.960557999998855, 9977.039442000001, 10000.0, 7275.047862156988
'6/30/2014', 40.549999, 279.0, 22.960557999998855, 11313.449720999999, 11336.410278999998, 8611.458141156985
'7/1/2014', 48.799999, 279.0, 22.960557999998855, 13615.199720999999, 13638.160278999998, 10913.208141156985
'7/2/2014', 42.040001, 279.0, 22.960557999998855, 11729.160279, 11752.120836999999, 9027.168699156988
'7/3/2014', 41.580002, 279.0, 22.960557999998855, 11600.820558, 11623.781115999998, 8898.828978156987
'7/7/2014', 43.959999, 279.0, 22.960557999998855, 12264.839721, 12287.800279, 9562.848141156988
'7/8/2014', 42.200001, 279.0, 22.960557999998855, 11773.800279000001, 11796.760837, 9071.808699156987
'7/9/2014', 43.299999, 279.0, 22.960557999998855, 12080.699720999999, 12103.660278999998, 9378.708141156985
'7/10/2014', 41.939999, 279.0, 22.960557999998855, 11701.259721, 11724.220279, 8999.268141156987
'7/11/2014', 38.84, 279.0, 22.960557999998855, 10836.36, 10859.320558, 8134.368420156988
'7/14/2014', 36.84, 279.0, 22.960557999998855, 10278.36, 10301.320558, 7576.368420156988
'7/15/2014', 41.630001, 279.0, 22.960557999998855, 11614.770279, 11637.730837, 8912.778699156988
'7/16/2014', 40.900002, 279.0, 22.960557999998855, 11411.100558, 11434.061115999999, 8709.108978156986
'7/17/2014', 40.34, 279.0, 22.960557999998855, 11254.86, 11277.820558, 8552.868420156989
'7/18/2014', 41.43, 279.0, 22.960557999998855, 11558.97, 11581.930557999998, 8856.978420156986
'7/21/2014', 41.580002, 279.0, 22.960557999998855, 11600.820558, 11623.781115999998, 8898.828978156987
'7/22/2014', 43.099998, 279.0, 22.960557999998855, 12024.899442, 12047.859999999999, 9322.907862156986
'7/23/2014', 41.740002, 279.0, 22.960557999998855, 11645.460557999999, 11668.421115999998, 8943.468978156987
'7/24/2014', 42.189999, 279.0, 22.960557999998855, 11771.009721, 11793.970279, 9069.018141156987
'7/25/2014', 41.98, 279.0, 22.960557999998855, 11712.419999999998, 11735.380557999997, 9010.428420156986
'7/28/2014', 43.25, 279.0, 22.960557999998855, 12066.75, 12089.710557999999, 9364.758420156988
'7/29/2014', 44.07, 279.0, 22.960557999998855, 12295.53, 12318.490558, 9593.538420156987
'7/30/2014', 46.316002, 279.0, 22.960557999998855, 12922.164557999999, 12945.125115999997, 10220.172978156985
'7/31/2014', 47.970001, 279.0, 22.960557999998855, 13383.630279, 13406.590837, 10681.638699156989
'8/1/2014', 40.970001, 279.0, 22.960557999998855, 11430.630279, 11453.590837, 8728.638699156989
'8/4/2014', 38.529999, 279.0, 22.960557999998855, 10749.869721, 10772.830278999998, 8047.878141156986
'8/5/2014', 38.869999, 279.0, 22.960557999998855, 10844.729721, 10867.690278999999, 8142.738141156987
'8/6/2014', 38.720001, 279.0, 22.960557999998855, 10802.880279, 10825.840837, 8100.888699156988
'8/7/2014', 38.700001, 279.0, 22.960557999998855, 10797.300279000001, 10820.260837, 8095.308699156988
'8/8/2014', 37.650002, 279.0, 22.960557999998855, 10504.350558, 10527.311115999999, 7802.358978156987
'8/11/2014', 38.200001, 279.0, 22.960557999998855, 10657.800279000001, 10680.760837, 7955.808699156988
'8/12/2014', 38.040001, 279.0, 22.960557999998855, 10613.160279, 10636.120836999999, 7911.168699156987
'8/13/2014', 38.189999, 279.0, 22.960557999998855, 10655.009721, 10677.970279, 7953.018141156987
'8/14/2014', 39.490002, 279.0, 22.960557999998855, 11017.710557999999, 11040.671115999998, 8315.718978156987
'8/15/2014', 39.790001, 279.0, 22.960557999998855, 11101.410279, 11124.370836999999, 8399.418699156988
'8/18/2014', 41.849998, 279.0, 22.960557999998855, 11676.149442, 11699.109999999999, 8974.157862156986
'8/19/2014', 43.360001, 279.0, 22.960557999998855, 12097.440278999999, 12120.400836999997, 9395.448699156987
'8/20/2014', 43.889999, 279.0, 22.960557999998855, 12245.309721000001, 12268.270279, 9543.31814115699
'8/21/2014', 43.169998, 279.0, 22.960557999998855, 12044.429442, 12067.39, 9342.437862156989
'8/22/2014', 43.290001, 279.0, 22.960557999998855, 12077.910279, 12100.870836999999, 9375.918699156988
'8/25/2014', 43.849998, 279.0, 22.960557999998855, 12234.149442, 12257.109999999999, 9532.157862156986
'8/26/2014', 45.290001, 279.0, 22.960557999998855, 12635.910279, 12658.870836999999, 9933.918699156988
'8/27/2014', 45.5, 279.0, 22.960557999998855, 12694.5, 12717.460557999999, 9992.508420156988
'8/28/2014', 48.900002, 279.0, 22.960557999998855, 13643.100558, 13666.061115999999, 10941.108978156986
'8/29/2014', 51.799999, 279.0, 22.960557999998855, 14452.199720999999, 14475.160278999998, 11750.208141156985
'9/2/2014', 53.939999, 279.0, 22.960557999998855, 15049.259721, 15072.220279, 12347.268141156987
'9/3/2014', 56.860001, 279.0, 22.960557999998855, 15863.940278999999, 15886.900836999997, 13161.948699156987
'9/4/2014', 53.080002, 279.0, 22.960557999998855, 14809.320558, 14832.281115999998, 12107.328978156987
'9/5/2014', 58.75, 279.0, 22.960557999998855, 16391.25, 16414.210558, 13689.258420156988
'9/8/2014', 63.52, 279.0, 22.960557999998855, 17722.08, 17745.040558, 15020.08842015699
'9/9/2014', 64.190002, 279.0, 22.960557999998855, 17909.010558, 17931.971116, 15207.01897815699
'9/10/2014', 68.470001, 279.0, 22.960557999998855, 19103.130278999997, 19126.090836999996, 16401.138699156985
'9/11/2014', 68.279999, 279.0, 22.960557999998855, 19050.119721000003, 19073.080279, 16348.12814115699
'9/12/2014', 69.18, 279.0, 22.960557999998855, 19301.22, 19324.180558, 16599.22842015699
'9/15/2014', 67.199997, 279.0, 22.960557999998855, 18748.799163, 18771.759721, 16046.807583156988
'9/16/2014', 65.230003, 279.0, 22.960557999998855, 18199.170836999998, 18222.131394999997, 15497.179257156986
'9/17/2014', 67.220001, 279.0, 22.960557999998855, 18754.380278999997, 18777.340836999996, 16052.388699156985
'9/18/2014', 66.330002, 279.0, 22.960557999998855, 18506.070558, 18529.031116, 15804.078978156987
'9/19/2014', 67.199997, 279.0, 22.960557999998855, 18748.799163, 18771.759721, 16046.807583156988
'9/22/2014', 68.269997, 279.0, 22.960557999998855, 19047.329163000002, 19070.289721, 16345.33758315699
'9/23/2014', 72.879997, 279.0, 22.960557999998855, 20333.519163, 20356.479721, 17631.52758315699
'9/24/2014', 78.459999, 279.0, 22.960557999998855, 21890.339721, 21913.300279, 19188.34814115699
'9/25/2014', 81.309998, 279.0, 22.960557999998855, 22685.489442, 22708.449999999997, 19983.497862156986
'9/26/2014', 82.099998, 279.0, 22.960557999998855, 22905.899441999998, 22928.859999999997, 20203.907862156986
'9/29/2014', 90.940002, 279.0, 22.960557999998855, 25372.260558, 25395.221116, 22670.26897815699
'9/30/2014', 93.699997, 279.0, 22.960557999998855, 26142.299163, 26165.259721, 23440.307583156988
'10/1/2014', 91.800003, 279.0, 22.960557999998855, 25612.200837, 25635.161395, 22910.20925715699
'10/2/2014', 85.459999, 279.0, 22.960557999998855, 23843.339721, 23866.300279, 21141.34814115699
'10/3/2014', 86.970001, 279.0, 22.960557999998855, 24264.630278999997, 24287.590836999996, 21562.638699156985
'10/6/2014', 93.790001, 279.0, 22.960557999998855, 26167.410279, 26190.370837, 23465.418699156988
'10/7/2014', 93.849998, 279.0, 22.960557999998855, 26184.149441999998, 26207.109999999997, 23482.157862156986
'10/8/2014', 89.93, 279.0, 22.960557999998855, 25090.47, 25113.430558, 22388.47842015699
'10/9/2014', 89.18, 279.0, 22.960557999998855, 24881.22, 24904.180558, 22179.22842015699
'10/10/2014', 85.050003, 279.0, 22.960557999998855, 23728.950837, 23751.911395, 21026.95925715699
'10/13/2014', 76.669998, 279.0, 22.960557999998855, 21390.929442, 21413.89, 18688.93786215699
'10/14/2014', 75.029999, 279.0, 22.960557999998855, 20933.369721000003, 20956.330279, 18231.37814115699
'10/15/2014', 72.870003, 279.0, 22.960557999998855, 20330.730837, 20353.691394999998, 17628.739257156987
'10/16/2014', 72.690002, 279.0, 22.960557999998855, 20280.510558, 20303.471116, 17578.51897815699
'10/17/2014', 74.629997, 279.0, 22.960557999998855, 20821.769163, 20844.729721, 18119.77758315699
'10/20/2014', 76.0, 279.0, 22.960557999998855, 21204.0, 21226.960558, 18502.008420156988
'10/21/2014', 80.919998, 279.0, 22.960557999998855, 22576.679442, 22599.64, 19874.68786215699
'10/22/2014', 80.089996, 279.0, 22.960557999998855, 22345.108884, 22368.069442, 19643.11730415699
'10/23/2014', 79.150002, 279.0, 22.960557999998855, 22082.850558000002, 22105.811116, 19380.85897815699
'10/24/2014', 71.910004, 279.0, 22.960557999998855, 20062.891116, 20085.851673999998, 17360.899536156987
'10/27/2014', 64.910004, 279.0, 22.960557999998855, 18109.891116, 18132.851673999998, 15407.899536156987
'10/28/2014', 69.300003, 279.0, 22.960557999998855, 19334.700837, 19357.661395, 16632.70925715699
'10/29/2014', 67.889999, 279.0, 22.960557999998855, 18941.309721, 18964.270279, 16239.31814115699
'10/30/2014', 68.25, 279.0, 22.960557999998855, 19041.75, 19064.710558, 16339.758420156988
'10/31/2014', 77.099998, 279.0, 22.960557999998855, 21510.899441999998, 21533.859999999997, 18808.907862156986
'11/3/2014', 84.32, 279.0, 22.960557999998855, 23525.28, 23548.240557999998, 20823.288420156987
'11/4/2014', 82.269997, 279.0, 22.960557999998855, 22953.329163000002, 22976.289721, 20251.33758315699
'11/5/2014', 75.889999, 279.0, 22.960557999998855, 21173.309721, 21196.270279, 18471.31814115699
'11/6/2014', 78.760002, 279.0, 22.960557999998855, 21974.040558, 21997.001116, 19272.04897815699
'11/7/2014', 79.059998, 279.0, 22.960557999998855, 22057.739442, 22080.699999999997, 19355.747862156986
'11/10/2014', 75.75, 279.0, 22.960557999998855, 21134.25, 21157.210558, 18432.258420156988
'11/11/2014', 75.0, 279.0, 22.960557999998855, 20925.0, 20947.960558, 18223.008420156988
'11/12/2014', 76.849998, 279.0, 22.960557999998855, 21441.149441999998, 21464.109999999997, 18739.157862156986
'11/13/2014', 76.470001, 279.0, 22.960557999998855, 21335.130278999997, 21358.090836999996, 18633.138699156985
'11/14/2014', 79.150002, 279.0, 22.960557999998855, 22082.850558000002, 22105.811116, 19380.85897815699
'11/17/2014', 81.5, 279.0, 22.960557999998855, 22738.5, 22761.460558, 20036.508420156988
'11/18/2014', 84.099998, 279.0, 22.960557999998855, 23463.899441999998, 23486.859999999997, 20761.907862156986
'11/19/2014', 79.089996, 279.0, 22.960557999998855, 22066.108884, 22089.069442, 19364.11730415699
'11/20/2014', 71.739998, 279.0, 22.960557999998855, 20015.459442, 20038.42, 17313.467862156987
'11/21/2014', 70.720001, 279.0, 22.960557999998855, 19730.880278999997, 19753.840836999996, 17028.888699156985
'11/24/2014', 72.540001, 279.0, 22.960557999998855, 20238.660279, 20261.620837, 17536.668699156988
'11/25/2014', 74.709999, 279.0, 22.960557999998855, 20844.089721, 20867.050279, 18142.09814115699
'11/26/2014', 79.050003, 279.0, 22.960557999998855, 22054.950837, 22077.911395, 19352.95925715699
'11/28/2014', 77.970001, 279.0, 22.960557999998855, 21753.630278999997, 21776.590836999996, 19051.638699156985
'12/1/2014', 73.5, 279.0, 22.960557999998855, 20506.5, 20529.460558, 17804.508420156988
'12/2/2014', 73.889999, 279.0, 22.960557999998855, 20615.309721, 20638.270279, 17913.31814115699
'12/3/2014', 73.650002, 279.0, 22.960557999998855, 20548.350558000002, 20571.311116, 17846.35897815699
'12/4/2014', 71.980003, 279.0, 22.960557999998855, 20082.420836999998, 20105.381394999997, 17380.429257156986
'12/5/2014', 72.18, 279.0, 22.960557999998855, 20138.22, 20161.180558, 17436.22842015699
'12/8/2014', 67.650002, 279.0, 22.960557999998855, 18874.350558000002, 18897.311116, 16172.35897815699
'12/9/2014', 67.900002, 279.0, 22.960557999998855, 18944.100558000002, 18967.061116, 16242.10897815699
'12/10/2014', 62.759998, 279.0, 22.960557999998855, 17510.039442, 17533.0, 14808.04786215699
'12/11/2014', 60.049999, 279.0, 22.960557999998855, 16753.949721, 16776.910279, 14051.958141156989
'12/12/2014', 60.52, 279.0, 22.960557999998855, 16885.08, 16908.040558, 14183.08842015699
'12/15/2014', 57.0, 279.0, 22.960557999998855, 15903.0, 15925.960557999999, 13201.008420156988
'12/16/2014', 58.27, 279.0, 22.960557999998855, 16257.330000000002, 16280.290558, 13555.33842015699
'12/17/2014', 59.5, 279.0, 22.960557999998855, 16600.5, 16623.460558, 13898.508420156988
'12/18/2014', 57.09, 279.0, 22.960557999998855, 15928.11, 15951.070558, 13226.118420156989
'12/19/2014', 53.900002, 279.0, 22.960557999998855, 15038.100558, 15061.061115999999, 12336.108978156986
'12/22/2014', 58.0, 279.0, 22.960557999998855, 16182.0, 16204.960557999999, 13480.008420156988
'12/23/2014', 61.540001, 279.0, 22.960557999998855, 17169.660279, 17192.620837, 14467.668699156988
'12/24/2014', 66.410004, 279.0, 22.960557999998855, 18528.391116, 18551.351673999998, 15826.399536156987
'12/26/2014', 69.230003, 279.0, 22.960557999998855, 19315.170836999998, 19338.131394999997, 16613.179257156986
'12/29/2014', 64.739998, 279.0, 22.960557999998855, 18062.459442, 18085.42, 15360.467862156987
'12/30/2014', 65.400002, 279.0, 22.960557999998855, 18246.600558000002, 18269.561116, 15544.60897815699
'12/31/2014', 63.220001, 279.0, 22.960557999998855, 17638.380279, 17661.340837, 14936.388699156989
'1/2/2015', 66.870003, 279.0, 22.960557999998855, 18656.730837, 18679.691394999998, 15954.739257156987
'1/5/2015', 66.190002, 279.0, 22.960557999998855, 18467.010558, 18489.971116, 15765.01897815699
'1/6/2015', 64.849998, 279.0, 22.960557999998855, 18093.149441999998, 18116.109999999997, 15391.157862156986
'1/7/2015', 62.450001, 279.0, 22.960557999998855, 17423.550279, 17446.510836999998, 14721.558699156987
'1/8/2015', 60.09, 279.0, 22.960557999998855, 16765.11, 16788.070558, 14063.118420156989
'1/9/2015', 60.84, 279.0, 22.960557999998855, 16974.36, 16997.320558, 14272.368420156989
'1/12/2015', 56.779999, 279.0, 22.960557999998855, 15841.619721, 15864.580278999998, 13139.628141156987
'1/13/2015', 49.869999, 279.0, 22.960557999998855, 13913.729721, 13936.690278999999, 11211.738141156988
'1/14/2015', 52.34, 279.0, 22.960557999998855, 14602.86, 14625.820558, 11900.868420156989
'1/15/2015', 48.580002, 279.0, 22.960557999998855, 13553.820558, 13576.781115999998, 10851.828978156987
'1/16/2015', 47.509998, 279.0, 22.960557999998855, 13255.289442000001, 13278.25, 10553.29786215699
'1/20/2015', 47.34, 279.0, 22.960557999998855, 13207.86, 13230.820558, 10505.868420156989
'1/21/2015', 50.290001, 279.0, 22.960557999998855, 14030.910279, 14053.870836999999, 11328.918699156988
'1/22/2015', 48.349998, 279.0, 22.960557999998855, 13489.649442, 13512.609999999999, 10787.657862156986
'1/23/2015', 52.509998, 279.0, 22.960557999998855, 14650.289442000001, 14673.25, 11948.29786215699
'1/26/2015', 50.41, 279.0, 22.960557999998855, 14064.39, 14087.350557999998, 11362.398420156987
'1/27/2015', 51.419998, 279.0, 22.960557999998855, 14346.179442, 14369.14, 11644.187862156989
'1/28/2015', 51.459999, 279.0, 22.960557999998855, 14357.339721, 14380.300279, 11655.348141156988
'1/29/2015', 50.84, 279.0, 22.960557999998855, 14184.36, 14207.320558, 11482.368420156989
'1/30/2015', 49.75, 279.0, 22.960557999998855, 13880.25, 13903.210557999999, 11178.258420156988
'2/2/2015', 52.139999, 279.0, 22.960557999998855, 14547.059721000001, 14570.020279, 11845.06814115699
'2/3/2015', 54.57, 279.0, 22.960557999998855, 15225.03, 15247.990558, 12523.038420156987
'2/4/2015', 51.869999, 279.0, 22.960557999998855, 14471.729721, 14494.690278999999, 11769.738141156988
'2/5/2015', 54.369999, 279.0, 22.960557999998855, 15169.229721, 15192.190278999999, 12467.238141156988
'2/6/2015', 47.119999, 279.0, 22.960557999998855, 13146.479721, 13169.440278999999, 10444.488141156988
'2/9/2015', 44.48, 279.0, 22.960557999998855, 12409.919999999998, 12432.880557999997, 9707.928420156986
'2/10/2015', 43.799999, 279.0, 22.960557999998855, 12220.199720999999, 12243.160278999998, 9518.208141156985
'2/11/2015', 44.77, 279.0, 22.960557999998855, 12490.830000000002, 12513.790558, 9788.83842015699
'2/12/2015', 45.290001, 279.0, 22.960557999998855, 12635.910279, 12658.870836999999, 9933.918699156988
'2/13/2015', 45.27, 279.0, 22.960557999998855, 12630.330000000002, 12653.290558, 9928.33842015699
'2/17/2015', 50.919998, 279.0, 22.960557999998855, 14206.679442, 14229.64, 11504.687862156989
'2/18/2015', 45.209999, 279.0, 22.960557999998855, 12613.589721, 12636.550279, 9911.598141156988
'2/19/2015', 45.16, 279.0, 22.960557999998855, 12599.64, 12622.600557999998, 9897.648420156987
'2/20/2015', 45.07, 279.0, 22.960557999998855, 12574.53, 12597.490558, 9872.538420156987
'2/23/2015', 43.950001, 279.0, 22.960557999998855, 12262.050279000001, 12285.010837, 9560.058699156987
'2/24/2015', 43.880001, 279.0, 22.960557999998855, 12242.520279, 12265.480837, 9540.528699156988
'2/25/2015', 45.049999, 279.0, 22.960557999998855, 12568.949720999999, 12591.910278999998, 9866.958141156985
'2/26/2015', 44.66, 279.0, 22.960557999998855, 12460.14, 12483.100557999998, 9758.148420156987
'2/27/2015', 41.98, 279.0, 22.960557999998855, 11712.419999999998, 11735.380557999997, 9010.428420156986
'3/2/2015', 39.93, 279.0, 22.960557999998855, 11140.47, 11163.430557999998, 8438.478420156986
'3/3/2015', 40.299999, 279.0, 22.960557999998855, 11243.699720999999, 11266.660278999998, 8541.708141156985
'3/4/2015', 43.009998, 279.0, 22.960557999998855, 11999.789442000001, 12022.75, 9297.79786215699
'3/5/2015', 41.080002, 279.0, 22.960557999998855, 11461.320558, 11484.281115999998, 8759.328978156987
'3/6/2015', 40.130001, 279.0, 22.960557999998855, 11196.270279, 11219.230837, 8494.278699156988
'3/9/2015', 37.950001, 279.0, 22.960557999998855, 10588.050279000001, 10611.010837, 7886.058699156988
'3/10/2015', 38.73, 279.0, 22.960557999998855, 10805.669999999998, 10828.630557999997, 8103.678420156985
'3/11/2015', 38.169998, 279.0, 22.960557999998855, 10649.429442, 10672.39, 7947.437862156988
'3/12/2015', 39.700001, 279.0, 22.960557999998855, 11076.300279000001, 11099.260837, 8374.308699156987
'3/13/2015', 40.130001, 279.0, 22.960557999998855, 11196.270279, 11219.230837, 8494.278699156988
'3/16/2015', 39.369999, 279.0, 22.960557999998855, 10984.229721, 11007.190278999999, 8282.238141156988
'3/17/2015', 40.25, 279.0, 22.960557999998855, 11229.75, 11252.710557999999, 8527.758420156988
'3/18/2015', 40.669998, 279.0, 22.960557999998855, 11346.929442, 11369.89, 8644.937862156989
'3/19/2015', 39.529999, 279.0, 22.960557999998855, 11028.869721, 11051.830278999998, 8326.878141156987
'3/20/2015', 40.400002, 279.0, 22.960557999998855, 11271.600558, 11294.561115999999, 8569.608978156986
'3/23/2015', 42.080002, 279.0, 22.960557999998855, 11740.320558, 11763.281115999998, 9038.328978156987
'3/24/2015', 41.830002, 279.0, 22.960557999998855, 11670.570558, 11693.531115999998, 8968.578978156987
'3/25/2015', 42.299999, 279.0, 22.960557999998855, 11801.699720999999, 11824.660278999998, 9099.708141156985
'3/26/2015', 43.23, 279.0, 22.960557999998855, 12061.169999999998, 12084.130557999997, 9359.178420156986
'3/27/2015', 42.700001, 279.0, 22.960557999998855, 11913.300279000001, 11936.260837, 9211.308699156987
'3/30/2015', 43.580002, 279.0, 22.960557999998855, 12158.820558, 12181.781115999998, 9456.828978156987
'3/31/2015', 43.41, 279.0, 22.960557999998855, 12111.39, 12134.350557999998, 9409.398420156987
'4/1/2015', 40.889999, 279.0, 22.960557999998855, 11408.309721000001, 11431.270279, 8706.31814115699
'4/2/2015', 41.959999, 279.0, 22.960557999998855, 11706.839721, 11729.800279, 9004.848141156988
'4/6/2015', 43.549999, 279.0, 22.960557999998855, 12150.449720999999, 12173.410278999998, 9448.458141156985
'4/7/2015', 43.57, 279.0, 22.960557999998855, 12156.03, 12178.990558, 9454.038420156987
'4/8/2015', 43.330002, 279.0, 22.960557999998855, 12089.070558, 12112.031115999998, 9387.078978156987
'4/9/2015', 43.700001, 279.0, 22.960557999998855, 12192.300279000001, 12215.260837, 9490.308699156987
'4/10/2015', 45.25, 279.0, 22.960557999998855, 12624.75, 12647.710557999999, 9922.758420156988
'4/13/2015', 44.220001, 279.0, 22.960557999998855, 12337.380279, 12360.340837, 9635.388699156989
'4/14/2015', 44.48, 279.0, 22.960557999998855, 12409.919999999998, 12432.880557999997, 9707.928420156986
'4/15/2015', 45.669998, 279.0, 22.960557999998855, 12741.929442, 12764.89, 10039.937862156989
'4/16/2015', 45.459999, 279.0, 22.960557999998855, 12683.339721, 12706.300279, 9981.348141156988
'4/17/2015', 44.619999, 279.0, 22.960557999998855, 12448.979721, 12471.940278999999, 9746.988141156988
'4/20/2015', 44.880001, 279.0, 22.960557999998855, 12521.520279, 12544.480837, 9819.528699156988
'4/21/2015', 44.310001, 279.0, 22.960557999998855, 12362.490279, 12385.450836999999, 9660.498699156986
'4/22/2015', 46.25, 279.0, 22.960557999998855, 12903.75, 12926.710557999999, 10201.758420156988
'4/23/2015', 46.080002, 279.0, 22.960557999998855, 12856.320558, 12879.281115999998, 10154.328978156987
'4/24/2015', 44.73, 279.0, 22.960557999998855, 12479.669999999998, 12502.630557999997, 9777.678420156986
'4/27/2015', 45.189999, 279.0, 22.960557999998855, 12608.009721, 12630.970279, 9906.018141156987
'4/28/2015', 47.02, 279.0, 22.960557999998855, 13118.580000000002, 13141.540558, 10416.58842015699
'4/29/2015', 52.959999, 279.0, 22.960557999998855, 14775.839721, 14798.800279, 12073.848141156988
'4/30/2015', 50.080002, 279.0, 22.960557999998855, 13972.320558, 13995.281115999998, 11270.328978156987
'5/1/2015', 49.98, 279.0, 22.960557999998855, 13944.419999999998, 13967.380557999997, 11242.428420156986
'5/4/2015', 49.740002, 279.0, 22.960557999998855, 13877.460557999999, 13900.421115999998, 11175.468978156987
'5/5/2015', 47.740002, 279.0, 22.960557999998855, 13319.460557999999, 13342.421115999998, 10617.468978156987
'5/6/2015', 48.189999, 279.0, 22.960557999998855, 13445.009721, 13467.970279, 10743.018141156987
'5/7/2015', 49.549999, 279.0, 22.960557999998855, 13824.449720999999, 13847.410278999998, 11122.458141156985
'5/8/2015', 50.209999, 279.0, 22.960557999998855, 14008.589721, 14031.550279, 11306.598141156988
'5/11/2015', 48.849998, 279.0, 22.960557999998855, 13629.149442, 13652.109999999999, 10927.157862156986
'5/12/2015', 49.57, 279.0, 22.960557999998855, 13830.03, 13852.990558, 11128.038420156987
'5/13/2015', 49.849998, 279.0, 22.960557999998855, 13908.149442, 13931.109999999999, 11206.157862156986
'5/14/2015', 50.619999, 279.0, 22.960557999998855, 14122.979721, 14145.940278999999, 11420.988141156988
'5/15/2015', 50.09, 279.0, 22.960557999998855, 13975.11, 13998.070558, 11273.118420156989
'5/18/2015', 51.130001, 279.0, 22.960557999998855, 14265.270279, 14288.230837, 11563.278699156988
'5/19/2015', 51.849998, 279.0, 22.960557999998855, 14466.149442, 14489.109999999999, 11764.157862156986
'5/20/2015', 53.880001, 279.0, 22.960557999998855, 15032.520279, 15055.480837, 12330.528699156988
'5/21/2015', 53.5, 279.0, 22.960557999998855, 14926.5, 14949.460557999999, 12224.508420156988
'5/22/2015', 54.439999, 279.0, 22.960557999998855, 15188.759721, 15211.720279, 12486.768141156987
'5/26/2015', 53.41, 279.0, 22.960557999998855, 14901.39, 14924.350557999998, 12199.398420156987
'5/27/2015', 53.279999, 279.0, 22.960557999998855, 14865.119721, 14888.080278999998, 12163.128141156987
'5/28/2015', 56.810001, 279.0, 22.960557999998855, 15849.990279, 15872.950836999999, 13147.998699156986
'5/29/2015', 55.459999, 279.0, 22.960557999998855, 15473.339721, 15496.300279, 12771.348141156988
'6/1/2015', 58.52, 279.0, 22.960557999998855, 16327.080000000002, 16350.040558, 13625.08842015699
'6/2/2015', 58.400002, 279.0, 22.960557999998855, 16293.600558, 16316.561115999999, 13591.608978156986
'6/3/2015', 59.029999, 279.0, 22.960557999998855, 16469.369721, 16492.330278999998, 13767.378141156987
'6/4/2015', 58.880001, 279.0, 22.960557999998855, 16427.520279, 16450.480837, 13725.528699156988
'6/5/2015', 59.41, 279.0, 22.960557999998855, 16575.39, 16598.350558, 13873.398420156987
'6/8/2015', 59.400002, 279.0, 22.960557999998855, 16572.600558000002, 16595.561116, 13870.60897815699
'6/9/2015', 58.68, 279.0, 22.960557999998855, 16371.72, 16394.680558, 13669.72842015699
'6/10/2015', 57.91, 279.0, 22.960557999998855, 16156.89, 16179.850557999998, 13454.898420156987
'6/11/2015', 55.990002, 279.0, 22.960557999998855, 15621.210557999999, 15644.171115999998, 12919.218978156987
'6/12/2015', 57.450001, 279.0, 22.960557999998855, 16028.550279000001, 16051.510837, 13326.558699156987
'6/15/2015', 58.52, 279.0, 22.960557999998855, 16327.080000000002, 16350.040558, 13625.08842015699
'6/16/2015', 58.189999, 279.0, 22.960557999998855, 16235.009721, 16257.970279, 13533.018141156987
'6/17/2015', 59.0, 279.0, 22.960557999998855, 16461.0, 16483.960558, 13759.008420156988
'6/18/2015', 58.279999, 279.0, 22.960557999998855, 16260.119721, 16283.080278999998, 13558.128141156987
'6/19/2015', 57.970001, 279.0, 22.960557999998855, 16173.630279, 16196.590837, 13471.638699156989
'6/22/2015', 54.919998, 279.0, 22.960557999998855, 15322.679442, 15345.64, 12620.687862156989
'6/23/2015', 56.759998, 279.0, 22.960557999998855, 15836.039442000001, 15859.0, 13134.04786215699
'6/24/2015', 57.049999, 279.0, 22.960557999998855, 15916.949720999999, 15939.910278999998, 13214.958141156985
'6/25/2015', 56.91, 279.0, 22.960557999998855, 15877.89, 15900.850557999998, 13175.898420156987
'6/26/2015', 54.130001, 279.0, 22.960557999998855, 15102.270279, 15125.230837, 12400.278699156988
'6/29/2015', 53.209999, 279.0, 22.960557999998855, 14845.589721, 14868.550279, 12143.598141156988
'6/30/2015', 52.720001, 279.0, 22.960557999998855, 14708.880279, 14731.840837, 12006.888699156989
'7/1/2015', 51.950001, 279.0, 22.960557999998855, 14494.050279000001, 14517.010837, 11792.058699156987
'7/2/2015', 51.75, 279.0, 22.960557999998855, 14438.25, 14461.210557999999, 11736.258420156988
'7/6/2015', 50.939999, 279.0, 22.960557999998855, 14212.259721, 14235.220279, 11510.268141156987
'7/7/2015', 52.25, 279.0, 22.960557999998855, 14577.75, 14600.710557999999, 11875.758420156988
'7/8/2015', 51.25, 279.0, 22.960557999998855, 14298.75, 14321.710557999999, 11596.758420156988
'7/9/2015', 52.040001, 279.0, 22.960557999998855, 14519.160279, 14542.120836999999, 11817.168699156988
'7/10/2015', 52.509998, 279.0, 22.960557999998855, 14650.289442000001, 14673.25, 11948.29786215699
'7/13/2015', 52.110001, 279.0, 22.960557999998855, 14538.690278999999, 14561.650836999997, 11836.698699156987
'7/14/2015', 54.970001, 279.0, 22.960557999998855, 15336.630279, 15359.590837, 12634.638699156989
'7/15/2015', 54.5, 279.0, 22.960557999998855, 15205.5, 15228.460557999999, 12503.508420156988
'7/16/2015', 55.240002, 279.0, 22.960557999998855, 15411.960557999999, 15434.921115999998, 12709.968978156987
'7/17/2015', 56.639999, 279.0, 22.960557999998855, 15802.559721000001, 15825.520279, 13100.56814115699
'7/20/2015', 60.799999, 279.0, 22.960557999998855, 16963.199721, 16986.160279, 14261.208141156989
'7/21/2015', 62.040001, 279.0, 22.960557999998855, 17309.160279, 17332.120837, 14607.168699156988
'7/22/2015', 61.68, 279.0, 22.960557999998855, 17208.72, 17231.680558, 14506.72842015699
'7/23/2015', 63.950001, 279.0, 22.960557999998855, 17842.050279, 17865.010836999998, 15140.058699156987
'7/24/2015', 62.169998, 279.0, 22.960557999998855, 17345.429442, 17368.39, 14643.437862156989
'7/27/2015', 61.27, 279.0, 22.960557999998855, 17094.33, 17117.290558, 14392.33842015699
'7/28/2015', 62.419998, 279.0, 22.960557999998855, 17415.179442, 17438.14, 14713.187862156989
'7/29/2015', 61.869999, 279.0, 22.960557999998855, 17261.729721, 17284.690279, 14559.738141156988
'7/30/2015', 61.689999, 279.0, 22.960557999998855, 17211.509721, 17234.470278999997, 14509.518141156987
'7/31/2015', 62.099998, 279.0, 22.960557999998855, 17325.899441999998, 17348.859999999997, 14623.907862156986
'8/3/2015', 62.259998, 279.0, 22.960557999998855, 17370.539442, 17393.5, 14668.54786215699
'8/4/2015', 62.080002, 279.0, 22.960557999998855, 17320.320558, 17343.281116, 14618.328978156987
'8/5/2015', 62.669998, 279.0, 22.960557999998855, 17484.929442, 17507.89, 14782.937862156989
'8/6/2015', 62.880001, 279.0, 22.960557999998855, 17543.520279, 17566.480837, 14841.528699156988
'8/7/2015', 63.060001, 279.0, 22.960557999998855, 17593.740279, 17616.700837, 14891.74869915699
'8/10/2015', 64.739998, 279.0, 22.960557999998855, 18062.459442, 18085.42, 15360.467862156987
'8/11/2015', 59.130001, 279.0, 22.960557999998855, 16497.270279, 16520.230837, 13795.278699156988
'8/12/2015', 56.91, 279.0, 22.960557999998855, 15877.89, 15900.850557999998, 13175.898420156987
'8/13/2015', 59.5, 279.0, 22.960557999998855, 16600.5, 16623.460558, 13898.508420156988
'8/14/2015', 58.849998, 279.0, 22.960557999998855, 16419.149441999998, 16442.109999999997, 13717.157862156986
'8/17/2015', 58.549999, 279.0, 22.960557999998855, 16335.449720999999, 16358.410278999998, 13633.458141156985
'8/18/2015', 57.490002, 279.0, 22.960557999998855, 16039.710557999999, 16062.671115999998, 13337.718978156987
'8/19/2015', 54.669998, 279.0, 22.960557999998855, 15252.929442, 15275.89, 12550.937862156989
'8/20/2015', 50.599998, 279.0, 22.960557999998855, 14117.399442, 14140.359999999999, 11415.407862156986
'8/21/2015', 48.389999, 279.0, 22.960557999998855, 13500.809721000001, 13523.770279, 10798.81814115699
'8/24/2015', 47.860001, 279.0, 22.960557999998855, 13352.940278999999, 13375.900836999997, 10650.948699156987
'8/25/2015', 47.029999, 279.0, 22.960557999998855, 13121.369721, 13144.330278999998, 10419.378141156987
'8/26/2015', 46.279999, 279.0, 22.960557999998855, 12912.119721, 12935.080278999998, 10210.128141156987
'8/27/2015', 47.759998, 279.0, 22.960557999998855, 13325.039442000001, 13348.0, 10623.04786215699
'8/28/2015', 48.18, 279.0, 22.960557999998855, 13442.22, 13465.180557999998, 10740.228420156986
'8/31/2015', 46.59, 279.0, 22.960557999998855, 12998.61, 13021.570558, 10296.618420156989
'9/1/2015', 43.689999, 279.0, 22.960557999998855, 12189.509721, 12212.470279, 9487.518141156987
'9/2/2015', 41.279999, 279.0, 22.960557999998855, 11517.119721, 11540.080278999998, 8815.128141156987
'9/3/2015', 38.650002, 279.0, 22.960557999998855, 10783.350558, 10806.311115999999, 8081.358978156987
'9/4/2015', 36.830002, 279.0, 22.960557999998855, 10275.570558, 10298.531115999998, 7573.5789781569865
'9/8/2015', 37.5, 279.0, 22.960557999998855, 10462.5, 10485.460557999999, 7760.508420156987
'9/9/2015', 33.650002, 279.0, 22.960557999998855, 9388.350558, 9411.311115999999, 6686.358978156987
'9/10/2015', 33.880001, 279.0, 22.960557999998855, 9452.520279, 9475.480837, 6750.528699156987
'9/11/2015', 32.419998, 279.0, 22.960557999998855, 9045.179442, 9068.14, 6343.187862156988
'9/14/2015', 32.880001, 279.0, 22.960557999998855, 9173.520279, 9196.480837, 6471.528699156987
'9/15/2015', 33.57, 279.0, 22.960557999998855, 9366.03, 9388.990558, 6664.038420156988
'9/16/2015', 35.73, 279.0, 22.960557999998855, 9968.669999999998, 9991.630557999997, 7266.678420156985
'9/17/2015', 36.32, 279.0, 22.960557999998855, 10133.28, 10156.240558, 7431.288420156988
'9/18/2015', 35.150002, 279.0, 22.960557999998855, 9806.850558, 9829.811115999999, 7104.858978156987
'9/21/2015', 32.27, 279.0, 22.960557999998855, 9003.330000000002, 9026.290558, 6301.338420156989
'9/22/2015', 33.310001, 279.0, 22.960557999998855, 9293.490279, 9316.450836999999, 6591.498699156987
'9/23/2015', 32.639999, 279.0, 22.960557999998855, 9106.559721000001, 9129.520279, 6404.5681411569885
'9/24/2015', 33.919998, 279.0, 22.960557999998855, 9463.679442, 9486.64, 6761.687862156988
'9/25/2015', 32.310001, 279.0, 22.960557999998855, 9014.490279, 9037.450836999999, 6312.498699156987
'9/28/2015', 29.67, 279.0, 22.960557999998855, 8277.93, 8300.890558, 5575.938420156987
'9/29/2015', 29.860001, 279.0, 22.960557999998855, 8330.940279, 8353.900837, 5628.9486991569875
'9/30/2015', 31.219999, 279.0, 22.960557999998855, 8710.379721000001, 8733.340279, 6008.388141156988
'10/1/2015', 30.07, 279.0, 22.960557999998855, 8389.53, 8412.490558, 5687.538420156988
'10/2/2015', 30.440001, 279.0, 22.960557999998855, 8492.760279, 8515.720836999999, 5790.768699156987
'10/5/2015', 30.26, 279.0, 22.960557999998855, 8442.54, 8465.500558, 5740.548420156988
'10/6/2015', 30.65, 279.0, 22.960557999998855, 8551.35, 8574.310558, 5849.358420156987
'10/7/2015', 29.33, 279.0, 22.960557999998855, 8183.07, 8206.030557999999, 5481.078420156987
'10/8/2015', 27.6, 279.0, 22.960557999998855, 7700.400000000001, 7723.360557999999, 4998.408420156988
'10/9/2015', 29.08, 279.0, 22.960557999998855, 8113.32, 8136.280557999999, 5411.328420156987
'10/12/2015', 28.459999, 279.0, 22.960557999998855, 7940.339721, 7963.300278999999, 5238.348141156987
'10/13/2015', 27.969999, 279.0, 22.960557999998855, 7803.629721, 7826.590278999999, 5101.638141156987
'10/14/2015', 28.09, 279.0, 22.960557999998855, 7837.11, 7860.0705579999985, 5135.118420156987
'10/15/2015', 28.540001, 279.0, 22.960557999998855, 7962.660279, 7985.620836999999, 5260.668699156987
'10/16/2015', 28.52, 279.0, 22.960557999998855, 7957.08, 7980.040557999999, 5255.088420156987
'10/19/2015', 29.639999, 279.0, 22.960557999998855, 8269.559721, 8292.520278999998, 5567.568141156987
'10/20/2015', 30.309999, 279.0, 22.960557999998855, 8456.489721, 8479.450278999999, 5754.498141156987
'10/21/2015', 29.059999, 279.0, 22.960557999998855, 8107.739721, 8130.700278999999, 5405.748141156987
'10/22/2015', 28.719999, 279.0, 22.960557999998855, 8012.879721, 8035.840278999999, 5310.888141156987
'10/23/2015', 29.15, 279.0, 22.960557999998855, 8132.849999999999, 8155.810557999998, 5430.8584201569865
'10/26/2015', 28.790001, 279.0, 22.960557999998855, 8032.410279, 8055.370836999999, 5330.418699156987
'10/27/2015', 28.23, 279.0, 22.960557999998855, 7876.17, 7899.130557999999, 5174.178420156987
'10/28/2015', 30.209999, 279.0, 22.960557999998855, 8428.589721, 8451.550279, 5726.598141156987
'10/29/2015', 25.620001, 279.0, 22.960557999998855, 7147.980278999999, 7170.940836999998, 4445.9886991569865
'10/30/2015', 25.0, 279.0, 22.960557999998855, 6975.0, 6997.960557999999, 4273.008420156987
'11/2/2015', 25.549999, 279.0, 22.960557999998855, 7128.449721, 7151.410278999999, 4426.458141156987
'11/3/2015', 25.02, 279.0, 22.960557999998855, 6980.58, 7003.540557999999, 4278.588420156987
'11/4/2015', 25.379999, 279.0, 22.960557999998855, 7081.019721000001, 7103.980278999999, 4379.028141156988
'11/5/2015', 24.809999, 279.0, 22.960557999998855, 6921.989721, 6944.950278999999, 4219.998141156987
'11/6/2015', 25.129999, 279.0, 22.960557999998855, 7011.269721000001, 7034.230278999999, 4309.278141156988
'11/9/2015', 25.92, 279.0, 22.960557999998855, 7231.68, 7254.640557999999, 4529.688420156987
'11/10/2015', 25.02, 279.0, 22.960557999998855, 6980.58, 7003.540557999999, 4278.588420156987
'11/11/2015', 25.1, 279.0, 22.960557999998855, 7002.900000000001, 7025.860557999999, 4300.908420156988
'11/12/2015', 23.15, 279.0, 22.960557999998855, 6458.849999999999, 6481.810557999998, 3756.8584201569865
'11/13/2015', 21.16, 278.0, 44.12055799999885, 5882.4800000000005, 5926.600557999999, 3201.6484201569874
'11/16/2015', 21.620001, 276.0, 87.36055999999886, 5967.120276, 6054.480835999999, 3329.528698156987
'11/17/2015', 20.870001, 280.0, 3.8805559999988617, 5843.60028, 5847.480835999999, 3122.528698156987
'11/18/2015', 19.809999, 280.0, 3.8805559999988617, 5546.79972, 5550.680275999999, 2825.7281381569874
'11/19/2015', 19.93, 280.0, 3.8805559999988617, 5580.4, 5584.280555999999, 2859.328418156987
'11/20/2015', 20.450001, 280.0, 3.8805559999988617, 5726.00028, 5729.880835999999, 3004.9286981569876
'11/23/2015', 18.99, 280.0, 3.8805559999988617, 5317.2, 5321.080555999999, 2596.128418156987
'11/24/2015', 19.32, 280.0, 3.8805559999988617, 5409.6, 5413.4805559999995, 2688.5284181569878
'11/25/2015', 20.0, 280.0, 3.8805559999988617, 5600.0, 5603.880555999999, 2878.9284181569874
'11/27/2015', 20.280001, 280.0, 3.8805559999988617, 5678.40028, 5682.280835999999, 2957.3286981569872
'11/30/2015', 20.4, 280.0, 3.8805559999988617, 5712.0, 5715.880555999999, 2990.9284181569874
'12/1/2015', 20.129999, 280.0, 3.8805559999988617, 5636.39972, 5640.2802759999995, 2915.3281381569877
'12/2/2015', 20.09, 280.0, 3.8805559999988617, 5625.2, 5629.080555999999, 2904.128418156987
'12/3/2015', 18.93, 280.0, 3.8805559999988617, 5300.4, 5304.280555999999, 2579.328418156987
'12/4/2015', 18.0, 280.0, 3.8805559999988617, 5040.0, 5043.880555999999, 2318.9284181569874
'12/7/2015', 17.51, 280.0, 3.8805559999988617, 4902.8, 4906.680555999999, 2181.7284181569876
'12/8/2015', 17.58, 280.0, 3.8805559999988617, 4922.4, 4926.280555999999, 2201.328418156987
'12/9/2015', 16.889999, 280.0, 3.8805559999988617, 4729.19972, 4733.080275999999, 2008.128138156987
'12/10/2015', 18.83, 280.0, 3.8805559999988617, 5272.4, 5276.280555999999, 2551.328418156987
'12/11/2015', 19.15, 280.0, 3.8805559999988617, 5362.0, 5365.880555999999, 2640.9284181569874
'12/14/2015', 17.309999, 280.0, 3.8805559999988617, 4846.79972, 4850.680275999999, 2125.7281381569874
'12/15/2015', 17.91, 280.0, 3.8805559999988617, 5014.8, 5018.680555999999, 2293.7284181569876
'12/16/2015', 18.82, 280.0, 3.8805559999988617, 5269.6, 5273.4805559999995, 2548.5284181569878
'12/17/2015', 17.950001, 280.0, 3.8805559999988617, 5026.00028, 5029.880835999999, 2304.9286981569876
'12/18/2015', 19.5, 280.0, 3.8805559999988617, 5460.0, 5463.880555999999, 2738.9284181569874
'12/21/2015', 18.1, 280.0, 3.8805559999988617, 5068.0, 5071.880555999999, 2346.9284181569874
'12/22/2015', 18.34, 280.0, 3.8805559999988617, 5135.2, 5139.080555999999, 2414.128418156987
'12/23/2015', 18.27, 280.0, 3.8805559999988617, 5115.599999999999, 5119.480555999999, 2394.528418156987
'12/24/2015', 18.219999, 280.0, 3.8805559999988617, 5101.59972, 5105.480275999999, 2380.5281381569876
'12/28/2015', 17.92, 280.0, 3.8805559999988617, 5017.6, 5021.4805559999995, 2296.5284181569878
'12/29/2015', 18.280001, 280.0, 3.8805559999988617, 5118.40028, 5122.280835999999, 2397.3286981569872
'12/30/2015', 18.4, 280.0, 3.8805559999988617, 5152.0, 5155.880555999999, 2430.9284181569874
'12/31/2015', 18.01, 280.0, 3.8805559999988617, 5042.8, 5046.680555999999, 2321.7284181569876
'1/4/2016', 18.690001, 280.0, 3.8805559999988617, 5233.20028, 5237.080835999999, 2512.1286981569874
'1/5/2016', 18.49, 280.0, 3.8805559999988617, 5177.2, 5181.080555999999, 2456.128418156987
'1/6/2016', 18.41, 280.0, 3.8805559999988617, 5154.8, 5158.680555999999, 2433.7284181569876
'1/7/2016', 17.0, 280.0, 3.8805559999988617, 4760.0, 4763.880555999999, 2038.9284181569874
'1/8/2016', 16.190001, 280.0, 3.8805559999988617, 4533.20028, 4537.080835999999, 1812.1286981569874
'1/11/2016', 15.26, 280.0, 3.8805559999988617, 4272.8, 4276.680555999999, 1551.7284181569876
'1/12/2016', 14.6, 280.0, 3.8805559999988617, 4088.0, 4091.8805559999987, 1366.928418156987
'1/13/2016', 14.61, 280.0, 3.8805559999988617, 4090.7999999999997, 4094.6805559999984, 1369.7284181569867
'1/14/2016', 12.48, 280.0, 3.8805559999988617, 3494.4, 3498.280555999999, 773.328418156987
'1/15/2016', 11.46, 280.0, 3.8805559999988617, 3208.8, 3212.680555999999, 487.7284181569871
'1/19/2016', 10.57, 280.0, 3.8805559999988617, 2959.6, 2963.4805559999986, 238.52841815698685
'1/20/2016', 11.0, 280.0, 3.8805559999988617, 3080.0, 3083.8805559999987, 358.92841815698694
'1/21/2016', 10.68, 280.0, 3.8805559999988617, 2990.4, 2994.280555999999, 269.328418156987
'1/22/2016', 10.83, 280.0, 3.8805559999988617, 3032.4, 3036.280555999999, 311.328418156987
'1/25/2016', 10.59, 280.0, 3.8805559999988617, 2965.2, 2969.0805559999985, 244.12841815698675
'1/26/2016', 10.88, 280.0, 3.8805559999988617, 3046.4, 3050.280555999999, 325.328418156987
'1/27/2016', 10.61, 280.0, 3.8805559999988617, 2970.7999999999997, 2974.6805559999984, 249.72841815698666
'1/28/2016', 10.57, 280.0, 3.8805559999988617, 2959.6, 2963.4805559999986, 238.52841815698685
'1/29/2016', 11.45, 280.0, 3.8805559999988617, 3206.0, 3209.8805559999987, 484.92841815698694
'2/1/2016', 11.06, 280.0, 3.8805559999988617, 3096.8, 3100.680555999999, 375.7284181569871
'2/2/2016', 10.24, 280.0, 3.8805559999988617, 2867.2000000000003, 2871.080555999999, 146.1284181569872
'2/3/2016', 10.71, 280.0, 3.8805559999988617, 2998.8, 3002.680555999999, 277.7284181569871
'2/4/2016', 9.78, 280.0, 3.8805559999988617, 2738.3999999999996, 2742.2805559999983, 17.328418156986572
'2/5/2016', 9.96, 280.0, 3.8805559999988617, 2788.8, 2792.680555999999, 67.72841815698712
'2/8/2016', 10.99, 280.0, 3.8805559999988617, 3077.2000000000003, 3081.080555999999, 356.1284181569872
'2/9/2016', 11.39, 280.0, 3.8805559999988617, 3189.2000000000003, 3193.080555999999, 468.1284181569872
'2/10/2016', 10.59, 280.0, 3.8805559999988617, 2965.2, 2969.0805559999985, 244.12841815698675
'2/11/2016', 10.17, 280.0, 3.8805559999988617, 2847.6, 2851.4805559999986, 126.52841815698685
'2/12/2016', 10.31, 280.0, 3.8805559999988617, 2886.8, 2890.680555999999, 165.72841815698712
'2/16/2016', 11.59, 280.0, 3.8805559999988617, 3245.2, 3249.0805559999985, 524.1284181569868
'2/17/2016', 12.99, 280.0, 3.8805559999988617, 3637.2000000000003, 3641.080555999999, 916.1284181569872
'2/18/2016', 12.39, 280.0, 3.8805559999988617, 3469.2000000000003, 3473.080555999999, 748.1284181569872
'2/19/2016', 12.38, 280.0, 3.8805559999988617, 3466.4, 3470.280555999999, 745.328418156987
'2/22/2016', 12.86, 280.0, 3.8805559999988617, 3600.7999999999997, 3604.6805559999984, 879.7284181569867
'2/23/2016', 12.11, 280.0, 3.8805559999988617, 3390.7999999999997, 3394.6805559999984, 669.7284181569867
'2/24/2016', 11.75, 280.0, 3.8805559999988617, 3290.0, 3293.8805559999987, 568.9284181569869
'2/25/2016', 11.34, 280.0, 3.8805559999988617, 3175.2, 3179.0805559999985, 454.12841815698675
'2/26/2016', 12.3, 280.0, 3.8805559999988617, 3444.0, 3447.8805559999987, 722.9284181569869
'2/29/2016', 11.88, 280.0, 3.8805559999988617, 3326.4, 3330.280555999999, 605.328418156987
'3/1/2016', 11.89, 280.0, 3.8805559999988617, 3329.2000000000003, 3333.080555999999, 608.1284181569872
'3/2/2016', 13.02, 280.0, 3.8805559999988617, 3645.6, 3649.4805559999986, 924.5284181569868
'3/3/2016', 13.58, 280.0, 3.8805559999988617, 3802.4, 3806.280555999999, 1081.328418156987
'3/4/2016', 13.36, 280.0, 3.8805559999988617, 3740.7999999999997, 3744.6805559999984, 1019.7284181569867
'3/7/2016', 13.88, 280.0, 3.8805559999988617, 3886.4, 3890.280555999999, 1165.328418156987
'3/8/2016', 12.41, 280.0, 3.8805559999988617, 3474.8, 3478.680555999999, 753.7284181569871
'3/9/2016', 12.28, 280.0, 3.8805559999988617, 3438.3999999999996, 3442.2805559999983, 717.3284181569866
'3/10/2016', 12.18, 280.0, 3.8805559999988617, 3410.4, 3414.280555999999, 689.328418156987
'3/11/2016', 12.6, 280.0, 3.8805559999988617, 3528.0, 3531.8805559999987, 806.9284181569869
'3/14/2016', 12.27, 280.0, 3.8805559999988617, 3435.6, 3439.4805559999986, 714.5284181569868
'3/15/2016', 11.7, 280.0, 3.8805559999988617, 3276.0, 3279.8805559999987, 554.9284181569869
'3/16/2016', 12.31, 280.0, 3.8805559999988617, 3446.8, 3450.680555999999, 725.7284181569871
'3/17/2016', 12.95, 280.0, 3.8805559999988617, 3626.0, 3629.8805559999987, 904.9284181569869
'3/18/2016', 12.88, 280.0, 3.8805559999988617, 3606.4, 3610.280555999999, 885.328418156987
'3/21/2016', 13.07, 280.0, 3.8805559999988617, 3659.6, 3663.4805559999986, 938.5284181569868
'3/22/2016', 12.97, 280.0, 3.8805559999988617, 3631.6000000000004, 3635.480555999999, 910.5284181569873
'3/23/2016', 12.27, 280.0, 3.8805559999988617, 3435.6, 3439.4805559999986, 714.5284181569868
'3/24/2016', 12.42, 280.0, 3.8805559999988617, 3477.6, 3481.4805559999986, 756.5284181569868
'3/28/2016', 11.5, 280.0, 3.8805559999988617, 3220.0, 3223.8805559999987, 498.92841815698694
'3/29/2016', 11.65, 280.0, 3.8805559999988617, 3262.0, 3265.8805559999987, 540.9284181569869
'3/30/2016', 12.16, 280.0, 3.8805559999988617, 3404.8, 3408.680555999999, 683.7284181569871
'3/31/2016', 11.96, 280.0, 3.8805559999988617, 3348.8, 3352.680555999999, 627.7284181569871
'4/1/2016', 11.74, 280.0, 3.8805559999988617, 3287.2000000000003, 3291.080555999999, 566.1284181569872
'4/4/2016', 12.03, 280.0, 3.8805559999988617, 3368.3999999999996, 3372.2805559999983, 647.3284181569866
'4/5/2016', 11.65, 280.0, 3.8805559999988617, 3262.0, 3265.8805559999987, 540.9284181569869
'4/6/2016', 12.12, 280.0, 3.8805559999988617, 3393.6, 3397.4805559999986, 672.5284181569868
'4/7/2016', 12.29, 280.0, 3.8805559999988617, 3441.2, 3445.0805559999985, 720.1284181569868
'4/8/2016', 12.32, 280.0, 3.8805559999988617, 3449.6, 3453.4805559999986, 728.5284181569868
'4/11/2016', 11.77, 280.0, 3.8805559999988617, 3295.6, 3299.4805559999986, 574.5284181569868
'4/12/2016', 11.68, 280.0, 3.8805559999988617, 3270.4, 3274.280555999999, 549.328418156987
'4/13/2016', 13.9, 280.0, 3.8805559999988617, 3892.0, 3895.8805559999987, 1170.928418156987
'4/14/2016', 13.8, 280.0, 3.8805559999988617, 3864.0, 3867.8805559999987, 1142.928418156987
'4/15/2016', 13.77, 280.0, 3.8805559999988617, 3855.6, 3859.4805559999986, 1134.5284181569868
'4/18/2016', 13.13, 280.0, 3.8805559999988617, 3676.4, 3680.280555999999, 955.328418156987
'4/19/2016', 12.95, 280.0, 3.8805559999988617, 3626.0, 3629.8805559999987, 904.9284181569869
'4/20/2016', 13.44, 280.0, 3.8805559999988617, 3763.2, 3767.0805559999985, 1042.1284181569868
'4/21/2016', 13.56, 280.0, 3.8805559999988617, 3796.8, 3800.680555999999, 1075.7284181569871
'4/22/2016', 13.98, 280.0, 3.8805559999988617, 3914.4, 3918.280555999999, 1193.328418156987
'4/25/2016', 12.82, 280.0, 3.8805559999988617, 3589.6, 3593.4805559999986, 868.5284181569868
'4/26/2016', 13.18, 280.0, 3.8805559999988617, 3690.4, 3694.280555999999, 969.328418156987
'4/27/2016', 13.3, 280.0, 3.8805559999988617, 3724.0, 3727.8805559999987, 1002.9284181569869
'4/28/2016', 12.94, 280.0, 3.8805559999988617, 3623.2, 3627.0805559999985, 902.1284181569868
'4/29/2016', 12.64, 280.0, 3.8805559999988617, 3539.2000000000003, 3543.080555999999, 818.1284181569872
'5/2/2016', 12.23, 280.0, 3.8805559999988617, 3424.4, 3428.280555999999, 703.328418156987
'5/3/2016', 11.65, 280.0, 3.8805559999988617, 3262.0, 3265.8805559999987, 540.9284181569869
'5/4/2016', 11.4, 280.0, 3.8805559999988617, 3192.0, 3195.8805559999987, 470.92841815698694
'5/5/2016', 10.71, 280.0, 3.8805559999988617, 2998.8, 3002.680555999999, 277.7284181569871
'5/6/2016', 10.46, 280.0, 3.8805559999988617, 2928.8, 2932.680555999999, 207.72841815698712
'5/9/2016', 9.78, 280.0, 3.8805559999988617, 2738.3999999999996, 2742.2805559999983, 17.328418156986572
'5/10/2016', 9.82, 280.0, 3.8805559999988617, 2749.6, 2753.4805559999986, 28.528418156986845
'5/11/2016', 9.46, 280.0, 3.8805559999988617, 2648.8, 2652.680555999999, -72.27158184301288
'5/12/2016', 8.82, 280.0, 3.8805559999988617, 2469.6, 2473.4805559999986, -251.47158184301315
'5/13/2016', 8.88, 280.0, 3.8805559999988617, 2486.4, 2490.280555999999, -234.67158184301297
'5/16/2016', 8.93, 280.0, 3.8805559999988617, 2500.4, 2504.280555999999, -220.67158184301297
'5/17/2016', 8.99, 280.0, 3.8805559999988617, 2517.2000000000003, 2521.080555999999, -203.8715818430128
'5/18/2016', 8.8, 280.0, 3.8805559999988617, 2464.0, 2467.8805559999987, -257.07158184301306
'5/19/2016', 8.85, 280.0, 3.8805559999988617, 2478.0, 2481.8805559999987, -243.07158184301306
'5/20/2016', 9.15, 280.0, 3.8805559999988617, 2562.0, 2565.8805559999987, -159.07158184301306
'5/23/2016', 9.26, 280.0, 3.8805559999988617, 2592.7999999999997, 2596.6805559999984, -128.27158184301334
'5/24/2016', 9.71, 280.0, 3.8805559999988617, 2718.8, 2722.680555999999, -2.271581843012882
'5/25/2016', 10.08, 280.0, 3.8805559999988617, 2822.4, 2826.280555999999, 101.32841815698703
'5/26/2016', 9.98, 280.0, 3.8805559999988617, 2794.4, 2798.280555999999, 73.32841815698703
'5/27/2016', 10.2, 280.0, 3.8805559999988617, 2856.0, 2859.8805559999987, 134.92841815698694
'5/31/2016', 10.27, 280.0, 3.8805559999988617, 2875.6, 2879.4805559999986, 154.52841815698685
'6/1/2016', 10.32, 280.0, 3.8805559999988617, 2889.6, 2893.4805559999986, 168.52841815698685
'6/2/2016', 10.72, 280.0, 3.8805559999988617, 3001.6000000000004, 3005.480555999999, 280.5284181569873
'6/3/2016', 10.72, 280.0, 3.8805559999988617, 3001.6000000000004, 3005.480555999999, 280.5284181569873
'6/6/2016', 10.92, 280.0, 3.8805559999988617, 3057.6, 3061.4805559999986, 336.52841815698685
'6/7/2016', 11.07, 280.0, 3.8805559999988617, 3099.6, 3103.4805559999986, 378.52841815698685
'6/8/2016', 11.06, 280.0, 3.8805559999988617, 3096.8, 3100.680555999999, 375.7284181569871
'6/9/2016', 10.9, 280.0, 3.8805559999988617, 3052.0, 3055.8805559999987, 330.92841815698694
'6/10/2016', 10.26, 280.0, 3.8805559999988617, 2872.7999999999997, 2876.6805559999984, 151.72841815698666
'6/13/2016', 9.97, 280.0, 3.8805559999988617, 2791.6000000000004, 2795.480555999999, 70.5284181569873
'6/14/2016', 9.71, 280.0, 3.8805559999988617, 2718.8, 2722.680555999999, -2.271581843012882
'6/15/2016', 9.82, 280.0, 3.8805559999988617, 2749.6, 2753.4805559999986, 28.528418156986845
'6/16/2016', 9.84, 280.0, 3.8805559999988617, 2755.2, 2759.0805559999985, 34.128418156986754
'6/17/2016', 10.65, 280.0, 3.8805559999988617, 2982.0, 2985.8805559999987, 260.92841815698694
'6/20/2016', 10.85, 280.0, 3.8805559999988617, 3038.0, 3041.8805559999987, 316.92841815698694
'6/21/2016', 11.2, 280.0, 3.8805559999988617, 3136.0, 3139.8805559999987, 414.92841815698694
'6/22/2016', 11.1, 280.0, 3.8805559999988617, 3108.0, 3111.8805559999987, 386.92841815698694
'6/23/2016', 11.32, 280.0, 3.8805559999988617, 3169.6, 3173.4805559999986, 448.52841815698685
'6/24/2016', 10.78, 280.0, 3.8805559999988617, 3018.3999999999996, 3022.2805559999983, 297.3284181569866
'6/27/2016', 10.21, 280.0, 3.8805559999988617, 2858.8, 2862.680555999999, 137.72841815698712
'6/28/2016', 10.48, 280.0, 3.8805559999988617, 2934.4, 2938.280555999999, 213.32841815698703
'6/29/2016', 10.81, 280.0, 3.8805559999988617, 3026.8, 3030.680555999999, 305.7284181569871
'6/30/2016', 10.81, 280.0, 3.8805559999988617, 3026.8, 3030.680555999999, 305.7284181569871
'7/1/2016', 11.05, 280.0, 3.8805559999988617, 3094.0, 3097.8805559999987, 372.92841815698694
'7/5/2016', 10.65, 280.0, 3.8805559999988617, 2982.0, 2985.8805559999987, 260.92841815698694
'7/6/2016', 10.59, 280.0, 3.8805559999988617, 2965.2, 2969.0805559999985, 244.12841815698675
'7/7/2016', 10.77, 280.0, 3.8805559999988617, 3015.6, 3019.4805559999986, 294.52841815698685
'7/8/2016', 10.97, 280.0, 3.8805559999988617, 3071.6000000000004, 3075.480555999999, 350.5284181569873
'7/11/2016', 12.43, 280.0, 3.8805559999988617, 3480.4, 3484.280555999999, 759.328418156987
'7/12/2016', 12.46, 280.0, 3.8805559999988617, 3488.8, 3492.680555999999, 767.7284181569871
'7/13/2016', 12.43, 280.0, 3.8805559999988617, 3480.4, 3484.280555999999, 759.328418156987
'7/14/2016', 12.28, 280.0, 3.8805559999988617, 3438.3999999999996, 3442.2805559999983, 717.3284181569866
'7/15/2016', 11.9, 280.0, 3.8805559999988617, 3332.0, 3335.8805559999987, 610.9284181569869
'7/18/2016', 11.85, 280.0, 3.8805559999988617, 3318.0, 3321.8805559999987, 596.9284181569869
'7/19/2016', 11.01, 280.0, 3.8805559999988617, 3082.7999999999997, 3086.6805559999984, 361.72841815698666
'7/20/2016', 10.9, 280.0, 3.8805559999988617, 3052.0, 3055.8805559999987, 330.92841815698694
'7/21/2016', 11.23, 280.0, 3.8805559999988617, 3144.4, 3148.280555999999, 423.328418156987
'7/22/2016', 11.08, 280.0, 3.8805559999988617, 3102.4, 3106.280555999999, 381.328418156987
'7/25/2016', 11.41, 280.0, 3.8805559999988617, 3194.8, 3198.680555999999, 473.7284181569871
'7/26/2016', 11.32, 280.0, 3.8805559999988617, 3169.6, 3173.4805559999986, 448.52841815698685
'7/27/2016', 11.57, 280.0, 3.8805559999988617, 3239.6, 3243.4805559999986, 518.5284181569868
'7/28/2016', 13.02, 280.0, 3.8805559999988617, 3645.6, 3649.4805559999986, 924.5284181569868
'7/29/2016', 12.64, 280.0, 3.8805559999988617, 3539.2000000000003, 3543.080555999999, 818.1284181569872
'8/1/2016', 12.94, 280.0, 3.8805559999988617, 3623.2, 3627.0805559999985, 902.1284181569868
'8/2/2016', 12.55, 280.0, 3.8805559999988617, 3514.0, 3517.8805559999987, 792.9284181569869
'8/3/2016', 13.3, 280.0, 3.8805559999988617, 3724.0, 3727.8805559999987, 1002.9284181569869
'8/4/2016', 13.53, 280.0, 3.8805559999988617, 3788.3999999999996, 3792.2805559999983, 1067.3284181569866
'8/5/2016', 13.77, 280.0, 3.8805559999988617, 3855.6, 3859.4805559999986, 1134.5284181569868
'8/8/2016', 14.29, 280.0, 3.8805559999988617, 4001.2, 4005.0805559999985, 1280.1284181569868
'8/9/2016', 14.54, 280.0, 3.8805559999988617, 4071.2, 4075.0805559999985, 1350.1284181569868
'8/10/2016', 14.14, 280.0, 3.8805559999988617, 3959.2000000000003, 3963.080555999999, 1238.1284181569872
'8/11/2016', 13.97, 280.0, 3.8805559999988617, 3911.6000000000004, 3915.480555999999, 1190.5284181569873
'8/12/2016', 14.3, 280.0, 3.8805559999988617, 4004.0, 4007.8805559999987, 1282.928418156987
'8/15/2016', 15.61, 280.0, 3.8805559999988617, 4370.8, 4374.680555999999, 1649.7284181569876
'8/16/2016', 15.39, 280.0, 3.8805559999988617, 4309.2, 4313.080555999999, 1588.1284181569872
'8/17/2016', 15.41, 280.0, 3.8805559999988617, 4314.8, 4318.680555999999, 1593.7284181569876
'8/18/2016', 15.12, 280.0, 3.8805559999988617, 4233.599999999999, 4237.480555999999, 1512.5284181569868
'8/19/2016', 15.12, 280.0, 3.8805559999988617, 4233.599999999999, 4237.480555999999, 1512.5284181569868
'8/22/2016', 15.2, 280.0, 3.8805559999988617, 4256.0, 4259.880555999999, 1534.9284181569874
'8/23/2016', 15.51, 280.0, 3.8805559999988617, 4342.8, 4346.680555999999, 1621.7284181569876
'8/24/2016', 15.0, 280.0, 3.8805559999988617, 4200.0, 4203.880555999999, 1478.9284181569874
'8/25/2016', 14.89, 280.0, 3.8805559999988617, 4169.2, 4173.080555999999, 1448.1284181569872
'8/26/2016', 14.72, 280.0, 3.8805559999988617, 4121.6, 4125.4805559999995, 1400.5284181569878
'8/29/2016', 14.87, 280.0, 3.8805559999988617, 4163.599999999999, 4167.480555999999, 1442.5284181569868
'8/30/2016', 14.86, 280.0, 3.8805559999988617, 4160.8, 4164.680555999999, 1439.7284181569876
'8/31/2016', 14.65, 280.0, 3.8805559999988617, 4102.0, 4105.880555999999, 1380.9284181569874
'9/1/2016', 14.53, 280.0, 3.8805559999988617, 4068.3999999999996, 4072.2805559999983, 1347.3284181569866
'9/2/2016', 14.13, 280.0, 3.8805559999988617, 3956.4, 3960.280555999999, 1235.328418156987
'9/6/2016', 14.57, 280.0, 3.8805559999988617, 4079.6, 4083.4805559999986, 1358.5284181569868
'9/7/2016', 13.88, 280.0, 3.8805559999988617, 3886.4, 3890.280555999999, 1165.328418156987
'9/8/2016', 13.58, 280.0, 3.8805559999988617, 3802.4, 3806.280555999999, 1081.328418156987
'9/9/2016', 12.85, 280.0, 3.8805559999988617, 3598.0, 3601.8805559999987, 876.9284181569869
'9/12/2016', 13.2, 280.0, 3.8805559999988617, 3696.0, 3699.8805559999987, 974.9284181569869
'9/13/2016', 12.8, 280.0, 3.8805559999988617, 3584.0, 3587.8805559999987, 862.9284181569869
'9/14/2016', 13.07, 280.0, 3.8805559999988617, 3659.6, 3663.4805559999986, 938.5284181569868
'9/15/2016', 14.16, 280.0, 3.8805559999988617, 3964.8, 3968.680555999999, 1243.7284181569871
'9/16/2016', 14.96, 280.0, 3.8805559999988617, 4188.8, 4192.680555999999, 1467.7284181569876
'9/19/2016', 15.31, 280.0, 3.8805559999988617, 4286.8, 4290.680555999999, 1565.7284181569876
'9/20/2016', 14.26, 280.0, 3.8805559999988617, 3992.7999999999997, 3996.6805559999984, 1271.7284181569867
'9/21/2016', 14.97, 280.0, 3.8805559999988617, 4191.6, 4195.4805559999995, 1470.5284181569878
'9/22/2016', 16.049999, 280.0, 3.8805559999988617, 4493.99972, 4497.880275999999, 1772.9281381569872
'9/23/2016', 17.15, 280.0, 3.8805559999988617, 4802.0, 4805.880555999999, 2080.9284181569874
'9/26/2016', 16.92, 280.0, 3.8805559999988617, 4737.6, 4741.4805559999995, 2016.5284181569878
'9/27/2016', 16.790001, 280.0, 3.8805559999988617, 4701.20028, 4705.080835999999, 1980.1286981569874
'9/28/2016', 16.99, 280.0, 3.8805559999988617, 4757.2, 4761.080555999999, 2036.1284181569872
'9/29/2016', 16.6, 280.0, 3.8805559999988617, 4648.0, 4651.880555999999, 1926.9284181569874
'9/30/2016', 16.68, 280.0, 3.8805559999988617, 4670.4, 4674.280555999999, 1949.328418156987
'10/3/2016', 16.74, 280.0, 3.8805559999988617, 4687.2, 4691.080555999999, 1966.1284181569872
'10/4/2016', 16.889999, 280.0, 3.8805559999988617, 4729.19972, 4733.080275999999, 2008.128138156987
'10/5/2016', 17.129999, 280.0, 3.8805559999988617, 4796.39972, 4800.2802759999995, 2075.3281381569877
'10/6/2016', 16.790001, 280.0, 3.8805559999988617, 4701.20028, 4705.080835999999, 1980.1286981569874
'10/7/2016', 16.34, 280.0, 3.8805559999988617, 4575.2, 4579.080555999999, 1854.1284181569872
'10/10/2016', 15.66, 280.0, 3.8805559999988617, 4384.8, 4388.680555999999, 1663.7284181569876
'10/11/2016', 15.02, 280.0, 3.8805559999988617, 4205.599999999999, 4209.480555999999, 1484.5284181569868
'10/12/2016', 14.3, 280.0, 3.8805559999988617, 4004.0, 4007.8805559999987, 1282.928418156987
'10/13/2016', 13.84, 280.0, 3.8805559999988617, 3875.2, 3879.0805559999985, 1154.1284181569868
'10/14/2016', 13.6, 280.0, 3.8805559999988617, 3808.0, 3811.8805559999987, 1086.928418156987
'10/17/2016', 14.07, 280.0, 3.8805559999988617, 3939.6, 3943.4805559999986, 1218.5284181569868
'10/18/2016', 14.41, 280.0, 3.8805559999988617, 4034.8, 4038.680555999999, 1313.7284181569871
'10/19/2016', 14.73, 280.0, 3.8805559999988617, 4124.400000000001, 4128.280556, 1403.328418156988
'10/20/2016', 14.75, 280.0, 3.8805559999988617, 4130.0, 4133.880555999999, 1408.9284181569874
'10/21/2016', 14.93, 280.0, 3.8805559999988617, 4180.4, 4184.280555999999, 1459.328418156987
'10/24/2016', 13.88, 280.0, 3.8805559999988617, 3886.4, 3890.280555999999, 1165.328418156987
'10/25/2016', 13.88, 280.0, 3.8805559999988617, 3886.4, 3890.280555999999, 1165.328418156987
'10/26/2016', 14.13, 280.0, 3.8805559999988617, 3956.4, 3960.280555999999, 1235.328418156987
'10/27/2016', 13.73, 280.0, 3.8805559999988617, 3844.4, 3848.280555999999, 1123.328418156987
'10/28/2016', 13.6, 280.0, 3.8805559999988617, 3808.0, 3811.8805559999987, 1086.928418156987
'10/31/2016', 12.78, 280.0, 3.8805559999988617, 3578.3999999999996, 3582.2805559999983, 857.3284181569866
'11/1/2016', 12.48, 280.0, 3.8805559999988617, 3494.4, 3498.280555999999, 773.328418156987
'11/2/2016', 12.84, 280.0, 3.8805559999988617, 3595.2, 3599.0805559999985, 874.1284181569868
'11/3/2016', 11.94, 280.0, 3.8805559999988617, 3343.2, 3347.0805559999985, 622.1284181569868
'11/4/2016', 11.16, 280.0, 3.8805559999988617, 3124.8, 3128.680555999999, 403.7284181569871
'11/7/2016', 10.64, 280.0, 3.8805559999988617, 2979.2000000000003, 2983.080555999999, 258.1284181569872
'11/8/2016', 10.86, 280.0, 3.8805559999988617, 3040.7999999999997, 3044.6805559999984, 319.72841815698666
'11/9/2016', 10.41, 280.0, 3.8805559999988617, 2914.8, 2918.680555999999, 193.72841815698712
'11/10/2016', 10.21, 280.0, 3.8805559999988617, 2858.8, 2862.680555999999, 137.72841815698712
'11/11/2016', 10.28, 280.0, 3.8805559999988617, 2878.3999999999996, 2882.2805559999983, 157.32841815698657
'11/14/2016', 10.35, 280.0, 3.8805559999988617, 2898.0, 2901.8805559999987, 176.92841815698694
'11/15/2016', 10.14, 280.0, 3.8805559999988617, 2839.2000000000003, 2843.080555999999, 118.12841815698721
'11/16/2016', 9.9, 280.0, 3.8805559999988617, 2772.0, 2775.8805559999987, 50.928418156986936
'11/17/2016', 9.98, 280.0, 3.8805559999988617, 2794.4, 2798.280555999999, 73.32841815698703
'11/18/2016', 10.02, 280.0, 3.8805559999988617, 2805.6, 2809.4805559999986, 84.52841815698685
'11/21/2016', 9.91, 280.0, 3.8805559999988617, 2774.8, 2778.680555999999, 53.72841815698712
'11/22/2016', 9.79, 280.0, 3.8805559999988617, 2741.2, 2745.0805559999985, 20.128418156986754
'11/23/2016', 9.88, 280.0, 3.8805559999988617, 2766.4, 2770.280555999999, 45.32841815698703
'11/25/2016', 9.89, 280.0, 3.8805559999988617, 2769.2000000000003, 2773.080555999999, 48.12841815698721
'11/28/2016', 9.81, 280.0, 3.8805559999988617, 2746.8, 2750.680555999999, 25.728418156987118
'11/29/2016', 9.83, 280.0, 3.8805559999988617, 2752.4, 2756.280555999999, 31.328418156987027
'11/30/2016', 9.98, 280.0, 3.8805559999988617, 2794.4, 2798.280555999999, 73.32841815698703
'12/1/2016', 9.82, 280.0, 3.8805559999988617, 2749.6, 2753.4805559999986, 28.528418156986845
'12/2/2016', 9.7, 280.0, 3.8805559999988617, 2716.0, 2719.8805559999987, -5.071581843013064
'12/5/2016', 9.66, 280.0, 3.8805559999988617, 2704.8, 2708.680555999999, -16.271581843012882
'12/6/2016', 9.75, 280.0, 3.8805559999988617, 2730.0, 2733.8805559999987, 8.928418156986936
'12/7/2016', 9.37, 280.0, 3.8805559999988617, 2623.6, 2627.4805559999986, -97.47158184301315
'12/8/2016', 9.2, 280.0, 3.8805559999988617, 2576.0, 2579.8805559999987, -145.07158184301306
'12/9/2016', 9.23, 280.0, 3.8805559999988617, 2584.4, 2588.280555999999, -136.67158184301297
'12/12/2016', 8.81, 280.0, 3.8805559999988617, 2466.8, 2470.680555999999, -254.27158184301288
'12/13/2016', 8.82, 280.0, 3.8805559999988617, 2469.6, 2473.4805559999986, -251.47158184301315
'12/14/2016', 8.78, 280.0, 3.8805559999988617, 2458.3999999999996, 2462.2805559999983, -262.6715818430134
'12/15/2016', 8.69, 280.0, 3.8805559999988617, 2433.2, 2437.0805559999985, -287.87158184301325
'12/16/2016', 9.01, 280.0, 3.8805559999988617, 2522.7999999999997, 2526.6805559999984, -198.27158184301334
'12/19/2016', 8.92, 280.0, 3.8805559999988617, 2497.6, 2501.4805559999986, -223.47158184301315
'12/20/2016', 8.9, 280.0, 3.8805559999988617, 2492.0, 2495.8805559999987, -229.07158184301306
'12/21/2016', 8.9, 280.0, 3.8805559999988617, 2492.0, 2495.8805559999987, -229.07158184301306
'12/22/2016', 9.01, 280.0, 3.8805559999988617, 2522.7999999999997, 2526.6805559999984, -198.27158184301334
'12/23/2016', 9.19, 280.0, 3.8805559999988617, 2573.2, 2577.0805559999985, -147.87158184301325
'12/27/2016', 9.09, 280.0, 3.8805559999988617, 2545.2, 2549.0805559999985, -175.87158184301325
'12/28/2016', 8.95, 280.0, 3.8805559999988617, 2506.0, 2509.8805559999987, -215.07158184301306
'12/29/2016', 8.84, 280.0, 3.8805559999988617, 2475.2, 2479.0805559999985, -245.87158184301325
'12/30/2016', 8.71, 280.0, 3.8805559999988617, 2438.8, 2442.680555999999, -282.2715818430129
'1/3/2017', 8.77, 280.0, 3.8805559999988617, 2455.6, 2459.4805559999986, -265.47158184301315
'1/4/2017', 9.02, 280.0, 3.8805559999988617, 2525.6, 2529.4805559999986, -195.47158184301315
'1/5/2017', 9.35, 280.0, 3.8805559999988617, 2618.0, 2621.8805559999987, -103.07158184301306
'1/6/2017', 9.07, 280.0, 3.8805559999988617, 2539.6, 2543.4805559999986, -181.47158184301315
'1/9/2017', 9.06, 280.0, 3.8805559999988617, 2536.8, 2540.680555999999, -184.27158184301288
'1/10/2017', 9.02, 280.0, 3.8805559999988617, 2525.6, 2529.4805559999986, -195.47158184301315
'1/11/2017', 9.12, 280.0, 3.8805559999988617, 2553.6, 2557.4805559999986, -167.47158184301315
'1/12/2017', 9.15, 280.0, 3.8805559999988617, 2562.0, 2565.8805559999987, -159.07158184301306
'1/13/2017', 9.27, 280.0, 3.8805559999988617, 2595.6, 2599.4805559999986, -125.47158184301315
'1/17/2017', 9.42, 280.0, 3.8805559999988617, 2637.6, 2641.4805559999986, -83.47158184301315
'1/18/2017', 9.22, 280.0, 3.8805559999988617, 2581.6000000000004, 2585.480555999999, -139.4715818430127
'1/19/2017', 9.17, 280.0, 3.8805559999988617, 2567.6, 2571.4805559999986, -153.47158184301315
'1/20/2017', 9.51, 280.0, 3.8805559999988617, 2662.7999999999997, 2666.6805559999984, -58.27158184301334
'1/23/2017', 9.4, 280.0, 3.8805559999988617, 2632.0, 2635.8805559999987, -89.07158184301306
'1/24/2017', 10.13, 280.0, 3.8805559999988617, 2836.4, 2840.280555999999, 115.32841815698703
'1/25/2017', 10.0, 280.0, 3.8805559999988617, 2800.0, 2803.8805559999987, 78.92841815698694
'1/26/2017', 10.03, 280.0, 3.8805559999988617, 2808.3999999999996, 2812.2805559999983, 87.32841815698657
'1/27/2017', 10.07, 280.0, 3.8805559999988617, 2819.6, 2823.4805559999986, 98.52841815698685
'1/30/2017', 10.8, 280.0, 3.8805559999988617, 3024.0, 3027.8805559999987, 302.92841815698694
'1/31/2017', 10.75, 280.0, 3.8805559999988617, 3010.0, 3013.8805559999987, 288.92841815698694
'2/1/2017', 10.57, 280.0, 3.8805559999988617, 2959.6, 2963.4805559999986, 238.52841815698685
'2/2/2017', 10.97, 280.0, 3.8805559999988617, 3071.6000000000004, 3075.480555999999, 350.5284181569873
'2/3/2017', 9.58, 280.0, 3.8805559999988617, 2682.4, 2686.280555999999, -38.67158184301297
'2/6/2017', 9.51, 280.0, 3.8805559999988617, 2662.7999999999997, 2666.6805559999984, -58.27158184301334
'2/7/2017', 9.34, 280.0, 3.8805559999988617, 2615.2, 2619.0805559999985, -105.87158184301325
'2/8/2017', 8.84, 280.0, 3.8805559999988617, 2475.2, 2479.0805559999985, -245.87158184301325
'2/9/2017', 8.74, 280.0, 3.8805559999988617, 2447.2000000000003, 2451.080555999999, -273.8715818430128
'2/10/2017', 8.9, 280.0, 3.8805559999988617, 2492.0, 2495.8805559999987, -229.07158184301306
'2/13/2017', 9.05, 280.0, 3.8805559999988617, 2534.0, 2537.8805559999987, -187.07158184301306
'2/14/2017', 9.17, 280.0, 3.8805559999988617, 2567.6, 2571.4805559999986, -153.47158184301315
'2/15/2017', 9.44, 280.0, 3.8805559999988617, 2643.2, 2647.0805559999985, -77.87158184301325
'2/16/2017', 9.33, 280.0, 3.8805559999988617, 2612.4, 2616.280555999999, -108.67158184301297
'2/17/2017', 9.25, 280.0, 3.8805559999988617, 2590.0, 2593.8805559999987, -131.07158184301306
'2/21/2017', 9.46, 280.0, 3.8805559999988617, 2648.8, 2652.680555999999, -72.27158184301288
'2/22/2017', 9.51, 280.0, 3.8805559999988617, 2662.7999999999997, 2666.6805559999984, -58.27158184301334
'2/23/2017', 9.57, 280.0, 3.8805559999988617, 2679.6, 2683.4805559999986, -41.471581843013155
'2/24/2017', 9.43, 280.0, 3.8805559999988617, 2640.4, 2644.280555999999, -80.67158184301297
'2/27/2017', 9.66, 280.0, 3.8805559999988617, 2704.8, 2708.680555999999, -16.271581843012882
'2/28/2017', 9.4, 280.0, 3.8805559999988617, 2632.0, 2635.8805559999987, -89.07158184301306
'3/1/2017', 9.42, 280.0, 3.8805559999988617, 2637.6, 2641.4805559999986, -83.47158184301315
'3/2/2017', 9.27, 280.0, 3.8805559999988617, 2595.6, 2599.4805559999986, -125.47158184301315
'3/3/2017', 8.84, 280.0, 3.8805559999988617, 2475.2, 2479.0805559999985, -245.87158184301325
'3/6/2017', 8.14, 280.0, 3.8805559999988617, 2279.2000000000003, 2283.080555999999, -441.8715818430128
'3/7/2017', 7.93, 280.0, 3.8805559999988617, 2220.4, 2224.280555999999, -500.671581843013
'3/8/2017', 7.98, 280.0, 3.8805559999988617, 2234.4, 2238.280555999999, -486.671581843013
'3/9/2017', 7.96, 280.0, 3.8805559999988617, 2228.8, 2232.680555999999, -492.2715818430129
'3/10/2017', 7.97, 280.0, 3.8805559999988617, 2231.6, 2235.4805559999986, -489.47158184301315
'3/13/2017', 7.57, 280.0, 3.8805559999988617, 2119.6, 2123.4805559999986, -601.4715818430132
'3/14/2017', 7.24, 280.0, 3.8805559999988617, 2027.2, 2031.080555999999, -693.8715818430128
'3/15/2017', 7.35, 280.0, 3.8805559999988617, 2058.0, 2061.8805559999987, -663.0715818430131
'3/16/2017', 8.51, 280.0, 3.8805559999988617, 2382.7999999999997, 2386.6805559999984, -338.27158184301334
'3/17/2017', 8.57, 280.0, 3.8805559999988617, 2399.6, 2403.4805559999986, -321.47158184301315
'3/20/2017', 8.66, 280.0, 3.8805559999988617, 2424.8, 2428.680555999999, -296.2715818430129
'3/21/2017', 8.4, 280.0, 3.8805559999988617, 2352.0, 2355.8805559999987, -369.07158184301306
'3/22/2017', 8.33, 280.0, 3.8805559999988617, 2332.4, 2336.280555999999, -388.671581843013
'3/23/2017', 8.36, 280.0, 3.8805559999988617, 2340.7999999999997, 2344.6805559999984, -380.27158184301334
'3/24/2017', 8.3, 280.0, 3.8805559999988617, 2324.0, 2327.8805559999987, -397.07158184301306
'3/27/2017', 8.43, 280.0, 3.8805559999988617, 2360.4, 2364.280555999999, -360.671581843013
'3/28/2017', 8.57, 280.0, 3.8805559999988617, 2399.6, 2403.4805559999986, -321.47158184301315
'3/29/2017', 8.73, 280.0, 3.8805559999988617, 2444.4, 2448.280555999999, -276.671581843013
'3/30/2017', 8.66, 280.0, 3.8805559999988617, 2424.8, 2428.680555999999, -296.2715818430129
'3/31/2017', 8.7, 280.0, 3.8805559999988617, 2436.0, 2439.8805559999987, -285.07158184301306
'4/3/2017', 8.61, 280.0, 3.8805559999988617, 2410.7999999999997, 2414.6805559999984, -310.27158184301334
'4/4/2017', 8.43, 280.0, 3.8805559999988617, 2360.4, 2364.280555999999, -360.671581843013
'4/5/2017', 8.43, 280.0, 3.8805559999988617, 2360.4, 2364.280555999999, -360.671581843013
'4/6/2017', 8.51, 280.0, 3.8805559999988617, 2382.7999999999997, 2386.6805559999984, -338.27158184301334
'4/7/2017', 8.55, 280.0, 3.8805559999988617, 2394.0, 2397.8805559999987, -327.07158184301306
'4/10/2017', 8.69, 280.0, 3.8805559999988617, 2433.2, 2437.0805559999985, -287.87158184301325
'4/11/2017', 8.95, 280.0, 3.8805559999988617, 2506.0, 2509.8805559999987, -215.07158184301306
'4/12/2017', 8.69, 280.0, 3.8805559999988617, 2433.2, 2437.0805559999985, -287.87158184301325
'4/13/2017', 8.63, 280.0, 3.8805559999988617, 2416.4, 2420.280555999999, -304.671581843013
'4/17/2017', 8.75, 280.0, 3.8805559999988617, 2450.0, 2453.8805559999987, -271.07158184301306
'4/18/2017', 8.75, 280.0, 3.8805559999988617, 2450.0, 2453.8805559999987, -271.07158184301306
'4/19/2017', 8.88, 280.0, 3.8805559999988617, 2486.4, 2490.280555999999, -234.67158184301297
'4/20/2017', 8.97, 280.0, 3.8805559999988617, 2511.6000000000004, 2515.480555999999, -209.4715818430127
'4/21/2017', 8.87, 280.0, 3.8805559999988617, 2483.6, 2487.4805559999986, -237.47158184301315
'4/24/2017', 9.01, 280.0, 3.8805559999988617, 2522.7999999999997, 2526.6805559999984, -198.27158184301334
'4/25/2017', 9.18, 280.0, 3.8805559999988617, 2570.4, 2574.280555999999, -150.67158184301297
'4/26/2017', 9.14, 280.0, 3.8805559999988617, 2559.2000000000003, 2563.080555999999, -161.8715818430128
'4/27/2017', 8.94, 280.0, 3.8805559999988617, 2503.2, 2507.0805559999985, -217.87158184301325
'4/28/2017', 8.25, 280.0, 3.8805559999988617, 2310.0, 2313.8805559999987, -411.07158184301306
'5/1/2017', 8.52, 280.0, 3.8805559999988617, 2385.6, 2389.4805559999986, -335.47158184301315
'5/2/2017', 8.68, 280.0, 3.8805559999988617, 2430.4, 2434.280555999999, -290.671581843013
'5/3/2017', 8.4, 280.0, 3.8805559999988617, 2352.0, 2355.8805559999987, -369.07158184301306
'5/4/2017', 8.26, 280.0, 3.8805559999988617, 2312.7999999999997, 2316.6805559999984, -408.27158184301334
'5/5/2017', 8.42, 280.0, 3.8805559999988617, 2357.6, 2361.4805559999986, -363.47158184301315
'5/8/2017', 8.41, 280.0, 3.8805559999988617, 2354.8, 2358.680555999999, -366.2715818430129
'5/9/2017', 8.31, 280.0, 3.8805559999988617, 2326.8, 2330.680555999999, -394.2715818430129
'5/10/2017', 8.53, 280.0, 3.8805559999988617, 2388.3999999999996, 2392.2805559999983, -332.6715818430134
'5/11/2017', 8.62, 280.0, 3.8805559999988617, 2413.6, 2417.4805559999986, -307.47158184301315
'5/12/2017', 8.54, 280.0, 3.8805559999988617, 2391.2, 2395.0805559999985, -329.87158184301325
