Date,Open,High,Low,Close,Volume,Adj Close
4/20/2017,234.149994,235.850006,233.779999,235.339996,88657000,235.339996
4/19/2017,234.520004,234.949997,233.179993,233.440002,66861500,233.440002
4/18/2017,233.720001,234.490005,233.080002,233.869995,80188300,233.869995
4/17/2017,233.110001,234.570007,232.880005,234.570007,63559500,234.570007
4/13/2017,233.639999,234.490005,232.509995,232.509995,83019800,232.509995
4/12/2017,234.740005,234.960007,233.770004,234.029999,76322100,234.029999
4/11/2017,234.899994,235.179993,233.339996,235.059998,85727700,235.059998
4/10/2017,235.360001,236.259995,234.729996,235.339996,67615300,235.339996
4/7/2017,235.149994,236,234.639999,235.199997,74412300,235.199997
4/6/2017,234.940002,236.039993,234.429993,235.440002,69135800,235.440002
4/5/2017,236.259995,237.389999,234.539993,234.779999,108800600,234.779999
4/4/2017,235,235.580002,234.559998,235.479996,56466200,235.479996
4/3/2017,235.800003,236.029999,233.910004,235.330002,85546500,235.330002
3/31/2017,235.899994,236.509995,235.679993,235.740005,73733100,235.740005
3/30/2017,235.470001,236.520004,235.270004,236.289993,56737900,236.289993
3/29/2017,234.990005,235.809998,234.729996,235.539993,61950400,235.539993
3/28/2017,233.270004,235.809998,233.139999,235.320007,93483900,235.320007
3/27/2017,231.929993,233.919998,231.610001,233.619995,87454500,233.619995
3/24/2017,234.380005,235.039993,232.960007,233.860001,112504900,233.860001
3/23/2017,234.279999,235.339996,233.600006,234.029999,100410300,234.029999
3/22/2017,233.770004,234.610001,233.050003,234.279999,97569200,234.279999
3/21/2017,237.470001,237.610001,233.580002,233.729996,131809300,233.729996
3/20/2017,237.029999,237.360001,236.320007,236.770004,52537000,236.770004
3/17/2017,237.75,237.970001,237.029999,237.029999,89002100,237.029999
3/16/2017,239.110001,239.199997,238.100006,238.479996,78344000,237.446998
3/15/2017,237.559998,239.440002,237.289993,238.949997,96081800,237.914964
3/14/2017,237.179993,237.240005,236.190002,236.899994,59880800,235.873841
3/13/2017,237.619995,237.860001,237.240005,237.809998,57256800,236.779902
3/10/2017,237.970001,238.020004,236.589996,237.690002,81991700,236.660427
3/9/2017,236.699997,237.240005,235.740005,236.860001,90683900,235.83402
3/8/2017,237.339996,237.639999,236.399994,236.559998,78168800,235.535317
3/7/2017,237.360001,237.770004,236.759995,237,65103700,235.973413
3/6/2017,237.5,238.119995,237.009995,237.710007,55391500,236.680345
3/3/2017,238.169998,238.610001,237.729996,238.419998,81974300,237.387261
3/2/2017,239.559998,239.570007,238.210007,238.270004,70246000,237.237917
3/1/2017,238.389999,240.320007,238.369995,239.779999,149158200,238.74137
2/28/2017,236.669998,236.949997,236.020004,236.470001,96961900,235.44571
2/27/2017,236.639999,237.309998,236.350006,237.110001,56515400,236.082938
2/24/2017,235.460007,236.789993,235.410004,236.740005,82381600,235.714545
2/23/2017,236.880005,236.899994,235.559998,236.440002,74615900,235.415842
2/22/2017,236.020004,236.539993,235.830002,236.279999,62115200,235.256531
2/21/2017,235.520004,236.690002,235.509995,236.490005,88946100,235.465628
2/17/2017,233.949997,235.089996,233.929993,235.089996,77204100,234.071683
2/16/2017,234.949997,235.160004,233.850006,234.720001,84722400,233.703291
2/15/2017,233.449997,235.139999,233.389999,234.919998,86785800,233.902421
2/14/2017,232.559998,233.710007,232.160004,233.699997,71109000,232.687705
2/13/2017,232.080002,233.070007,232.050003,232.770004,55182100,231.76174
2/10/2017,231,231.770004,230.619995,231.509995,66015900,230.507188
2/9/2017,229.240005,230.949997,229.240005,230.600006,65955200,229.601142
2/8/2017,228.940002,229.389999,228.309998,229.240005,51566200,228.247032
2/7/2017,229.380005,229.660004,228.720001,228.940002,57931200,227.948329
2/6/2017,228.869995,229.330002,228.539993,228.929993,57790100,227.938362
2/3/2017,228.820007,229.550003,228.460007,229.339996,80563200,228.34659
2/2/2017,227.619995,228.100006,226.820007,227.770004,69657600,226.783398
2/1/2017,227.529999,228.589996,226.940002,227.619995,79117700,226.634039
1/31/2017,226.979996,227.600006,226.320007,227.529999,75880800,226.544432
1/30/2017,228.169998,228.199997,226.410004,227.550003,79737300,226.56435
1/27/2017,229.419998,229.589996,228.759995,228.970001,59711100,227.978197
1/26/2017,229.399994,229.710007,229.009995,229.330002,59970700,228.336639
1/25/2017,228.699997,229.570007,228.509995,229.570007,84437700,228.575604
1/24/2017,226.399994,228.080002,226.270004,227.600006,95555300,226.614136
1/23/2017,226.740005,226.809998,225.270004,226.149994,75061600,225.170405
1/20/2017,226.699997,227.309998,225.970001,226.740005,129168600,225.757861
1/19/2017,226.839996,227,225.410004,225.910004,66608800,224.931454
1/18/2017,226.539993,226.800003,225.899994,226.75,54793300,225.767812
1/17/2017,226.309998,226.779999,225.800003,226.25,61240800,225.269978
1/13/2017,226.729996,227.399994,226.690002,227.050003,62717900,226.066516
1/12/2017,226.5,226.75,224.960007,226.529999,72113200,225.548764
1/11/2017,226.360001,227.100006,225.589996,227.100006,74650000,226.116302
1/10/2017,226.479996,227.449997,226.009995,226.460007,63771900,225.479075
1/9/2017,226.910004,227.070007,226.419998,226.460007,46265300,225.479075
1/6/2017,226.529999,227.75,225.899994,227.210007,71559900,226.225826
1/5/2017,226.270004,226.580002,225.479996,226.399994,78379000,225.419322
1/4/2017,225.619995,226.75,225.610001,226.580002,78744400,225.59855
1/3/2017,225.039993,225.830002,223.880005,225.240005,91366500,224.264358
12/30/2016,224.729996,224.830002,222.729996,223.529999,108998300,222.561759
12/29/2016,224.479996,224.889999,223.839996,224.350006,48696100,223.378214
12/28/2016,226.570007,226.589996,224.270004,224.399994,64095000,223.427985
12/27/2016,226.020004,226.729996,226,226.270004,42672500,225.289896
12/23/2016,225.429993,225.720001,225.210007,225.710007,36697800,224.732324
12/22/2016,225.600006,225.740005,224.919998,225.380005,56219100,224.403751
12/21/2016,226.25,226.449997,225.770004,225.770004,67909000,224.792061
12/20/2016,226.149994,226.570007,225.880005,226.399994,89838800,225.419322
12/19/2016,225.25,226.020004,225.080002,225.529999,90341100,224.553096
12/16/2016,226.009995,226.080002,224.669998,225.039993,156420200,224.065213
12/15/2016,226.160004,227.809998,225.889999,226.809998,124972600,224.504304
12/14/2016,227.410004,228.229996,225.369995,225.880005,142501800,223.583765
12/13/2016,227.020004,228.339996,227,227.759995,110477500,225.444643
12/12/2016,226.399994,226.960007,225.759995,226.25,102016100,223.949999
12/9/2016,225.410004,226.529999,225.369995,226.509995,88005800,224.20735
12/8/2016,224.570007,225.699997,224.259995,225.149994,99714400,222.861175
12/7/2016,221.520004,224.669998,221.380005,224.600006,110738100,222.316778
12/6/2016,221.220001,221.740005,220.660004,221.699997,59877400,219.44625
12/5/2016,220.649994,221.399994,220.419998,221,67837800,218.753369
12/2/2016,219.669998,220.25,219.259995,219.679993,74840300,217.446781
12/1/2016,220.729996,220.729996,219.149994,219.570007,79040500,217.337913
11/30/2016,221.630005,221.820007,220.309998,220.380005,113291800,218.139677
11/29/2016,220.520004,221.440002,220.169998,220.910004,69886700,218.664288
11/28/2016,221.160004,221.479996,220.360001,220.479996,76572500,218.238651
11/25/2016,221.100006,221.559998,221.009995,221.520004,37872300,219.268087
11/23/2016,219.979996,220.759995,219.75,220.699997,56620200,218.456416
11/22/2016,220.509995,220.789993,219.729996,220.580002,67429000,218.33764
11/21/2016,219.169998,220.179993,219,220.149994,72402600,217.912004
11/18/2016,219.070007,219.270004,218.289993,218.5,86265800,216.278783
11/17/2016,218.050003,219.059998,217.919998,218.990005,69797200,216.763808
11/16/2016,217.559998,218.139999,217.419998,217.869995,65617700,215.655183
11/15/2016,217.039993,218.279999,216.800003,218.279999,91652600,216.061019
11/14/2016,217.029999,217.270004,215.720001,216.589996,94580000,214.388196
11/11/2016,216.080002,216.699997,215.320007,216.419998,100552700,214.219926
11/10/2016,217.300003,218.309998,215.220001,216.919998,172113300,214.714843
11/9/2016,212.369995,217.100006,212.339996,216.380005,258429000,214.18034
11/8/2016,212.690002,214.770004,212.380005,214.110001,106772100,211.933412
11/7/2016,208.550003,213.190002,208.550003,213.149994,109794900,210.983164
11/4/2016,208.910004,209.889999,208.380005,208.550003,109122100,206.429936
11/3/2016,209.990005,210.240005,208.460007,208.779999,88939300,206.657593
11/2/2016,210.649994,211.100006,209.229996,209.740005,103330800,207.607841
11/1/2016,212.929993,212.990005,209.600006,211.009995,122781800,208.864919
10/31/2016,212.929993,213.190002,212.360001,212.550003,61272500,210.389273
10/28/2016,213.139999,213.929993,211.710007,212.539993,140623200,210.379365
10/27/2016,214.580002,214.619995,213.080002,213.169998,77220200,211.002965
10/26/2016,213.210007,214.419998,212.929993,213.740005,75705500,211.567178
10/25/2016,214.679993,214.979996,213.979996,214.169998,66542300,211.992799
10/24/2016,215,215.320007,214.479996,214.889999,60146600,212.705481
10/21/2016,213.880005,214.080002,212.759995,213.979996,89089100,211.804728
10/20/2016,213.869995,214.529999,213.110001,213.880005,73639800,211.705754
10/19/2016,214.020004,214.639999,213.600006,214.279999,66519200,212.101682
10/18/2016,214.240005,214.309998,213.270004,213.710007,76869700,211.537484
10/17/2016,213.089996,213.389999,212.169998,212.380005,58275700,210.221003
10/14/2016,214.149994,214.690002,213.029999,213.119995,93346200,210.95347
10/13/2016,212.160004,213.589996,211.210007,213.009995,101357000,210.844588
10/12/2016,213.589996,214.320007,213.009995,213.710007,73866100,211.537484
10/11/2016,215.660004,215.740005,212.580002,213.429993,130367400,211.260317
10/10/2016,216.160004,216.699997,215.990005,216.160004,51855000,213.962575
10/7/2016,216.100006,216.300003,214.190002,215.039993,89788300,212.85395
10/6/2016,215.369995,216.039993,214.740005,215.779999,62927400,213.586433
10/5/2016,215.410004,216.130005,215.330002,215.630005,72816000,213.437964
10/4/2016,215.910004,216.169998,213.990005,214.679993,119948100,212.497609
10/3/2016,215.820007,216.039993,215.039993,215.779999,83512100,213.586433
9/30/2016,215.649994,217.119995,215.360001,216.300003,117202900,214.101151
9/29/2016,216.399994,216.869995,214.039993,214.679993,128070600,212.497609
9/28/2016,215.830002,216.820007,214.710007,216.639999,87411000,214.437691
9/27/2016,214.050003,215.679993,213.619995,215.570007,78494800,213.378576
9/26/2016,215.020004,215.229996,214.009995,214.240005,89827300,212.062095
9/23/2016,216.720001,216.880005,215.880005,215.990005,73630900,213.794305
9/22/2016,217,217.529999,216.710007,217.179993,76678700,214.972195
9/21/2016,214.240005,216.029999,213.440002,215.820007,110284400,213.626035
9/20/2016,214.410004,214.589996,213.380005,213.419998,69665300,211.250424
9/19/2016,214.130005,214.880005,213.029999,213.410004,80250500,211.240531
9/16/2016,213.479996,213.690002,212.570007,213.369995,155236400,211.200929
9/15/2016,212.960007,215.729996,212.75,215.279999,134427900,212.020519
9/14/2016,213.289993,214.699997,212.5,213.149994,134185500,209.922764
9/13/2016,214.839996,215.149994,212.5,213.229996,182828800,210.001554
9/12/2016,212.389999,216.809998,212.309998,216.339996,168110900,213.064468
9/9/2016,216.970001,217.029999,213.25,213.279999,221589100,210.0508
9/8/2016,218.619995,218.940002,218.149994,218.509995,74102900,215.201611
9/7/2016,218.839996,219.220001,218.300003,219.009995,76554900,215.69404
9/6/2016,218.699997,219.119995,217.860001,219.029999,56702100,215.713742
9/2/2016,218.389999,218.869995,217.699997,218.369995,79293900,215.063731
9/1/2016,217.369995,217.729996,216.029999,217.389999,97844200,214.098573
8/31/2016,217.610001,217.75,216.470001,217.380005,85269500,214.08873
8/30/2016,218.259995,218.589996,217.350006,218,58114500,214.699338
8/29/2016,217.440002,218.669998,217.399994,218.360001,70502200,215.053888
8/26/2016,217.919998,219.119995,216.25,217.289993,122506300,214.000081
8/25/2016,217.399994,218.190002,217.220001,217.699997,69224800,214.403877
8/24/2016,218.800003,218.910004,217.360001,217.850006,71728900,214.551615
8/23/2016,219.25,219.600006,218.899994,218.970001,53399200,215.654652
8/22/2016,218.259995,218.800003,217.830002,218.529999,61368800,215.221312
8/19/2016,218.309998,218.75,217.740005,218.539993,75443000,215.231155
8/18/2016,218.339996,218.899994,218.210007,218.860001,52989300,215.546317
8/17/2016,218,218.529999,217.020004,218.369995,75134300,215.063731
8/16/2016,218.600006,218.679993,217.960007,217.960007,53213600,214.65995
8/15/2016,218.889999,219.5,218.880005,219.089996,49813500,215.772831
8/12/2016,218.289993,218.710007,217.990005,218.460007,61313500,215.15238
8/11/2016,218.259995,218.940002,217.949997,218.649994,72504300,215.33949
8/10/2016,218.309998,218.399994,217.229996,217.639999,57941100,214.344788
8/9/2016,218.130005,218.759995,217.800003,218.179993,51251700,214.876605
8/8/2016,218.399994,218.520004,217.740005,218.050003,39906500,214.748584
8/5/2016,216.410004,218.229996,216.410004,218.179993,71892200,214.876605
8/4/2016,216.309998,216.779999,214.25,216.410004,46585500,213.133415
8/3/2016,215.479996,216.25,215.130005,216.179993,53993600,212.906886
8/2/2016,216.649994,216.830002,214.570007,215.550003,92295500,212.286435
8/1/2016,217.190002,217.649994,216.410004,216.940002,73311400,213.655389
7/29/2016,216.460007,217.539993,216.130005,217.119995,79519400,213.832657
7/28/2016,216.289993,217.110001,215.75,216.770004,65035700,213.487965
7/27/2016,217.190002,217.270004,215.619995,216.520004,84083900,213.24175
7/26/2016,216.529999,217.169998,215.759995,216.75,70080500,213.468264
7/25/2016,217,217.059998,215.970001,216.649994,55873100,213.369772
7/22/2016,216.410004,217.300003,216.100006,217.240005,62787500,213.95085
7/21/2016,216.960007,217.220001,215.75,216.270004,67777300,212.995535
7/20/2016,216.190002,217.369995,216.190002,217.089996,58159500,213.803112
7/19/2016,215.919998,216.229996,215.630005,216.190002,54345700,212.916745
7/18/2016,215.970001,216.600006,215.669998,216.410004,58725900,213.133415
7/15/2016,216.779999,217.009995,215.309998,215.830002,107155400,212.562195
7/14/2016,216.399994,216.669998,215.660004,216.119995,91230900,212.847797
7/13/2016,215.440002,215.449997,214.350006,214.919998,87324100,211.665969
7/12/2016,214.529999,215.300003,213.429993,214.949997,101275600,211.695514
7/11/2016,213.190002,214.070007,212.949997,213.399994,73633900,210.168979
7/8/2016,211.050003,212.940002,210.779999,212.649994,133971000,209.430334
7/7/2016,209.869995,210.649994,208.630005,209.529999,85593800,206.357578
7/6/2016,207.830002,209.800003,207.059998,209.660004,96021500,206.485614
7/5/2016,208.949997,209.080002,207.710007,208.410004,109803700,205.25454
7/1/2016,209.479996,210.490005,209.289993,209.919998,106055300,206.741672
6/30/2016,207.210007,209.539993,206.559998,209.479996,165021900,206.308332
6/29/2016,204.839996,206.929993,204.720001,206.660004,137328600,203.531036
6/28/2016,201.479996,203.229996,201.119995,203.199997,159382400,200.123416
6/27/2016,201.589996,201.600006,198.649994,199.600006,230775800,196.577932
6/24/2016,203.630005,210.850006,202.720001,203.240005,333444400,200.162819
6/23/2016,209.809998,210.869995,209.270004,210.809998,102731400,207.618197
6/22/2016,208.649994,209.5,207.929993,208.100006,95560500,204.949236
6/21/2016,208.300003,208.919998,207.779999,208.440002,72461700,205.284085
6/20/2016,208.820007,209.610001,207.75,207.850006,82789600,204.703021
6/17/2016,207.169998,207.199997,205.75,206.520004,117055700,203.393157
6/16/2016,207.75,208.570007,205.589996,208.369995,149533100,204.153454
6/15/2016,208.039993,209.360001,207.529999,207.75,109124500,203.546005
6/14/2016,208,208.740005,206.919998,208.039993,125059300,203.83013
6/13/2016,209.360001,210.369995,208.350006,208.449997,117751200,204.231837
6/10/2016,210.460007,210.860001,209.429993,210.070007,113829200,205.819065
6/9/2016,211.509995,212.220001,211.190002,212.080002,73786900,207.788386
6/8/2016,211.839996,212.520004,211.690002,212.369995,66170900,208.072511
6/7/2016,211.529999,212.339996,211.5,211.679993,60974800,207.396471
6/6/2016,210.699997,211.770004,210.509995,211.350006,64887000,207.073162
6/3/2016,210.25,210.690002,208.860001,210.279999,101757100,206.024807
6/2/2016,209.800003,210.929993,209.240005,210.910004,63044700,206.642063
6/1/2016,209.119995,210.479996,208.889999,210.270004,69936200,206.015015
5/31/2016,210.559998,210.690002,209.179993,209.839996,109879400,205.593708
5/27/2016,209.529999,210.25,209.470001,210.240005,59329000,205.985623
5/26/2016,209.440002,209.710007,208.970001,209.339996,55280700,205.103826
5/25/2016,208.669998,209.770004,207.869995,209.279999,76621400,205.045043
5/24/2016,206.169998,208.240005,206.139999,207.869995,93537800,203.663572
5/23/2016,205.509995,205.839996,204.990005,205.210007,58682600,201.057411
5/20/2016,204.919998,206.100006,204.860001,205.490005,104990400,201.331743
5/19/2016,204.059998,204.539993,202.779999,204.199997,115430500,200.067839
5/18/2016,204.440002,206.300003,203.630005,204.910004,120062100,200.763478
5/17/2016,206.460007,206.800003,204.229996,204.850006,114924900,200.704695
5/16/2016,204.960007,207.339996,204.889999,206.779999,77486800,202.595633
5/13/2016,206.210007,206.860001,204.380005,204.759995,96474600,200.616505
5/12/2016,207.289993,207.490005,205.369995,206.559998,89586300,202.380083
5/11/2016,207.910004,208.539993,206.5,206.5,81727000,202.3213
5/10/2016,206.720001,208.470001,206.639999,208.449997,77472200,204.231837
5/9/2016,205.570007,206.399994,205.360001,205.889999,74374900,201.723643
5/6/2016,204.059998,205.770004,203.880005,205.720001,83784900,201.557085
5/5/2016,205.559998,205.979996,204.470001,204.970001,67619200,200.822262
5/4/2016,204.990005,205.850006,204.419998,205.009995,92243800,200.861446
5/3/2016,206.520004,206.800003,205.279999,206.160004,101267500,201.988184
5/2/2016,206.919998,208.179993,206.410004,207.970001,62188000,203.761554
4/29/2016,206.720001,207.130005,205.029999,206.330002,142424100,202.154742
4/28/2016,208.460007,209.759995,206.960007,207.449997,97216200,203.252073
4/27/2016,208.470001,209.809998,208.050003,209.350006,77329400,205.113634
4/26/2016,209.039993,209.520004,208.360001,208.919998,75864200,204.692327
4/25/2016,208.259995,208.660004,207.539993,208.610001,66166500,204.388603
4/22/2016,208.550003,209.289993,207.910004,208.970001,99251700,204.741318
4/21/2016,210.119995,210.25,208.649994,208.970001,85695000,204.741318
4/20/2016,209.949997,210.919998,209.389999,210.100006,81100300,205.848457
4/19/2016,209.740005,210.199997,208.940002,209.899994,88316100,205.652492
4/18/2016,207.779999,209.279999,207,209.240005,75277700,205.005859
4/15/2016,208.009995,208.169998,207.399994,207.779999,75761600,203.575397
4/14/2016,208.070007,208.600006,207.600006,208.009995,65212900,203.800738
4/13/2016,207,208.100006,206.839996,208,96336400,203.790946
4/12/2016,204.220001,206.25,203.699997,205.919998,115350600,201.753035
4/11/2016,205.25,206.070007,203.910004,204.020004,83757500,199.891489
4/8/2016,205.339996,205.850006,203.869995,204.5,95040600,200.361771
4/7/2016,205.139999,205.559998,203.089996,203.949997,113859000,199.822898
4/6/2016,204.190002,206.490005,203.979996,206.419998,91839800,202.242917
4/5/2016,204.669998,206.259995,203.889999,204.190002,99662200,200.058047
4/4/2016,206.830002,207.070007,205.889999,206.25,63497000,202.076359
4/1/2016,204.350006,207.139999,203.979996,206.919998,114423500,202.732799
3/31/2016,205.910004,206.410004,205.330002,205.520004,94584100,201.361135
3/30/2016,206.300003,206.869995,205.589996,206.020004,86365300,201.851017
3/29/2016,202.759995,205.25,202.399994,205.119995,92922900,200.96922
3/28/2016,203.610001,203.860001,202.710007,203.240005,62408200,199.127274
3/24/2016,202,203.160004,201.740005,203.119995,84360900,199.009692
3/23/2016,204.110001,204.330002,203.009995,203.210007,81052500,199.097882
3/22/2016,203.759995,205.229996,203.570007,204.559998,97471900,200.420555
3/21/2016,204.070007,204.940002,203.800003,204.669998,72926700,200.52833
3/18/2016,204.169998,204.779999,203.800003,204.380005,138372400,200.244205
3/17/2016,203.240005,205.229996,202.770004,204.630005,134278500,199.460398
3/16/2016,201.600006,203.820007,201.550003,203.339996,129303200,198.202979
3/15/2016,201.360001,202.529999,201.050003,202.169998,93169100,197.062539
3/14/2016,202.160004,203.039993,201.770004,202.5,73612000,197.384204
3/11/2016,201.259995,202.809998,199.520004,202.759995,137964500,197.63763
3/10/2016,199.960007,201.070007,197.380005,199.539993,156838700,194.498976
3/9/2016,199.360001,199.789993,198.429993,199.380005,94801200,194.34303
3/8/2016,199.320007,199.919998,198.210007,198.399994,123974900,193.387777
3/7/2016,199.339996,201.070007,199.25,200.589996,100219000,195.522453
3/4/2016,200.009995,201.350006,199.029999,200.429993,129293600,195.366492
3/3/2016,198.789993,199.800003,198.110001,199.779999,95172200,194.732919
3/2/2016,197.740005,199.059998,197.25,199,102415000,193.972625
3/1/2016,195.009995,198.210007,194.449997,198.110001,141799700,193.10511
2/29/2016,195.110001,196.229996,193.330002,193.559998,125918100,188.670055
2/26/2016,196.570007,196.679993,194.899994,195.089996,129833700,190.161401
2/25/2016,193.729996,195.550003,192.830002,195.539993,110728300,190.600029
2/24/2016,190.630005,193.529999,189.320007,193.199997,150812200,188.319149
2/23/2016,194,194.320007,192.179993,192.320007,111455300,187.46139
2/22/2016,193.869995,194.949997,193.789993,194.779999,103640300,189.859235
2/19/2016,191.169998,192.179993,190.449997,192,114793000,187.149467
2/18/2016,193.199997,193.270004,191.720001,192.089996,102343000,187.23719
2/17/2016,191.160004,193.320007,191.009995,192.880005,136009500,188.007241
2/16/2016,188.770004,189.809998,187.630005,189.779999,120250700,184.985551
2/12/2016,184.960007,186.649994,183.960007,186.630005,127632400,181.915136
2/11/2016,182.339996,184.100006,181.089996,182.860001,219058900,178.240374
2/10/2016,186.410004,188.339996,185.119995,185.270004,148214100,180.589493
2/9/2016,183.360001,186.940002,183.199997,185.429993,184513100,180.745439
2/8/2016,185.770004,186.119995,182.800003,185.419998,191526700,180.735697
2/5/2016,190.990005,191.669998,187.199997,187.949997,180788300,183.20178
2/4/2016,190.710007,192.75,189.960007,191.600006,139531800,186.759579
2/3/2016,191.410004,191.779999,187.100006,191.300003,205054900,186.467155
2/2/2016,191.960007,191.970001,189.539993,190.160004,182564900,185.355955
2/1/2016,192.529999,194.580002,191.839996,193.649994,136061600,188.757777
1/29/2016,190.020004,193.880005,189.880005,193.720001,210529300,188.826016
1/28/2016,189.960007,190.199997,187.160004,189.110001,143798800,184.332479
1/27/2016,189.580002,191.559998,187.059998,188.130005,185681700,183.377241
1/26/2016,188.419998,190.529999,188.020004,190.199997,141036800,185.394938
1/25/2016,189.919998,190.149994,187.410004,187.639999,130371700,182.899614
1/22/2016,189.779999,190.759995,188.880005,190.520004,168319600,185.706861
1/21/2016,186.210007,188.869995,184.639999,186.690002,195772900,181.973617
1/20/2016,185.029999,187.5,181.020004,185.649994,286547800,180.959883
1/19/2016,189.960007,190.110001,186.199997,188.059998,195244400,183.309002
1/15/2016,186.770004,188.759995,185.520004,187.809998,314240200,183.065318
1/14/2016,189.550003,193.259995,187.660004,191.929993,240795600,187.081229
1/13/2016,194.449997,194.860001,188.380005,188.830002,221168900,184.059554
1/12/2016,193.820007,194.550003,191.139999,193.660004,172330500,188.767534
1/11/2016,193.009995,193.410004,189.820007,192.110001,187941300,187.256689
1/8/2016,195.190002,195.850006,191.580002,191.919998,209817200,187.071487
1/7/2016,195.330002,197.440002,193.589996,194.050003,213436100,189.147681
1/6/2016,198.339996,200.059998,197.600006,198.820007,152112600,193.79718
1/5/2016,201.399994,201.899994,200.050003,201.360001,110845800,196.273005
1/4/2016,200.490005,201.029999,198.589996,201.020004,222353500,195.941598
12/31/2015,205.130005,205.889999,203.869995,203.869995,102929500,198.719589
12/30/2015,207.110001,207.210007,205.759995,205.929993,63317700,200.727544
12/29/2015,206.509995,207.789993,206.470001,207.399994,92640700,202.160408
12/28/2015,204.860001,205.259995,203.940002,205.210007,65899900,200.025747
12/24/2015,205.720001,206.330002,205.419998,205.679993,48539600,200.48386
12/23/2015,204.690002,206.070007,204.580002,206.020004,110987200,200.815282
12/22/2015,202.720001,203.850006,201.550003,203.5,111026200,198.358941
12/21/2015,201.410004,201.880005,200.089996,201.669998,99094300,196.575171
12/18/2015,202.770004,202.929993,199.830002,200.020004,251393500,194.966861
12/17/2015,208.399994,208.479996,204.839996,204.860001,173092500,198.503195
12/16/2015,206.369995,208.389999,204.800003,208.029999,197017000,201.574828
12/15/2015,204.699997,206.110001,202.869995,205.029999,154069600,198.667918
12/14/2015,202.070007,203.050003,199.949997,202.899994,182385200,196.604007
12/11/2015,203.350006,204.139999,201.509995,201.880005,211173300,195.615668
12/10/2015,205.419998,207.429993,205.139999,205.869995,115196800,199.481849
12/9/2015,206.190002,208.679993,204.179993,205.339996,162401500,198.968296
12/8/2015,206.490005,208.289993,205.779999,206.949997,103372400,200.528339
12/7/2015,209.229996,209.729996,207.199997,208.350006,102027100,201.884906
12/4/2015,205.610001,209.970001,205.610001,209.619995,192913900,203.115487
12/3/2015,208.830002,209.149994,204.75,205.610001,166224200,199.229922
12/2/2015,210.619995,211,208.229996,208.529999,108441300,202.059313
12/1/2015,209.440002,210.820007,209.110001,210.679993,97858400,204.142593
11/30/2015,209.75,209.889999,208.559998,208.690002,112822700,202.214352
11/27/2015,209.429993,209.800003,208.860001,209.559998,37317800,203.057351
11/25/2015,209.5,209.740005,209.009995,209.320007,51980100,202.824808
11/24/2015,207.869995,209.830002,207.410004,209.350006,98874400,202.853876
11/23/2015,209.380005,209.979996,208.520004,209.070007,64931200,202.582565
11/20/2015,209.449997,210.119995,208.860001,209.309998,94011500,202.815108
11/19/2015,208.589996,209.050003,208.199997,208.550003,88220500,202.078697
11/18/2015,206.039993,208.899994,205.990005,208.729996,121342500,202.253104
11/17/2015,205.990005,207.039993,204.880005,205.470001,121123700,199.094267
11/16/2015,202.320007,205.690002,202.179993,205.619995,117645200,199.239607
11/13/2015,204.350006,204.669998,202.440002,202.539993,153577100,196.255177
11/12/2015,206.5,207.059998,204.820007,204.839996,121315200,198.483811
11/11/2015,208.880005,208.940002,207.660004,207.740005,67846000,201.293833
11/10/2015,207.509995,208.600006,207.190002,208.559998,75874600,202.088381
11/9/2015,209.309998,209.490005,206.949997,208.080002,131008700,201.62328
11/6/2015,209.740005,210.320007,208.460007,210.039993,110471500,203.522452
11/5/2015,210.429993,210.979996,209.089996,210.149994,78408700,203.62904
11/4/2015,211.350006,211.5,209.720001,210.360001,96224500,203.83253
11/3/2015,209.970001,211.660004,209.699997,211,95246100,204.45267
11/2/2015,208.320007,210.619995,208.169998,210.389999,86270800,203.861598
10/30/2015,209.059998,209.440002,207.740005,207.929993,131076900,201.477925
10/29/2015,208.350006,209.270004,208.210007,208.830002,90525500,202.350007
10/28/2015,207,208.979996,206.210007,208.949997,135906700,202.466279
10/27/2015,206.199997,207,205.789993,206.600006,77905800,200.189208
10/26/2015,207.300003,207.369995,206.559998,207,69033000,200.57679
10/23/2015,207.25,207.949997,206.300003,207.509995,144442300,201.07096
10/22/2015,202.979996,205.509995,201.850006,205.259995,174911700,198.890777
10/21/2015,203.610001,203.789993,201.649994,201.850006,102038000,195.586601
10/20/2015,202.850006,203.839996,202.550003,203.110001,78448500,196.807497
10/19/2015,202.5,203.369995,202.130005,203.369995,76523900,197.059424
10/16/2015,202.830002,203.289993,201.919998,203.270004,114580100,196.962536
10/15/2015,200.080002,202.360001,199.639999,202.350006,134142200,196.071086
10/14/2015,200.179993,200.869995,198.940002,199.289993,99106200,193.106025
10/13/2015,200.649994,202.160004,200.050003,200.25,88038700,194.036243
10/12/2015,201.419998,201.759995,200.910004,201.520004,56395600,195.266839
10/9/2015,201.380005,201.899994,200.580002,201.330002,107069200,195.082732
10/8/2015,198.949997,201.550003,198.589996,201.210007,153055200,194.96646
10/7/2015,198.899994,199.830002,197.479996,199.410004,124307300,193.222311
10/6/2015,198.309998,198.979996,197,197.789993,110274500,191.65257
10/5/2015,196.460007,198.740005,196.330002,198.470001,126320800,192.311477
10/2/2015,189.770004,195.029999,189.119995,195,211003300,188.94915
10/1/2015,192.080002,192.490005,189.820007,192.130005,131079000,186.168211
9/30/2015,190.369995,191.830002,189.440002,191.630005,163452000,185.683726
9/29/2015,188.270004,189.740005,186.929993,188.119995,159045600,182.282632
9/28/2015,191.779999,191.910004,187.639999,188.009995,178515900,182.176045
9/25/2015,194.639999,195,191.809998,192.850006,155054800,186.865871
9/24/2015,192.149994,193.449997,190.559998,192.899994,159378800,186.914307
9/23/2015,194.110001,194.669998,192.910004,193.600006,92790600,187.592598
9/22/2015,193.880005,194.460007,192.559998,193.910004,153890900,187.892976
9/21/2015,196.440002,197.679993,195.210007,196.460007,105726200,190.363853
9/18/2015,195.710007,198.679993,194.960007,195.449997,223657500,189.385184
9/17/2015,200.020004,202.889999,199.279999,199.729996,276046600,192.531427
9/16/2015,198.820007,200.410004,198.410004,200.179993,99581600,192.965206
9/15/2015,196.610001,198.990005,195.960007,198.460007,113806200,191.307211
9/14/2015,196.949997,197.009995,195.429993,196.009995,79452000,188.945501
9/11/2015,195.380005,196.820007,194.529999,196.740005,119691200,189.649201
9/10/2015,194.559998,197.220001,194.25,195.850006,158611100,188.791278
9/9/2015,199.320007,199.470001,194.350006,194.789993,149347700,187.76947
9/8/2015,195.940002,197.610001,195.169998,197.429993,116025700,190.31432
9/4/2015,192.850006,193.860001,191.610001,192.589996,207081000,185.648764
9/3/2015,196.259995,198.050003,194.960007,195.550003,152087800,188.502088
9/2/2015,194.619995,195.460007,192.419998,195.410004,160269300,188.367134
9/1/2015,193.119995,194.770004,190.729996,191.770004,256000400,184.858326
8/31/2015,198.110001,199.130005,197.009995,197.669998,163298800,190.545675
8/28/2015,198.5,199.839996,197.919998,199.279999,160414400,192.097649
8/27/2015,197.020004,199.419998,195.210007,199.270004,274143900,192.088015
8/26/2015,192.080002,194.789993,188.369995,194.460007,339257000,187.451377
8/25/2015,195.429993,195.449997,186.919998,187.270004,369833100,180.520513
8/24/2015,187.490005,197.479996,182.399994,189.5,507244300,182.670136
8/21/2015,201.729996,203.940002,197.520004,197.830002,346588500,190.699912
8/20/2015,206.509995,208.289993,203.899994,203.970001,194327900,196.618617
8/19/2015,209.089996,210.009995,207.350006,208.320007,172946000,200.811842
8/18/2015,210.259995,210.679993,209.699997,209.979996,71692700,202.412002
8/17/2015,208.710007,210.589996,208.160004,210.589996,79072600,203.000017
8/14/2015,208.429993,209.509995,208.259995,209.419998,72786500,201.872188
8/13/2015,208.729996,209.550003,208.009995,208.660004,89383300,201.139585
8/12/2015,207.110001,209.139999,205.360001,208.919998,172123700,201.390208
8/11/2015,208.970001,209.470001,207.759995,208.669998,126081400,201.149219
8/10/2015,209.279999,210.669998,209.279999,210.570007,80270700,202.980749
8/7/2015,208.160004,208.339996,206.869995,207.949997,117858000,200.455168
8/6/2015,210.289993,210.419998,207.649994,208.350006,116030800,200.84076
8/5/2015,210.449997,211.309998,209.729996,210.070007,85786800,202.49877
8/4/2015,209.699997,210.25,208.800003,209.380005,81820800,201.833636
8/3/2015,210.460007,210.529999,208.649994,209.789993,113965700,202.228848
7/31/2015,211.419998,211.449997,210.160004,210.5,103266900,202.913265
7/30/2015,210.160004,211.020004,209.419998,210.820007,91304400,203.221738
7/29/2015,209.479996,211.039993,209.309998,210.770004,105791300,203.173538
7/28/2015,207.789993,209.5,206.800003,209.330002,123544800,201.785435
7/27/2015,206.940002,207.550003,206.259995,206.789993,132361100,199.336972
7/24/2015,210.300003,210.369995,207.600006,208,117755000,200.503368
7/23/2015,211.529999,211.649994,209.75,210.179993,90509100,202.604791
7/22/2015,210.929993,211.770004,210.889999,211.369995,88667900,203.751904
7/21/2015,212.429993,212.740005,211.389999,211.75,77965000,204.118213
7/20/2015,212.75,213.179993,212.210007,212.589996,70446800,204.927934
7/17/2015,212.289993,212.550003,211.800003,212.479996,89030000,204.821898
7/16/2015,211.869995,212.300003,211.580002,212.300003,106683300,204.648393
7/15/2015,210.729996,211.279999,210.039993,210.610001,97914100,203.019301
7/14/2015,209.720001,211.050003,209.649994,210.679993,81709600,203.08677
7/13/2015,208.990005,209.899994,208.940002,209.770004,106069400,202.209579
7/10/2015,207.289993,207.979996,204.949997,207.479996,129456900,200.002106
7/9/2015,207.039993,207.350006,204.770004,204.899994,144113100,197.515091
7/8/2015,206.419998,206.759995,204.25,204.529999,164020100,197.158431
7/7/2015,206.960007,208.169998,204.110001,208.020004,173820200,200.522652
7/6/2015,205.770004,207.649994,205.529999,206.720001,117975400,199.269503
7/2/2015,208.070007,208.270004,206.809998,207.309998,104373700,199.838235
7/1/2015,207.729996,208.029999,206.559998,207.5,135979900,200.021389
6/30/2015,207.259995,207.320007,205.279999,205.850006,182925100,198.430863
6/29/2015,208.050003,209.830002,205.330002,205.419998,202621300,198.016354
6/26/2015,210.289993,210.580002,209.160004,209.820007,104174800,202.25778
6/25/2015,211.100006,211.25,209.770004,209.860001,97107400,202.296332
6/24/2015,211.720001,212.169998,210.470001,210.5,92307300,202.913265
6/23/2015,212.139999,212.440002,211.570007,212.039993,68476800,204.397754
6/22/2015,211.910004,212.589996,211.639999,211.889999,70696000,204.253166
6/19/2015,211.460007,211.550003,210.360001,210.809998,130478700,203.212089
6/18/2015,211.309998,213.339996,210.630005,212.779999,165867900,204.118213
6/17/2015,210.589996,211.320007,209.360001,210.589996,126708600,202.01736
6/16/2015,208.929993,210.350006,208.720001,210.25,85308200,201.691205
6/15/2015,208.639999,209.449997,207.789993,209.110001,124384200,200.597612
6/12/2015,210.639999,211.479996,209.679993,210.009995,135382400,201.460969
6/11/2015,211.479996,212.089996,211.199997,211.630005,73876400,203.015033
6/10/2015,209.369995,211.410004,209.300003,210.949997,134551300,202.362706
6/9/2015,208.449997,209.100006,207.690002,208.449997,105034700,199.964475
6/8/2015,209.639999,209.820007,208.389999,208.479996,89063300,199.993253
6/5/2015,209.949997,210.580002,208.979996,209.770004,121704700,201.230748
6/4/2015,211.070007,211.860001,209.75,210.130005,151882800,201.576094
6/3/2015,212,212.669998,211.330002,211.919998,87820900,203.293221
6/2/2015,211.020004,212.190002,210.270004,211.360001,91531000,202.75602
6/1/2015,211.940002,212.339996,210.619995,211.570007,93338800,202.957477
5/29/2015,212.380005,212.429993,210.820007,211.139999,124919600,202.544974
5/28/2015,212.330002,212.589996,211.630005,212.460007,74974600,203.811247
5/27/2015,211.25,212.979996,210.759995,212.699997,93214000,204.041468
5/26/2015,212.399994,212.910004,210.199997,210.699997,124308600,202.122883
5/22/2015,213.039993,213.539993,212.910004,212.990005,57433500,204.319671
5/21/2015,212.710007,213.75,212.509995,213.5,64764600,204.808904
5/20/2015,213.149994,213.779999,212.5,212.880005,76857500,204.214148
5/19/2015,213.240005,213.570007,212.690002,213.029999,72114600,204.358036
5/18/2015,212.240005,213.399994,212.160004,213.100006,74549700,204.425193
5/15/2015,212.440002,212.610001,211.860001,212.440002,76510100,203.792057
5/14/2015,211.240005,212.320007,210.910004,212.210007,95934000,203.571424
5/13/2015,210.470001,211.220001,209.740005,210.020004,94667900,201.470571
5/12/2015,209.610001,210.630005,208.619995,209.979996,119727600,201.432192
5/11/2015,211.570007,211.889999,210.520004,210.610001,75708100,202.03655
5/8/2015,210.880005,211.860001,210.779999,211.619995,155877300,203.00543
5/7/2015,207.919998,209.380005,207.520004,208.869995,88244900,200.367376
5/6/2015,209.559998,209.929993,206.759995,208.039993,135060200,199.571162
5/5/2015,211.029999,211.460007,208.729996,208.899994,113326200,200.396154
5/4/2015,211.229996,212.020004,211.100006,211.320007,70927200,202.717654
5/1/2015,209.399994,210.770004,209.279999,210.720001,103399700,202.142073
4/30/2015,209.880005,210.350006,207.619995,208.460007,161304900,199.974078
4/29/2015,210.369995,211.289993,209.600006,210.570007,125684900,201.998185
4/28/2015,210.740005,211.5,209.330002,211.440002,86863500,202.832765
4/27/2015,212.330002,212.479996,210.539993,210.770004,79358100,202.190041
4/24/2015,211.660004,211.970001,211.110001,211.649994,61327400,203.034208
4/23/2015,210.149994,211.940002,210.009995,211.160004,102585900,202.564164
4/22/2015,210.009995,210.850006,208.899994,210.630005,78264600,202.05574
4/21/2015,210.669998,210.860001,209.240005,209.600006,72559800,201.06767
4/20/2015,209.059998,210.25,208.960007,209.850006,92189500,201.307493
4/17/2015,208.940002,209.229996,207.009995,207.949997,191113200,199.484829
4/16/2015,210.029999,210.979996,209.789993,210.369995,68934900,201.806315
4/15/2015,210.050003,211.039993,209.949997,210.429993,99529300,201.86387
4/14/2015,208.850006,209.710007,208.100006,209.490005,75099900,200.962148
4/13/2015,209.869995,210.630005,209.029999,209.089996,74436600,200.578422
4/10/2015,209.199997,210.089996,208.960007,210.039993,72722900,201.489747
4/9/2015,207.779999,209.179993,207.190002,208.899994,85548900,200.396154
4/8/2015,207.550003,208.509995,207.080002,207.979996,89351900,199.513607
4/7/2015,207.860001,208.759995,207.240005,207.279999,81236300,198.842105
4/6/2015,205.369995,208.449997,205.210007,207.830002,114368200,199.369719
4/2/2015,205.619995,206.979996,205.399994,206.440002,86900900,198.036303
4/1/2015,206.389999,206.419998,204.509995,205.699997,137303600,197.326422
3/31/2015,207.259995,208.100006,206.360001,206.429993,126768700,198.026701
3/30/2015,206.979996,208.610001,206.960007,208.25,96180400,199.77262
3/27/2015,205.130005,205.949997,204.899994,205.740005,118939000,197.364802
3/26/2015,204.960007,206.369995,204.119995,205.270004,153067200,196.913933
3/25/2015,209.070007,209.350006,205.710007,205.759995,159521700,197.383977
3/24/2015,209.850006,210.399994,208.740005,208.820007,77805300,200.319424
3/23/2015,210.419998,211.110001,210,210,71784500,201.451381
3/20/2015,209.710007,211.020004,209.490005,210.410004,177715100,201.844695
3/19/2015,209.960007,210.470001,209.029999,209.5,117917300,200.07864
3/18/2015,207.389999,211.270004,206.619995,210.460007,228808500,200.995475
3/17/2015,207.690002,208.419998,206.979996,207.960007,94510400,198.607901
3/16/2015,206.710007,208.690002,205.860001,208.580002,136099200,199.200015
3/13/2015,206.770004,207.929993,204.580002,205.830002,162410900,196.573684
3/12/2015,205.259995,207.179993,205.199997,207.100006,93993500,197.786576
3/11/2015,205.289993,205.5,204.399994,204.5,110145700,195.303494
3/10/2015,206.710007,206.809998,204.929993,204.979996,157121300,195.761904
3/9/2015,207.740005,208.789993,207.550003,208.360001,89818900,198.989907
3/6/2015,209.419998,209.940002,207.100006,207.5,188128000,198.168582
3/5/2015,210.619995,210.800003,209.850006,210.460007,76873000,200.995475
3/4/2015,210.399994,210.490005,209.059998,210.229996,114497200,200.775808
3/3/2015,211.470001,212.050003,210.080002,211.119995,110325800,201.625783
3/2/2015,210.779999,212.059998,210.720001,211.990005,87491400,202.456668
2/27/2015,211.259995,211.580002,210.600006,210.660004,108076000,201.186478
2/26/2015,211.520004,211.710007,210.649994,211.380005,72697900,201.8741
2/25/2015,211.660004,212.240005,211.220001,211.630005,73061700,202.112857
2/24/2015,211.119995,212.050003,210.759995,211.809998,72472300,202.284756
2/23/2015,210.940002,211.210007,210.479996,211.210007,74411100,201.711747
2/20/2015,209.479996,211.330002,208.729996,211.240005,140896400,201.740396
2/19/2015,209.410004,210.419998,209.240005,209.979996,91462500,200.53705
2/18/2015,209.660004,210.220001,209.339996,210.130005,80652900,200.680313
2/17/2015,209.399994,210.320007,209.100006,210.110001,76968200,200.661209
2/13/2015,209.070007,209.839996,208.759995,209.779999,93670400,200.346047
2/12/2015,207.889999,208.990005,206.970001,208.919998,97545900,199.524721
2/11/2015,206.610001,207.449997,205.830002,206.929993,91087800,197.624208
2/10/2015,205.880005,207.119995,204.679993,206.809998,96164200,197.509609
2/9/2015,204.770004,205.639999,204.139999,204.630005,87219000,195.427652
2/6/2015,206.559998,207.240005,204.919998,205.550003,125672000,196.306277
2/5/2015,204.860001,206.300003,204.770004,206.119995,97953200,196.850636
2/4/2015,203.919998,205.380005,203.509995,204.059998,134306700,194.883278
2/3/2015,203,204.850006,202.550003,204.839996,124212900,195.6282
2/2/2015,200.050003,202.029999,197.860001,201.919998,163107000,192.839516
1/30/2015,200.570007,202.169998,199.130005,199.449997,197729700,190.480593
1/29/2015,200.380005,202.300003,198.679993,201.990005,173585400,192.906375
1/28/2015,204.169998,204.289993,199.910004,200.139999,168514300,191.139565
1/27/2015,202.970001,204.119995,201.740005,202.740005,134044600,193.622647
1/26/2015,204.710007,205.559998,203.850006,205.449997,92009700,196.210769
1/23/2015,205.789993,206.100006,204.809998,204.970001,117516800,195.752359
1/22/2015,203.990005,206.259995,202.330002,206.100006,174356000,196.831546
1/21/2015,201.5,203.660004,200.940002,203.080002,122942700,193.947354
1/20/2015,202.399994,202.720001,200.169998,202.059998,130991100,192.97322
1/16/2015,198.770004,201.820007,198.550003,201.630005,211879600,192.562564
1/15/2015,201.630005,202.009995,198.880005,199.020004,176613900,190.069937
1/14/2015,199.649994,201.100006,198.570007,200.860001,192991100,191.827188
1/13/2015,204.119995,205.479996,200.509995,202.080002,214553300,192.992324
1/12/2015,204.410004,204.600006,201.919998,202.649994,144396100,193.536684
1/9/2015,206.399994,206.419998,203.509995,204.25,158567300,195.064736
1/8/2015,204.009995,206.160004,203.990005,205.899994,147217800,196.640529
1/7/2015,201.419998,202.720001,200.880005,202.309998,125346700,193.211977
1/6/2015,202.089996,202.720001,198.860001,199.820007,209151400,190.833963
1/5/2015,204.169998,204.369995,201.350006,201.720001,169632600,192.648513
1/2/2015,206.380005,206.880005,204.179993,205.429993,121465900,196.191664
12/31/2014,207.990005,208.190002,205.389999,205.539993,130333800,196.296718
12/30/2014,208.210007,208.369995,207.509995,207.600006,73540800,198.26409
12/29/2014,208.220001,208.970001,208.139999,208.720001,79643900,199.333718
12/26/2014,208.309998,208.850006,208.25,208.440002,57326700,199.066311
12/24/2014,208.020004,208.339996,207.720001,207.770004,42963400,198.426444
12/23/2014,208.169998,208.229996,207.399994,207.75,122167900,198.407339
12/22/2014,206.75,207.470001,206.460007,207.470001,148318900,198.139932
12/19/2014,206.429993,207.330002,205.610001,206.520004,245084600,197.232657
12/18/2014,204.740005,212.970001,203.919998,206.779999,257633900,196.396996
12/17/2014,198.440002,202.339996,198.289993,201.789993,253910100,191.657553
12/16/2014,198.580002,202.399994,197.860001,197.910004,259543800,187.972388
12/15/2014,201.979996,202.529999,198.779999,199.509995,189965800,189.492039
12/12/2014,202.639999,203.820007,200.850006,200.889999,202330200,190.80275
12/11/2014,203.880005,206.190002,203.710007,204.190002,159012800,193.937051
12/10/2014,205.910004,205.979996,202.929993,203.160004,159856400,192.958771
12/9/2014,204.369995,206.600006,203.910004,206.470001,125180100,196.102564
12/8/2014,207.520004,208.119995,205.929993,206.610001,108588200,196.235534
12/5/2014,207.869995,208.470001,207.550003,208,91025500,197.555737
12/4/2014,207.539993,208.270004,206.699997,207.660004,91316600,197.232813
12/3/2014,207.300003,208.149994,207.100006,207.889999,68952000,197.45126
12/2/2014,205.809998,207.339996,205.779999,207.089996,74507200,196.691428
12/1/2014,206.399994,206.539993,205.380005,205.759995,103968400,195.428209
11/28/2014,207.490005,207.869995,206.910004,207.199997,57890100,196.795905
11/26/2014,207.289993,207.759995,207.029999,207.639999,62167800,197.213814
11/25/2014,207.539993,207.789993,206.800003,207.110001,79108300,196.710427
11/24/2014,207.169998,207.389999,206.910004,207.259995,65880800,196.85289
11/21/2014,207.639999,207.839996,205.979996,206.679993,142327300,196.302011
11/20/2014,204.259995,205.710007,204.179993,205.580002,72840300,195.257254
11/19/2014,205.309998,205.550003,204.300003,205.220001,82373000,194.91533
11/18/2014,204.440002,205.919998,204.440002,205.550003,76068100,195.228762
11/17/2014,203.850006,204.580002,203.649994,204.369995,80441000,194.108005
11/14/2014,204.100006,204.490005,203.720001,204.240005,80417500,193.984543
11/13/2014,204.160004,204.830002,203.210007,204.190002,85357900,193.937051
11/12/2014,203.350006,204.240005,203.309998,203.960007,90120300,193.718604
11/11/2014,204.059998,204.309998,203.649994,204.179993,54499400,193.927543
11/10/2014,203.380005,204.039993,203.130005,203.979996,66319000,193.737589
11/7/2014,203.169998,203.600006,202.610001,203.339996,89540000,193.129726
11/6/2014,202.389999,203.259995,201.639999,203.149994,107089000,192.949264
11/5/2014,202.539993,202.589996,201.449997,202.339996,91709000,192.179938
11/4/2014,201.229996,201.600006,200.059998,201.070007,93343000,190.973719
11/3/2014,201.919998,202.449997,201.309998,201.770004,93600000,191.638567
10/31/2014,201.779999,201.820007,200.770004,201.660004,146903000,191.53409
10/30/2014,197.580002,199.949997,197.399994,199.380005,113330000,189.368576
10/29/2014,198.550003,199.119995,196.800003,198.110001,142557000,188.162343
10/28/2014,196.820007,198.419998,196.729996,198.410004,106736000,188.447282
10/27/2014,195.729996,196.449997,195.029999,196.160004,82954000,186.310261
10/24/2014,195.25,196.490005,194.490005,196.429993,117927000,186.566693
10/23/2014,194.619995,196.199997,194.259995,194.929993,154944000,185.142012
10/22/2014,194.410004,194.910004,192.610001,192.690002,151822000,183.014498
10/21/2014,191.679993,194.199997,191.479996,194.070007,154949000,184.325209
10/20/2014,188.130005,190.449997,188.070007,190.300003,130011000,180.744507
10/17/2014,188.419998,189.75,187.619995,188.470001,214625000,179.006395
10/16/2014,183.059998,187.580002,182.889999,186.270004,270391000,176.916866
10/15/2014,185.160004,187.690002,181.919998,186.429993,380715000,177.068821
10/14/2014,188.419998,189.820007,187.039993,187.699997,215847000,178.275054
10/13/2014,190.460007,191.149994,187.300003,187.410004,230939000,177.999623
10/10/2014,192.690002,193.649994,190.490005,190.539993,221909000,180.972447
10/9/2014,196.330002,196.600006,192.580002,192.740005,210705000,183.06199
10/8/2014,193.369995,196.919998,192.360001,196.639999,186461000,186.766154
10/7/2014,195.279999,195.720001,193.220001,193.259995,147913000,183.555869
10/6/2014,197.339996,197.600006,195.580002,196.289993,104778000,186.433723
10/3/2014,195.679993,196.940002,195.080002,196.520004,121569000,186.652185
10/2/2014,194.179993,195.059998,192.350006,194.380005,157285000,184.61964
10/1/2014,196.699997,196.770004,193.910004,194.350006,177798000,184.591148
9/30/2014,197.690002,198.300003,196.610001,197.020004,131302000,187.127078
9/29/2014,196.199997,197.889999,196.050003,197.539993,95112000,187.620957
9/26/2014,196.699997,198.389999,196.419998,197.899994,103547000,187.962881
9/25/2014,199.039993,199.050003,196.270004,196.339996,150300000,186.481215
9/24/2014,198.039993,199.690002,197.520004,199.559998,107276000,189.539531
9/23/2014,198.429993,199.259995,197.949997,198.009995,111393000,188.067358
9/22/2014,200.350006,200.380005,198.729996,199.149994,125553000,189.150115
9/19/2014,201.520004,201.899994,200.289993,200.699997,121649000,190.622288
9/18/2014,201.360001,201.850006,201.100006,201.820007,94990000,190.794211
9/17/2014,200.770004,201.679993,199.75,200.75,151266000,189.78266
9/16/2014,198.610001,200.839996,198.5,200.479996,116201000,189.527407
9/15/2014,199.160004,199.320007,198.380005,198.979996,76401000,188.109355
9/12/2014,200.100006,200.119995,198.559998,199.130005,117409300,188.251168
9/11/2014,199.270004,200.330002,199.119995,200.300003,66774400,189.357247
9/10/2014,199.429993,200.199997,198.770004,200.070007,67251000,189.139817
9/9/2014,200.410004,200.550003,198.910004,199.320007,88591000,188.430791
9/8/2014,200.919998,201.210007,200,200.589996,64146000,189.631398
9/5/2014,200.169998,201.190002,199.410004,201.110001,102177000,190.122993
9/4/2014,200.839996,201.580002,199.660004,200.210007,85236000,189.272168
9/3/2014,201.380005,201.410004,200.220001,200.5,57462000,189.546318
9/2/2014,200.970001,201,199.860001,200.610001,72426000,189.650309
8/29/2014,200.449997,200.729996,199.820007,200.710007,65907000,189.744852
8/28/2014,199.589996,200.270004,199.389999,200.139999,58330000,189.205985
8/27/2014,200.429993,200.570007,199.940002,200.25,47874000,189.309976
8/26/2014,200.330002,200.820007,200.279999,200.330002,47298000,189.385607
8/25/2014,200.139999,200.589996,199.149994,200.199997,63855000,189.262705
8/22/2014,199.339996,199.690002,198.740005,199.190002,76107000,188.307888
8/21/2014,199.089996,199.759995,198.929993,199.5,67791000,188.60095
8/20/2014,198.119995,199.160004,198.080002,198.919998,72763000,188.052635
8/19/2014,197.839996,198.539993,197.440002,198.389999,59135000,187.551591
8/18/2014,196.800003,197.449997,196.690002,197.360001,75424000,186.577863
8/15/2014,196.470001,196.649994,194.309998,195.720001,139951000,185.02746
8/14/2014,195.160004,195.759995,194.979996,195.759995,57371000,185.065268
8/13/2014,194.289993,195.059998,193.960007,194.839996,69047000,184.195531
8/12/2014,193.610001,194.149994,192.940002,193.529999,73632000,182.957101
8/11/2014,193.970001,194.660004,193.710007,193.800003,74544000,183.212354
8/8/2014,191.460007,193.369995,190.949997,193.240005,117014000,182.682951
8/7/2014,192.940002,193.130005,190.550003,191.029999,135733000,180.593681
8/6/2014,191.110001,192.889999,191.080002,192.070007,94818000,181.576871
8/5/2014,193.100006,193.600006,191.309998,192.009995,152690000,181.520137
8/4/2014,192.869995,194.300003,192.050003,193.889999,91340000,183.297434
8/1/2014,192.559998,193.759995,191.570007,192.5,189261000,181.983373
7/31/2014,195.610001,195.779999,192.970001,193.089996,183479000,182.541137
7/30/2014,197.649994,197.910004,196.160004,196.979996,104222000,186.218618
7/29/2014,198.169998,198.449997,196.919998,196.949997,80466000,186.190258
7/28/2014,197.759995,198.089996,196.619995,197.800003,69259000,186.993827
7/25/2014,198.089996,198.259995,197.330002,197.720001,76837000,186.918196
7/24/2014,198.830002,199.059998,198.449997,198.649994,56888000,187.797381
7/23/2014,198.5,198.850006,198.100006,198.639999,65612000,187.787933
7/22/2014,198.009995,198.559998,197.869995,198.199997,67678000,187.371969
7/21/2014,197.089996,197.5,196.429993,197.339996,67592000,186.558951
7/18/2014,196.350006,197.910004,196.240005,197.710007,124330000,186.908747
7/17/2014,197.350006,198.100006,195.429993,195.710007,145398000,185.018011
7/16/2014,198.110001,198.259995,197.419998,197.960007,79986400,187.145089
7/15/2014,197.720001,198.100006,196.360001,197.229996,111307000,186.45496
7/14/2014,197.610001,197.860001,197.440002,197.600006,58658000,186.804756
7/11/2014,196.220001,196.75,195.779999,196.610001,64243000,185.868837
7/10/2014,195.220001,196.860001,195.059998,196.339996,99040000,185.613583
7/9/2014,196.729996,197.300003,196.309998,197.119995,72992000,186.350969
7/8/2014,197.149994,197.220001,195.759995,196.240005,108143000,185.519055
7/7/2014,197.820007,197.979996,197.220001,197.509995,61696000,186.719662
7/3/2014,197.789993,198.289993,197.639999,198.199997,52938800,187.371969
7/2/2014,197.050003,197.479996,196.960007,197.229996,52475000,186.45496
7/1/2014,196.199997,197.630005,196.130005,197.029999,90470000,186.26589
6/30/2014,195.699997,196.169998,195.529999,195.720001,70201200,185.02746
6/27/2014,194.979996,195.880005,194.889999,195.820007,71445100,185.122002
6/26/2014,195.610001,195.630005,194.130005,195.440002,84312000,184.762758
6/25/2014,194.289993,195.779999,194.25,195.580002,82782000,184.895109
6/24/2014,195.529999,196.5,194.479996,194.699997,96237000,184.06318
6/23/2014,195.990005,196.050003,195.520004,195.880005,70611000,185.178722
6/20/2014,196.029999,196.100006,195.699997,195.940002,100587000,185.235442
6/19/2014,196.429993,196.600006,195.800003,196.479996,85929000,184.860128
6/18/2014,194.830002,196.369995,194.399994,196.259995,105267000,184.653138
6/17/2014,194.020004,194.970001,193.809998,194.830002,84834000,183.307716
6/16/2014,193.889999,194.699997,193.660004,194.289993,87424000,182.799643
6/13/2014,193.919998,194.320007,193.300003,194.130005,82017000,182.649117
6/12/2014,194.690002,194.800003,193.110001,193.539993,106350000,182.093998
6/11/2014,194.899994,195.119995,194.479996,194.919998,68772000,183.392389
6/10/2014,195.339996,195.639999,194.919998,195.600006,57129000,184.032182
6/9/2014,195.350006,196.050003,195.169998,195.580002,65119000,184.01336
6/6/2014,194.869995,195.429993,194.779999,195.380005,78696000,183.825191
6/5/2014,193.410004,194.649994,192.699997,194.449997,92103000,182.950184
6/4/2014,192.470001,193.300003,192.270004,193.190002,55529000,181.764706
6/3/2014,192.429993,192.899994,192.25,192.800003,65047000,181.397771
6/2/2014,192.949997,192.990005,191.970001,192.899994,64656000,181.491849
5/30/2014,192.190002,192.800003,192.029999,192.679993,76316000,181.284858
5/29/2014,191.820007,192.399994,191.330002,192.369995,64377000,180.993194
5/28/2014,191.520004,191.820007,191.059998,191.380005,66723000,180.061752
5/27/2014,191.059998,191.580002,190.949997,191.520004,72010000,180.193472
5/23/2014,189.759995,190.479996,189.589996,190.350006,61092800,179.092668
5/22/2014,189.179993,189.979996,188.860001,189.589996,61549000,178.377605
5/21/2014,188.089996,189.220001,188.059998,189.130005,89093000,177.944818
5/20/2014,188.649994,188.669998,187.070007,187.550003,111644000,176.458257
5/19/2014,187.690002,188.889999,187.520004,188.740005,63839000,177.577883
5/16/2014,187.509995,188.130005,186.720001,188.050003,97458000,176.928687
5/15/2014,188.679993,188.720001,186.479996,187.399994,154956000,176.31712
5/14/2014,189.789993,189.880005,188.789993,189.059998,72367000,177.87895
5/13/2014,190.039993,190.419998,189.770004,189.960007,66454000,178.725733
5/12/2014,188.800003,189.880005,188,189.789993,86940000,178.565774
5/9/2014,187.710007,188.039993,186.830002,187.960007,83679000,176.844013
5/8/2014,187.710007,189.050003,187.080002,187.679993,93618000,176.580559
5/7/2014,187.410004,187.970001,186.009995,187.880005,106500000,176.768743
5/6/2014,188,188.130005,186.740005,186.779999,85454000,175.733791
5/5/2014,187.139999,188.550003,186.619995,188.419998,75883000,177.276801
5/2/2014,188.309998,189.139999,187.779999,188.059998,98122000,176.938091
5/1/2014,188.220001,188.839996,187.729996,188.330002,93019000,177.192127
4/30/2014,187.440002,188.5,187.179993,188.309998,101508000,177.173306
4/29/2014,187.479996,188.039993,187.080002,187.75,84098000,176.646426
4/28/2014,187.050003,187.690002,184.960007,186.880005,135121000,175.827883
4/25/2014,187.220001,187.330002,185.869995,186.289993,100380000,175.272765
4/24/2014,188.369995,188.389999,186.929993,187.830002,88170000,176.721697
4/23/2014,187.820007,187.919998,187.300003,187.449997,73869000,176.364166
4/22/2014,187.229996,188.399994,187.130005,187.889999,85790000,176.778146
4/21/2014,186.440002,187.100006,186.210007,187.039993,68329000,175.97841
4/17/2014,185.880005,186.910004,185.559998,186.389999,105255000,175.366857
4/16/2014,185.470001,186.139999,184.649994,186.130005,105197000,175.122238
4/15/2014,183.320007,184.330002,181.509995,184.199997,157093000,173.306371
4/14/2014,182.929993,183.369995,181.440002,182.940002,132382000,172.120893
4/11/2014,182.139999,183.419998,181.309998,181.509995,167251000,170.775456
4/10/2014,187.080002,187.169998,182.929993,183.160004,172959000,172.327883
4/9/2014,185.600006,187.149994,185.059998,187.089996,100254000,176.025456
4/8/2014,184.259995,185.399994,183.589996,185.100006,112660000,174.153154
4/7/2014,185.949997,186.259995,183.960007,184.339996,140803000,173.438091
4/4/2014,189.660004,189.699997,186.100006,186.399994,169381000,175.37626
4/3/2014,189.169998,189.220001,188.050003,188.630005,77435000,177.474388
4/2/2014,188.490005,189.130005,188.139999,188.880005,78774000,177.709603
4/1/2014,187.619995,188.360001,187,188.25,89193000,177.116856
3/31/2014,186.669998,187.300003,185.520004,187.009995,99745000,175.950185
3/28/2014,185.110001,186.419998,185,185.490005,101642000,174.520088
3/27/2014,184.75,185.339996,183.899994,184.580002,142383000,173.663903
3/26/2014,187.039993,187.339996,184.919998,184.970001,119843000,174.030837
3/25/2014,186.369995,186.940002,185.270004,186.309998,103852000,175.291586
3/24/2014,186.839996,187.070007,184.619995,185.429993,121411000,174.463625
3/21/2014,187.710007,189.020004,186.029999,186.199997,163128000,175.188091
3/20/2014,186.25,187.889999,185.919998,187.75,117241000,175.870212
3/19/2014,187.679993,187.940002,185.470001,186.660004,176267300,174.849185
3/18/2014,186.710007,187.910004,186.509995,187.660004,101804600,175.78591
3/17/2014,185.589996,186.770004,185.509995,186.330002,98359500,174.540064
3/14/2014,184.850006,185.800003,184.440002,184.660004,153919600,172.975734
3/13/2014,187.839996,187.990005,184.660004,185.179993,155014300,173.462821
3/12/2014,186.320007,187.350006,185.899994,187.279999,104824400,175.42995
3/11/2014,188.440002,188.710007,186.800003,187.229996,99009100,175.383111
3/10/2014,187.970001,188.229996,187.080002,188.160004,74939200,176.254273
3/7/2014,188.960007,188.960007,187.429993,188.259995,114513500,176.347937
3/6/2014,188.210007,188.610001,187.779999,188.179993,82516500,176.272997
3/5/2014,187.740005,188.070007,187.449997,187.75,88376900,175.870212
3/4/2014,186.789993,187.979996,186.75,187.580002,167545900,175.71097
3/3/2014,184.649994,185.449997,183.75,184.979996,167748500,173.275478
2/28/2014,185.789993,187.149994,185.050003,186.289993,150842000,174.502587
2/27/2014,184.580002,185.869995,184.369995,185.820007,93880800,174.062339
2/26/2014,185.110001,185.600006,184.330002,184.850006,98677200,173.153714
2/25/2014,185.059998,185.589996,184.229996,184.839996,117085000,173.144337
2/24/2014,184.279999,186.149994,184.199997,184.910004,114063900,173.209915
2/21/2014,184.449997,184.889999,183.800003,183.889999,118116400,172.254451
2/20/2014,183.270004,184.520004,182.600006,184.100006,104998100,172.45117
2/19/2014,183.759995,184.949997,182.869995,183.020004,126524300,171.439505
2/18/2014,184.179993,184.490005,183.649994,184.240005,80460900,172.582311
2/14/2014,182.839996,184.360001,182.669998,184.020004,96498400,172.37623
2/13/2014,180.839996,183.199997,180.830002,183.009995,100542200,171.430128
2/12/2014,182.25,182.830002,181.710007,182.070007,94717700,170.549618
2/11/2014,180.160004,182.440002,180.039993,181.979996,117814100,170.465302
2/10/2014,179.699997,180.070007,179.210007,180.009995,92218800,168.619952
2/7/2014,178.309998,179.869995,177.729996,179.679993,170787200,168.31083
2/6/2014,175.580002,177.479996,175.220001,177.479996,132877600,166.250037
2/5/2014,174.779999,175.559998,173.710007,175.169998,164230500,164.086204
2/4/2014,174.949997,175.839996,174.110001,175.389999,165012400,164.292284
2/3/2014,177.970001,178.369995,173.830002,174.169998,254837100,163.149478
1/31/2014,177.009995,179.289993,176.919998,178.179993,194677900,166.905742
1/30/2014,178.830002,179.809998,178.259995,179.229996,118938100,167.889307
1/29/2014,177.580002,178.550003,176.880005,177.350006,216597300,166.128273
1/28/2014,178.139999,179.300003,178.119995,179.070007,110463200,167.739442
1/27/2014,179.059998,179.520004,177.119995,178.009995,180843100,166.746501
1/24/2014,181.600006,181.660004,178.830002,178.889999,208677100,167.570824
1/23/2014,183.369995,183.399994,181.820007,182.789993,132496900,171.224047
1/22/2014,184.490005,184.570007,183.910004,184.300003,61270900,172.638512
1/21/2014,184.699997,184.770004,183.050003,184.179993,88621200,172.526095
1/17/2014,184.100006,184.449997,183.320007,183.639999,107848700,172.02027
1/16/2014,184.279999,184.660004,183.830002,184.419998,72290600,172.750914
1/15/2014,184.100006,184.940002,183.710007,184.660004,98525800,172.975734
1/14/2014,182.289993,183.770004,181.949997,183.669998,105016100,172.04837
1/13/2014,183.669998,184.179993,181.339996,181.690002,149892000,170.193658
1/10/2014,183.949997,184.220001,183.009995,184.139999,102026400,172.488632
1/9/2014,184.110001,184.130005,182.800003,183.639999,90683400,172.02027
1/8/2014,183.449997,183.830002,182.889999,183.520004,96582300,171.907867
1/7/2014,183.089996,183.789993,182.949997,183.479996,86144200,171.87039
1/6/2014,183.490005,183.559998,182.080002,182.360001,108028200,170.821262
1/3/2014,183.229996,183.600006,182.630005,182.889999,81390600,171.317726
1/2/2014,183.979996,184.070007,182.479996,182.919998,119636900,171.345826
12/31/2013,184.070007,184.690002,183.929993,184.690002,86119900,173.003834
12/30/2013,183.869995,184.020004,183.580002,183.820007,56857000,172.188888
12/27/2013,184.100006,184.179993,183.660004,183.850006,61814000,172.216988
12/26/2013,183.339996,183.960007,183.320007,183.860001,63365000,172.22635
12/24/2013,182.539993,183.009995,182.529999,182.929993,45368800,171.355188
12/23/2013,182.449997,182.639999,182.070007,182.529999,85598000,170.980504
12/20/2013,180.690002,181.990005,180.570007,181.559998,197087000,170.071879
12/19/2013,181.179993,181.699997,180.710007,181.490005,136531200,169.08833
12/18/2013,178.919998,181.729996,177.320007,181.699997,234906000,169.283972
12/17/2013,179.380005,179.410004,178.25,178.649994,89886000,166.442384
12/16/2013,178.949997,179.809998,178.899994,179.220001,96195000,166.973441
12/13/2013,178.5,178.660004,177.770004,178.110001,107808000,165.93929
12/12/2013,178.639999,178.860001,177.759995,178.130005,115565000,165.957927
12/11/2013,180.820007,180.850006,178.5,178.720001,130591000,166.507607
12/10/2013,180.979996,181.360001,180.639999,180.75,80976000,168.398891
12/9/2013,181.470001,181.669998,181.160004,181.399994,70124000,169.004469
12/6/2013,180.669998,181.110001,180.149994,180.940002,127728000,168.57591
12/5/2013,179.410004,179.740005,178.770004,178.940002,106934000,166.712575
12/4/2013,179.100006,180.479996,178.350006,179.729996,123033000,167.448586
12/3/2013,179.940002,180.389999,179.169998,179.75,116563000,167.467224
12/2/2013,181.089996,181.429993,180.25,180.529999,99726000,168.193923
11/29/2013,181.320007,181.75,180.800003,181,55870900,168.631808
11/27/2013,180.869995,181.240005,180.649994,181.119995,58800000,168.743603
11/26/2013,180.720001,181.220001,180.410004,180.679993,86994000,168.333668
11/25/2013,181.130005,181.169998,180.369995,180.630005,79486000,168.287096
11/22/2013,179.979996,180.830002,179.770004,180.809998,81296000,168.454789
11/21/2013,178.970001,180.050003,178.860001,179.910004,92841000,167.616294
11/20/2013,179.389999,179.929993,177.979996,178.470001,124909000,166.27469
11/19/2013,179.330002,179.869995,178.720001,179.029999,93891000,166.796422
11/18/2013,180.350006,180.5,179.020004,179.419998,104796000,167.159772
11/15/2013,179.559998,180.119995,179.330002,180.050003,102818000,167.746727
11/14/2013,178.539993,179.419998,178.25,179.270004,103435000,167.020027
11/13/2013,176.089996,178.429993,176.089996,178.380005,103844000,166.190844
11/12/2013,176.940002,177.360001,176.369995,176.960007,83990000,164.867878
11/11/2013,177.119995,177.529999,176.910004,177.320007,62614000,165.203279
11/8/2013,174.869995,177.309998,174.850006,177.289993,136713000,165.175315
11/7/2013,177.5,177.639999,174.759995,174.929993,157000000,162.97658
11/6/2013,177.029999,177.5,176.539993,177.169998,87348000,165.06352
11/5/2013,176.139999,176.75,175.570007,176.270004,85825000,164.225025
11/4/2013,176.690002,176.899994,175.979996,176.830002,85677000,164.746756
11/1/2013,176.020004,176.610001,175.220001,176.210007,142805000,164.169127
10/31/2013,176.149994,176.889999,175.529999,175.789993,133795000,163.777814
10/30/2013,177.380005,177.509995,175.660004,176.289993,140002000,164.243648
10/29/2013,176.630005,177.240005,176.380005,177.169998,87401000,165.06352
10/28/2013,175.889999,176.470001,175.699997,176.229996,84979000,164.18775
10/25/2013,175.509995,176,175.169998,175.949997,93625000,163.926884
10/24/2013,174.919998,175.369995,174.509995,175.149994,70350000,163.181548
10/23/2013,174.809998,174.889999,173.960007,174.570007,105484000,162.641193
10/22/2013,174.910004,175.929993,174.429993,175.410004,126663000,163.42379
10/21/2013,174.449997,174.75,174.009995,174.399994,104104000,162.482797
10/18/2013,173.860001,174.509995,173.509995,174.389999,138316000,162.473486
10/17/2013,171.369995,173.320007,171.339996,173.220001,129389000,161.383436
10/16/2013,170.720001,172.160004,170.639999,172.070007,161676000,160.312024
10/15/2013,170.509995,171.149994,169.470001,169.699997,155485000,158.103963
10/14/2013,169.210007,171.080002,169.080002,170.940002,112106000,159.259236
10/11/2013,168.910004,170.320007,168.770004,170.259995,105040000,158.625694
10/10/2013,167.289993,169.259995,167.229996,169.169998,195955000,157.61018
10/9/2013,165.800003,166.199997,164.529999,165.600006,168973000,154.284135
10/8/2013,167.399994,167.619995,165.360001,165.479996,178015000,154.172325
10/7/2013,167.419998,168.449997,167.25,167.429993,96295000,155.989074
10/4/2013,167.75,169.059998,167.529999,168.889999,96878000,157.349315
10/3/2013,168.789993,168.940002,166.839996,167.619995,176698000,156.166093
10/2/2013,168.350006,169.339996,167.830002,169.179993,113350000,157.619492
10/1/2013,168.139999,169.5,167.970001,169.339996,127160000,157.768562
9/30/2013,167.479996,168.539993,167.149994,168.009995,143937000,156.529443
9/27/2013,168.839996,169.139999,168.470001,168.910004,99141800,157.367952
9/26/2013,169.320007,170.169998,169.050003,169.690002,77146900,158.094651
9/25/2013,169.639999,169.979996,168.889999,169.039993,117306500,157.489059
9/24/2013,169.899994,170.529999,169.210007,169.529999,106333100,157.945581
9/23/2013,170.490005,170.649994,169.389999,169.929993,104616500,158.318242
9/20/2013,172.330002,172.330002,170.580002,170.720001,132867100,159.054268
9/19/2013,173.520004,173.600006,172.589996,172.759995,146616900,160.174122
9/18/2013,171.009995,173.520004,170.580002,173.050003,203460600,160.443003
9/17/2013,170.460007,171.110001,170.460007,171.070007,82523300,158.607253
9/16/2013,171.160004,171.240005,170.039993,170.309998,106299200,157.902612
9/13/2013,169.130005,169.460007,168.740005,169.330002,72727800,156.99401
9/12/2013,169.339996,169.559998,168.720001,168.949997,83209000,156.641689
9/11/2013,168.639999,169.399994,168.350006,169.399994,94545900,157.058903
9/10/2013,168.639999,168.899994,168.259995,168.869995,105847200,156.567516
9/9/2013,166.449997,167.729996,166.449997,167.630005,87559300,155.417861
9/6/2013,166.509995,166.979996,164.479996,166.039993,159756500,153.943685
9/5/2013,165.850006,166.399994,165.729996,165.960007,63090500,153.869525
9/4/2013,164.429993,166.029999,164.130005,165.75,97389400,153.674818
9/3/2013,165.229996,165.580002,163.699997,164.389999,142375100,152.413896
8/30/2013,164.509995,164.529999,163.169998,163.649994,134928900,151.727801
8/29/2013,163.550003,165.039993,163.399994,164.169998,119200500,152.209922
8/28/2013,163.259995,164.490005,163.050003,163.910004,108113000,151.968869
8/27/2013,164.360001,166,163.210007,163.330002,158619400,151.431121
8/26/2013,166.789993,167.300003,165.889999,166,89702100,153.906605
8/23/2013,166.550003,166.830002,165.770004,166.619995,90888900,154.481432
8/22/2013,164.899994,166.300003,164.889999,166.059998,101471400,153.962232
8/21/2013,165.119995,166.029999,164.190002,164.559998,159530500,152.571509
8/20/2013,165.039993,166.199997,164.860001,165.580002,89294400,153.517204
8/19/2013,165.639999,166.210007,164.759995,164.770004,96437600,152.766217
8/16/2013,166.059998,166.630005,165.5,165.830002,130868200,153.748992
8/15/2013,167.410004,167.429993,166.089996,166.380005,152931800,154.258926
8/14/2013,169.529999,169.800003,168.699997,168.740005,79829200,156.446996
8/13/2013,169.410004,169.899994,168.410004,169.610001,80806000,157.253611
8/12/2013,168.460007,169.309998,168.380005,169.110001,68593300,156.790037
8/9/2013,169.580002,170.100006,168.720001,169.309998,91757700,156.975463
8/8/2013,169.979996,170.179993,168.929993,169.800003,102181300,157.429771
8/7/2013,169.190002,169.429993,168.550003,169.179993,84854700,156.85493
8/6/2013,170.369995,170.740005,169.350006,169.729996,87495000,157.364864
8/5/2013,170.570007,170.960007,170.350006,170.699997,54072700,158.264199
8/2/2013,170.279999,170.970001,170.050003,170.949997,91116700,158.495986
8/1/2013,169.990005,170.809998,169.899994,170.660004,110438400,158.227119
7/31/2013,168.940002,169.850006,168.490005,168.710007,142388700,156.419183
7/30/2013,169.100006,169.279999,168.190002,168.589996,85209600,156.307916
7/29/2013,168.679993,169.059998,168.110001,168.589996,79695000,156.307916
7/26/2013,168.220001,169.160004,167.520004,169.110001,107814600,156.790037
7/25/2013,168.220001,169.080002,167.940002,168.929993,111088600,156.623143
7/24/2013,169.789993,169.860001,168.179993,168.520004,112914000,156.243022
7/23/2013,169.800003,169.830002,169.050003,169.139999,80829700,156.81785
7/22/2013,169.410004,169.740005,169.009995,169.5,79428600,157.151624
7/19/2013,168.520004,169.229996,168.309998,169.169998,103831700,156.845663
7/18/2013,168.309998,169.270004,168.199997,168.869995,103620100,156.567516
7/17/2013,168.160004,168.479996,167.729996,167.949997,92873900,155.714541
7/16/2013,168.259995,168.360001,167.070007,167.520004,88702100,155.315874
7/15/2013,167.970001,168.389999,167.679993,168.149994,69450600,155.899968
7/12/2013,167.389999,167.929993,167.130005,167.509995,104212700,155.306594
7/11/2013,167.110001,167.610001,165.179993,167.440002,135592200,155.241701
7/10/2013,164.970001,165.75,164.630005,165.190002,121410100,153.155617
7/9/2013,164.979996,165.330002,164.270004,165.130005,119298000,153.099991
7/8/2013,163.860001,164.389999,163.080002,163.949997,108092500,152.005948
7/5/2013,162.470001,163.080002,161.300003,163.020004,122416900,151.143707
7/3/2013,160.479996,161.770004,160.220001,161.279999,75216400,149.530464
7/2/2013,161.119995,162.300003,160.5,161.210007,154863700,149.465571
7/1/2013,161.259995,162.479996,161.080002,161.360001,131954800,149.604638
6/28/2013,160.630005,161.399994,159.860001,160.419998,160402900,148.733116
6/27/2013,161.100006,161.820007,160.949997,161.080002,129483700,149.345037
6/26/2013,159.869995,160.5,159.25,160.139999,134848000,148.473516
6/25/2013,158.479996,160.100006,157.419998,158.570007,162262200,147.0179
6/24/2013,157.410004,158.429993,155.729996,157.059998,222329000,145.617898
6/21/2013,159.639999,159.759995,157.470001,159.070007,271956800,147.481475
6/20/2013,161.860001,163.470001,158.979996,159.399994,321255900,147.009547
6/19/2013,165.600006,165.889999,163.380005,163.449997,206149500,150.744736
6/18/2013,164.529999,165.990005,164.520004,165.740005,114695600,152.856738
6/17/2013,164.289993,165.220001,163.220001,164.440002,136295600,151.657787
6/14/2013,164.029999,164.669998,162.910004,163.179993,141197500,150.49572
6/13/2013,161.660004,164.5,161.300003,164.210007,163587800,151.445669
6/12/2013,164.220001,164.389999,161.600006,161.75,177361500,149.176883
6/11/2013,163.300003,164.539993,162.740005,163.100006,159505400,150.421951
6/10/2013,165.309998,165.399994,164.369995,164.800003,105667100,151.989804
6/7/2013,163.850006,164.949997,163.139999,164.800003,188337800,151.989804
6/6/2013,161.199997,162.740005,160.25,162.729996,200225500,150.080702
6/5/2013,163.089996,163.419998,161.130005,161.270004,211737800,148.734198
6/4/2013,164.440002,165.100006,162.729996,163.559998,157631500,150.846186
6/3/2013,163.830002,164.460007,162.660004,164.350006,168390700,151.574786
5/31/2013,165.369995,166.309998,163.130005,163.449997,176850100,150.744736
5/30/2013,165.350006,166.589996,165.220001,165.830002,107793800,152.939739
5/29/2013,165.419998,165.800003,164.339996,165.220001,160363400,152.377155
5/28/2013,167.039993,167.779999,165.809998,166.300003,143679800,153.373206
5/24/2013,164.470001,165.380005,163.979996,165.309998,151573900,152.460156
5/23/2013,164.160004,165.910004,163.940002,165.449997,211064400,152.589273
5/22/2013,167.339996,169.070007,165.169998,165.929993,244031800,153.031958
5/21/2013,167.080002,167.800003,166.5,167.169998,95804200,154.175575
5/20/2013,166.779999,167.580002,166.610001,166.929993,85071200,153.954226
5/17/2013,165.949997,167.039993,165.729996,166.940002,129801000,153.963458
5/16/2013,165.779999,166.360001,165.089996,165.339996,109913600,152.487823
5/15/2013,164.960007,166.449997,164.910004,166.119995,120718500,153.207191
5/14/2013,163.669998,165.350006,163.669998,165.229996,119000900,152.386373
5/13/2013,163.199997,163.809998,162.820007,163.539993,81843200,150.827737
5/10/2013,162.990005,163.550003,162.509995,163.410004,103203000,150.707852
5/9/2013,163.270004,163.699997,162.470001,162.880005,106738600,150.219051
5/8/2013,162.419998,163.389999,162.330002,163.339996,97419200,150.643286
5/7/2013,162.130005,162.649994,161.669998,162.600006,90359200,149.960817
5/6/2013,161.490005,162.009995,161.419998,161.779999,66882100,149.20455
5/3/2013,161.139999,161.880005,159.779999,161.369995,144202300,148.826417
5/2/2013,158.679993,159.889999,158.529999,159.75,96407600,147.332347
5/1/2013,159.330002,159.410004,158.100006,158.279999,138874200,145.976611
4/30/2013,159.270004,159.720001,158.610001,159.679993,116010700,147.267781
4/29/2013,158.669998,159.649994,158.419998,159.300003,88572800,146.917329
4/26/2013,158.330002,158.600006,157.729996,158.240005,95918800,145.939727
4/25/2013,158.339996,159.270004,158.100006,158.520004,131060600,146.197961
4/24/2013,157.830002,158.300003,157.539993,157.880005,96781200,145.60771
4/23/2013,156.949997,157.929993,156.169998,157.779999,166141300,145.515477
4/22/2013,155.779999,156.539993,154.75,156.169998,106553500,144.030625
4/19/2013,154.5,155.550003,154.119995,155.479996,149687600,143.394258
4/18/2013,155.369995,155.410004,153.550003,154.139999,167583200,142.158422
4/17/2013,156.289993,156.320007,154.279999,155.110001,226834800,143.053023
4/16/2013,156.289993,157.490005,155.910004,157.410004,147507800,145.174243
4/15/2013,158,158.130005,155.100006,155.119995,217259000,143.062241
4/12/2013,158.679993,159.039993,157.919998,158.800003,116359900,146.456195
4/11/2013,158.699997,159.710007,158.539993,159.190002,110142500,146.815879
4/10/2013,157.169998,158.869995,157.130005,158.669998,135711100,146.336295
4/9/2013,156.5,157.320007,155.979996,156.75,101922200,144.565542
4/8/2013,155.270004,156.220001,154.75,156.210007,86571200,144.067524
4/5/2013,153.949997,155.350006,153.770004,155.160004,159666000,143.099139
4/4/2013,155.429993,156.169998,155.089996,155.860001,131885000,143.744724
4/3/2013,156.910004,157.029999,154.820007,155.229996,154167400,143.163691
4/2/2013,156.610001,157.210007,156.369995,156.820007,101504300,144.630108
4/1/2013,156.589996,156.910004,155.669998,156.050003,99194100,143.919957
3/28/2013,156.089996,156.850006,155.75,156.669998,102932800,144.491759
3/27/2013,155.259995,156.240005,155,156.190002,99950600,144.049074
3/26/2013,155.589996,156.229996,155.419998,156.190002,86856600,144.049074
3/25/2013,156.009995,156.270004,154.350006,154.949997,151322300,142.905457
3/22/2013,154.850006,155.600006,154.729996,155.600006,111163600,143.504939
3/21/2013,154.759995,155.639999,154.100006,154.360001,128605000,142.361322
3/20/2013,155.520004,155.949997,155.259995,155.690002,113759300,143.58794
3/19/2013,155.300003,155.509995,153.589996,154.610001,167567300,142.591889
3/18/2013,154.339996,155.639999,154.199997,154.970001,126704300,142.923906
3/15/2013,155.850006,156.039993,155.309998,155.830002,138601100,143.717057
3/14/2013,156.309998,156.800003,155.910004,156.729996,126329900,143.907037
3/13/2013,155.759995,156.119995,155.229996,155.899994,92550900,143.144942
3/12/2013,155.919998,156.100006,155.210007,155.679993,105755800,142.942941
3/11/2013,155.320007,156.039993,155.130005,156.029999,83746800,143.264311
3/8/2013,155.460007,155.649994,154.660004,155.440002,123477800,142.722585
3/7/2013,154.699997,154.979996,154.520004,154.779999,86101400,142.11658
3/6/2013,154.839996,154.919998,154.160004,154.5,94469900,141.85949
3/5/2013,153.660004,154.699997,153.639999,154.289993,121431900,141.666665
3/4/2013,151.759995,152.919998,151.520004,152.919998,99010200,140.408757
3/1/2013,151.089996,152.339996,150.410004,152.110001,170634800,139.66503
2/28/2013,151.899994,152.869995,151.410004,151.610001,126866000,139.205937
2/27/2013,149.889999,152.330002,149.759995,151.910004,150781900,139.481396
2/26/2013,149.720001,150.199997,148.729996,150.020004,186596200,137.746028
2/25/2013,152.630005,152.860001,149,149,245824800,136.809476
2/22/2013,151.149994,151.889999,150.490005,151.889999,106356600,139.463028
2/21/2013,150.960007,151.419998,149.940002,150.419998,183257000,138.113296
2/20/2013,153.139999,153.190002,151.259995,151.339996,160574800,138.958024
2/19/2013,152.369995,153.279999,152.160004,153.25,95105400,140.711759
2/15/2013,152.429993,152.589996,151.550003,152.110001,215226500,139.66503
2/14/2013,151.690002,152.470001,151.520004,152.289993,80834300,139.830296
2/13/2013,152.330002,152.610001,151.720001,152.149994,82322600,139.701751
2/12/2013,151.779999,152.300003,151.610001,152.020004,65392700,139.582396
2/11/2013,151.740005,151.899994,151.389999,151.770004,73775000,139.35285
2/8/2013,151.220001,151.889999,151.220001,151.800003,103133700,139.380395
2/7/2013,151.210007,151.350006,149.860001,150.960007,162490000,138.609123
2/6/2013,150.520004,151.259995,150.410004,151.160004,138762800,138.792757
2/5/2013,150.350006,151.479996,150.289993,151.050003,113912400,138.691756
2/4/2013,150.320007,151.270004,149.429993,149.539993,159073600,137.305289
2/1/2013,150.649994,151.419998,150.389999,151.240005,131173000,138.866214
1/31/2013,149.889999,150.380005,149.600006,149.699997,108975800,137.452202
1/30/2013,150.639999,150.940002,149.929993,150.070007,137447700,137.79194
1/29/2013,149.770004,150.850006,149.669998,150.660004,105694400,138.333665
1/28/2013,150.289993,150.330002,149.509995,150.070007,113357700,137.79194
1/25/2013,149.880005,150.25,149.369995,150.25,147211600,137.957206
1/24/2013,149.149994,150.139999,149.009995,149.410004,146426400,137.185935
1/23/2013,149.130005,149.5,148.860001,149.369995,104596100,137.149199
1/22/2013,148.330002,149.130005,147.979996,149.130005,111797300,136.928844
1/18/2013,147.970001,148.490005,147.429993,148.330002,169906000,136.194294
1/17/2013,147.699997,148.419998,147.149994,148,133833500,135.891291
1/16/2013,146.770004,147.279999,146.610001,147.050003,104849500,135.019019
1/15/2013,146.289993,147.210007,146.199997,147.070007,93172600,135.037386
1/14/2013,146.889999,147.070007,146.429993,146.970001,89567200,134.945562
1/11/2013,147.039993,147.149994,146.610001,147.070007,113917300,135.037386
1/10/2013,146.729996,147.089996,145.970001,147.080002,130735400,135.046563
1/9/2013,145.869995,146.320007,145.639999,145.919998,90745600,133.981466
1/8/2013,145.710007,145.910004,144.979996,145.550003,121265100,133.641742
1/7/2013,145.850006,146.110001,145.429993,145.970001,110002500,134.027378
1/4/2013,145.970001,146.610001,145.669998,146.369995,116817700,134.394646
1/3/2013,145.990005,146.369995,145.339996,145.729996,144761800,133.807009
1/2/2013,145.110001,146.149994,144.729996,146.059998,192059000,134.110011
12/31/2012,139.660004,142.559998,139.539993,142.410004,243935200,130.758644
12/28/2012,140.639999,141.419998,139.869995,140.029999,148806700,128.57336
12/27/2012,141.789993,142.080002,139.919998,141.559998,167920600,129.978181
12/26/2012,142.639999,142.710007,141.350006,141.75,106947700,130.152639
12/24/2012,142.479996,142.559998,142.190002,142.350006,53874600,130.703555
12/21/2012,142.169998,144.089996,141.940002,142.789993,245883800,131.107544
12/20/2012,144.380005,145.139999,143.979996,145.119995,168487000,132.308531
12/19/2012,145.529999,145.580002,144.240005,144.289993,150895400,131.551803
12/18/2012,144,145.5,143.789993,145.369995,177762800,132.53646
12/17/2012,142.470001,143.850006,142.429993,143.770004,143238200,131.077719
12/14/2012,142.320007,142.580002,141.880005,142.100006,137701700,129.555152
12/13/2012,143.419998,143.830002,142.270004,142.630005,135715000,130.038361
12/12/2012,144,144.550003,143.309998,143.509995,145880100,130.840664
12/11/2012,143.059998,144.110001,142.990005,143.440002,152570400,130.776851
12/10/2012,142.210007,142.809998,142.149994,142.470001,98840700,129.892483
12/7/2012,142.529999,142.690002,141.669998,142.410004,108726400,129.837782
12/6/2012,141.369995,142.039993,141.160004,141.979996,103220600,129.445736
12/5/2012,141.369995,142.160004,140.369995,141.5,147300500,129.008115
12/4/2012,141.440002,141.869995,140.869995,141.25,127512200,128.780186
12/3/2012,142.800003,142.919998,141.339996,141.449997,124656300,128.962527
11/30/2012,142.139999,142.419998,141.660004,142.149994,136568300,129.600727
11/29/2012,141.990005,142.509995,141.369995,142.119995,151085900,129.573376
11/28/2012,139.759995,141.539993,139,141.460007,177086500,128.971653
11/27/2012,140.910004,141.389999,140.240005,140.330002,128646200,127.941407
11/26/2012,140.649994,141.360001,140.190002,141.050003,100124400,128.597845
11/23/2012,140.130005,141.399994,140.039993,141.350006,65409200,128.871363
11/21/2012,139.309998,139.570007,139.029999,139.449997,81710800,127.13909
11/20/2012,138.910004,139.419998,138.080002,139.190002,119807400,126.902049
11/19/2012,137.899994,139.149994,136.410004,139.130005,151495800,126.847348
11/16/2012,135.899994,136.639999,134.699997,136.369995,239483900,124.330997
11/15/2012,135.979996,136.490005,135.179993,135.699997,178128400,123.720147
11/14/2012,138.210007,138.429993,135.619995,135.929993,191505000,123.929839
11/13/2012,137.539993,139.25,137.360001,137.789993,123018300,125.625635
11/12/2012,138.589996,138.809998,137.960007,138.270004,97677500,126.06327
11/9/2012,137.619995,139.440002,137.550003,138.160004,201055300,125.96298
11/8/2012,139.699997,140.410004,137.929993,138.039993,181517300,125.853565
11/7/2012,141.660004,141.679993,139.059998,139.720001,264304500,127.385258
11/6/2012,142.279999,143.520004,142.130005,142.960007,107068100,130.33923
11/5/2012,141.350006,142.169998,140.929993,141.850006,98378500,129.327222
11/2/2012,143.679993,143.720001,141.410004,141.559998,137702200,129.062816
11/1/2012,141.649994,143.009995,141.520004,142.830002,100995600,130.220702
10/31/2012,141.850006,142.029999,140.679993,141.350006,103438500,128.871363
10/26/2012,141.300003,141.839996,140.389999,141.350006,146023500,128.871363
10/25/2012,142.020004,142.279999,140.570007,141.429993,134457400,128.944288
10/24/2012,141.929993,142.100006,140.800003,141.020004,120179400,128.570495
10/23/2012,141.860001,142.059998,140.830002,141.419998,192056300,128.935176
10/22/2012,143.149994,143.669998,142.279999,143.410004,125578600,130.7495
10/19/2012,145.550003,145.559998,143.050003,143.389999,185645200,130.731262
10/18/2012,145.820007,146.520004,145.330002,145.820007,148108500,132.946744
10/17/2012,145.639999,146.320007,145.419998,146.199997,128834100,133.293188
10/16/2012,144.759995,145.639999,144.660004,145.539993,108815500,132.691451
10/15/2012,143.229996,144.229996,142.770004,144.080002,107689100,131.36035
10/12/2012,143.460007,143.949997,142.580002,142.889999,124181900,130.275403
10/11/2012,144.279999,144.490005,143.330002,143.360001,123601500,130.703912
10/10/2012,144.179993,144.320007,143.089996,143.279999,124247500,130.630973
10/9/2012,145.529999,145.649994,144.149994,144.199997,148872900,131.469752
10/8/2012,145.600006,146.119995,145.309998,145.639999,78415400,132.782628
10/5/2012,146.910004,147.160004,145.699997,146.139999,124842100,133.238487
10/4/2012,145.639999,146.339996,145.440002,146.130005,124311600,133.229375
10/3/2012,144.889999,145.429993,144.130005,145.089996,121283100,132.28118
10/2/2012,144.919998,145.149994,143.830002,144.5,113422200,131.74327
10/1/2012,144.520004,145.690002,144.009995,144.350006,135911200,131.606518
9/28/2012,144.089996,144.559998,143.460007,143.970001,150696100,131.26006
9/27/2012,143.889999,144.970001,143.509995,144.639999,111830300,131.87091
9/26/2012,144.070007,144.110001,142.949997,143.289993,146502200,130.640085
9/25/2012,145.960007,146.240005,144.059998,144.100006,133165200,131.378588
9/24/2012,145.149994,145.979996,145.039993,145.649994,95682000,132.79174
9/21/2012,146.639999,146.669998,145.809998,145.869995,108737500,132.992319
9/20/2012,146.029999,146.789993,145.630005,146.710007,154009800,133.047945
9/19/2012,146.789993,147.169998,146.410004,146.699997,128318300,133.038868
9/18/2012,146.490005,146.809998,146.25,146.619995,98326600,132.966316
9/17/2012,146.940002,147.190002,146.369995,146.740005,119427800,133.075151
9/14/2012,146.880005,148.110001,146.759995,147.240005,169777000,133.528589
9/13/2012,144.369995,147.039993,143.990005,146.589996,225470200,132.939111
9/12/2012,144.389999,144.550003,143.899994,144.389999,87640900,130.943984
9/11/2012,143.600006,144.369995,143.559998,143.910004,88760000,130.508687
9/10/2012,144.190002,144.440002,143.460007,143.509995,86458500,130.145928
9/7/2012,144.009995,144.389999,143.880005,144.330002,107272100,130.889574
9/6/2012,141.759995,143.779999,141.75,143.770004,158272500,130.381725
9/5/2012,141.089996,141.470001,140.630005,140.910004,100660300,127.788056
9/4/2012,141.039993,141.460007,140.130005,141.029999,120226200,127.896876
8/31/2012,141.289993,141.820007,140.360001,141.160004,151970400,128.014775
8/30/2012,140.899994,140.940002,140.190002,140.490005,96589900,127.407169
8/29/2012,141.520004,141.889999,141.119995,141.509995,65421300,128.332174
8/28/2012,141.179993,141.839996,140.970001,141.399994,75689600,128.232416
8/27/2012,141.889999,142.080002,141.339996,141.539993,68785900,128.359379
8/24/2012,140.309998,141.830002,140.220001,141.509995,99481200,128.332174
8/23/2012,141.470001,141.479996,140.440002,140.660004,111466400,127.561336
8/22/2012,141.399994,142.050003,141.070007,141.820007,133243500,128.613317
8/21/2012,142.539993,143.089996,141.449997,141.759995,105581100,128.558893
8/20/2012,141.979996,142.220001,141.589996,142.190002,78255700,128.948857
8/17/2012,142.229996,142.300003,141.860001,142.179993,90813700,128.93978
8/16/2012,141.149994,142.160004,140.800003,141.990005,112014200,128.767484
8/15/2012,140.639999,141.190002,140.550003,140.949997,71085900,127.824325
8/14/2012,141.289993,141.380005,140.369995,140.789993,102379400,127.679221
8/13/2012,140.600006,140.839996,140.039993,140.770004,79426900,127.661093
8/10/2012,140.039993,140.889999,139.809998,140.839996,99792700,127.724568
8/9/2012,140.289993,140.889999,140.149994,140.610001,90291700,127.51599
8/8/2012,139.850006,140.649994,139.809998,140.490005,89754700,127.407169
8/7/2012,140.179993,140.919998,140.029999,140.320007,109545100,127.253001
8/6/2012,139.720001,140.169998,139.559998,139.619995,86326200,126.618176
8/3/2012,138.559998,139.639999,136.679993,139.350006,157825000,126.373329
8/2/2012,136.550003,137.570007,135.580002,136.639999,199556600,123.915686
8/1/2012,138.699997,138.729996,137.399994,137.589996,138293800,124.777217
7/31/2012,138.490005,138.869995,137.710007,137.710007,120575900,124.886052
7/30/2012,138.520004,139.339996,138.270004,138.679993,106782000,125.76571
7/27/2012,136.889999,139.070007,136.139999,138.679993,236768900,125.76571
7/26/2012,135.889999,136.460007,135.259995,136.169998,156526500,123.489453
7/25/2012,134.210007,134.559998,133.25,133.960007,129122300,121.485262
7/24/2012,135.190002,135.25,133.029999,133.929993,173301200,121.458043
7/23/2012,134.470001,136.380005,133.839996,135.089996,145210900,122.510024
7/20/2012,136.949997,137.160004,136.320007,136.470001,142904500,123.761519
7/19/2012,137.649994,138.179993,137.210007,137.729996,129847300,124.904179
7/18/2012,136.039993,137.639999,135.960007,137.369995,113349700,124.577703
7/17/2012,135.970001,136.639999,134.550003,136.360001,138860300,123.661762
7/16/2012,135.440002,135.830002,134.899994,135.429993,97525200,122.818359
7/13/2012,133.860001,135.889999,133.839996,135.75,129642600,123.108566
7/12/2012,133.380005,134.229996,132.600006,133.509995,143583200,121.077157
7/11/2012,134.210007,134.600006,133.380005,134.160004,141733400,121.666635
7/10/2012,136.009995,136.229996,133.679993,134.139999,167884800,121.648494
7/9/2012,135.380005,135.570007,134.699997,135.320007,103780500,122.718616
7/6/2012,135.470001,135.770004,134.850006,135.490005,151192100,122.872783
7/5/2012,136.899994,137.800003,136.289993,136.789993,126177500,124.051712
7/3/2012,136.479996,137.509995,136.339996,137.410004,80450000,124.613986
7/2/2012,136.479996,136.649994,135.520004,136.509995,129524500,123.797788
6/29/2012,135.199997,136.270004,134.850006,136.100006,212250900,123.425979
6/28/2012,132.289993,132.990005,131.279999,132.789993,169242100,120.424204
6/27/2012,132.419998,133.429993,131.970001,133.169998,108088000,120.768822
6/26/2012,131.699997,132.380005,130.929993,131.979996,141634000,119.689636
6/25/2012,132.050003,132.100006,130.850006,131.320007,146375700,119.091107
6/22/2012,133.130005,133.710007,132.619995,133.460007,130029200,121.031824
6/21/2012,135.639999,135.779999,132.330002,132.440002,205272200,120.106805
6/20/2012,135.710007,136.100006,134.270004,135.479996,206451800,122.863706
6/19/2012,135.080002,136.25,134.369995,135.699997,137382600,123.06322
6/18/2012,133.580002,134.729996,133.279999,134.399994,131360900,121.884277
6/15/2012,133.380005,134.259995,133.100006,134.139999,169444500,121.648494
6/14/2012,132.339996,134,131.979996,133.470001,230615500,120.416951
6/13/2012,132.529999,133.360001,131.619995,132.070007,172223900,119.153873
6/12/2012,131.789993,133.009995,131.160004,132.919998,181931800,119.920737
6/11/2012,134.169998,134.25,131.279999,131.410004,169756100,118.558416
6/8/2012,131.710007,133.130005,131.289993,133.100006,143915400,120.083141
6/7/2012,133.470001,133.529999,131.779999,132.050003,184772700,119.135825
6/6/2012,129.970001,132.029999,129.929993,131.970001,184202800,119.063648
6/5/2012,127.849998,129.259995,127.779999,129.070007,164149400,116.447266
6/4/2012,128.389999,128.740005,127.139999,128.100006,202545800,115.572129
6/1/2012,129.410004,131.5,128.160004,128.160004,253240900,115.626259
5/31/2012,131.710007,132.449997,130.339996,131.470001,196186000,118.612546
5/30/2012,132.559998,133.690002,131.490005,131.759995,162370400,118.874179
5/29/2012,133.160004,133.929993,131.169998,133.699997,152883500,120.624454
5/25/2012,132.479996,132.850006,131.779999,132.100006,135465600,119.180938
5/24/2012,132.630005,132.839996,131.419998,132.529999,167357600,119.568879
5/23/2012,131.25,132.460007,129.990005,132.270004,204958400,119.334311
5/22/2012,132.309998,133.229996,131.339996,132.199997,197531200,119.27115
5/21/2012,130.160004,132.020004,129.949997,131.970001,177861100,119.063648
5/18/2012,131.369995,131.600006,129.550003,129.740005,319615900,117.05174
5/17/2012,132.860001,133.020004,130.789993,130.860001,247992900,118.062202
5/16/2012,133.940002,134.550003,132.800003,132.830002,207265500,119.839542
5/15/2012,134.020004,134.809998,133.130005,133.339996,207629300,120.29966
5/14/2012,134.309998,135.610001,133.910004,134.110001,163910000,120.99436
5/11/2012,135.169998,136.869995,135.110001,135.610001,153032400,122.347664
5/10/2012,136.679993,136.850006,135.710007,136.020004,150600000,122.71757
5/9/2012,135.100006,136.610001,134.490005,135.740005,220752500,122.464954
5/8/2012,136.279999,136.770004,134.919998,136.550003,213377700,123.195736
5/7/2012,136.509995,137.559998,136.460007,137.100006,127765900,123.69195
5/4/2012,138.520004,139.300003,136.919998,137,193927300,123.601724
5/3/2012,140.339996,140.449997,138.990005,139.25,143759700,125.63168
5/2/2012,139.919998,140.460007,139.460007,140.320007,121081000,126.597043
5/1/2012,139.789993,141.660004,139.630005,140.740005,138832200,126.975966
4/30/2012,140.110001,140.210007,139.490005,139.869995,115092200,126.191041
4/27/2012,140.580002,140.789993,139.800003,140.389999,130725000,126.66019
4/26/2012,138.889999,140.320007,138.809998,140.160004,136291600,126.452687
4/25/2012,138.649994,139.25,138.529999,139.190002,150252200,125.57755
4/24/2012,136.910004,137.660004,136.800003,137.309998,137484200,123.881405
4/23/2012,136.539993,136.910004,135.940002,136.789993,171844900,123.412256
