Date,Open,High,Low,Close,Adj Close,Volume
5/4/2012,11.82,11.86,11.25,11.42,11.42,7816100
5/7/2012,11.15,11.69,11.1,11.59,11.59,6169700
5/8/2012,11.33,11.53,10.73,11.45,11.45,11143500
5/9/2012,10.89,11.39,10.67,11.01,11.01,13741200
5/10/2012,11.34,11.5,11.2,11.38,11.38,7763300
5/11/2012,11.07,11.56,11.03,11.18,11.18,8098400
5/14/2012,10.7,10.86,10.51,10.54,10.54,11631200
5/15/2012,10.47,10.67,9.97,9.99,9.99,12257400
5/16/2012,10.15,10.32,9.61,9.65,9.65,14047900
5/17/2012,9.73,9.85,9.19,9.19,9.19,17442500
5/18/2012,9.23,9.28,8.41,8.57,8.57,19163400
5/21/2012,8.59,9.49,8.48,9.48,9.48,14680800
5/22/2012,9.59,10,8.8,9.15,9.15,22903500
5/23/2012,8.88,9.38,8.59,9.3,9.3,28587200
5/24/2012,9.35,9.41,8.86,9.22,9.22,20583300
5/25/2012,9.22,9.36,9.15,9.3,9.3,11722000
5/29/2012,9.6,9.8,9.41,9.77,9.77,9117100
5/30/2012,9.48,9.48,9.05,9.05,9.05,15063500
5/31/2012,8.94,9.2,8.5,8.89,8.89,21307700
6/1/2012,8.25,8.5,8.14,8.15,8.15,22032000
6/4/2012,8.34,8.52,8.06,8.47,8.47,18781700
6/5/2012,8.42,8.75,8.41,8.68,8.68,12844200
6/6/2012,8.95,9.34,8.88,9.34,9.34,13133000
6/7/2012,9.74,9.8,9.35,9.4,9.4,14532800
6/8/2012,9.35,9.94,9.3,9.91,9.91,10918000
6/11/2012,10.28,10.34,9.02,9.05,9.05,15304400
6/12/2012,9.09,9.23,8.79,9.19,9.19,15302700
6/13/2012,8.94,9.22,8.55,8.7,8.7,14690100
6/14/2012,8.78,9.26,8.64,9.26,9.26,13850400
6/15/2012,9.33,9.77,9.2,9.63,9.63,11112000
6/18/2012,9.68,10.48,9.58,10.45,10.45,15720100
6/19/2012,10.81,10.87,10.48,10.65,10.65,13087400
6/20/2012,10.66,11.09,10.23,11.08,11.08,13380800
6/21/2012,11.05,11.18,9.74,9.77,9.77,18055000
6/22/2012,10.12,10.83,9.95,10.78,10.78,10108200
6/25/2012,10.14,10.19,9.88,10,10,18872200
6/26/2012,10.31,10.43,9.9,10.29,10.29,15748300
6/27/2012,10.47,10.61,10.2,10.23,10.23,15553700
6/28/2012,10.09,10.56,9.9,10.53,10.53,12942800
6/29/2012,11.16,11.31,11,11.25,11.25,13065500
7/2/2012,11.49,12.01,11.33,11.97,11.97,13467800
7/3/2012,12.05,12.4,12.02,12.21,12.21,8168000
7/5/2012,12.13,12.14,11.61,11.75,11.75,11374900
7/6/2012,11.43,11.92,11.41,11.89,11.89,10960300
7/9/2012,11.95,12.11,11.66,11.97,11.97,8663400
7/10/2012,12.17,12.35,11.42,11.64,11.64,11511300
7/11/2012,11.67,12.12,11.48,12,12,11965900
7/12/2012,11.73,12.19,11.44,11.92,11.92,14898700
7/13/2012,12.09,12.61,12.06,12.6,12.6,11837100
7/16/2012,12.62,12.87,12.45,12.73,12.73,8800200
7/17/2012,12.94,13.28,12.58,13.21,13.21,12461400
7/18/2012,13.13,13.42,12.96,13.07,13.07,8771800
7/19/2012,13.15,13.39,12.86,13.39,13.39,9041500
7/20/2012,12.97,13.14,12.52,12.63,12.63,11351400
7/23/2012,11.62,12.06,11.21,11.82,11.82,13916700
7/24/2012,11.78,11.82,10.91,11.3,11.3,16279600
7/25/2012,11.33,11.61,10.96,11.45,11.45,15367900
7/26/2012,12.14,12.34,11.9,12.3,12.3,12852600
7/27/2012,12.81,12.88,12.48,12.62,12.62,11992400
7/30/2012,12.75,12.87,12.32,12.35,12.35,9005300
7/31/2012,12.11,12.35,11.97,11.97,11.97,9460900
8/1/2012,12.22,12.41,11.97,12.27,12.27,11115100
8/2/2012,11.97,12.53,11.83,12.52,12.52,12771200
8/3/2012,13.02,13.41,12.93,13.41,13.41,9505800
8/6/2012,13.58,13.87,13.5,13.68,13.68,8861500
8/7/2012,13.92,13.99,13.28,13.31,13.31,6528700
8/8/2012,13.34,13.87,13.24,13.84,13.84,7588800
8/9/2012,13.74,14.07,13.61,13.91,13.91,5842800
8/10/2012,13.76,14.17,13.67,14.16,14.16,6401700
8/13/2012,14.12,14.54,14.07,14.54,14.54,8835700
8/14/2012,14.45,14.52,13.72,13.75,13.75,11609400
8/15/2012,13.74,14.07,13.66,13.73,13.73,6972200
8/16/2012,13.79,14.03,13.56,14.01,14.01,7947300
8/17/2012,14.16,14.52,13.98,14.42,14.42,7190600
8/20/2012,14.3,14.44,14.03,14.39,14.39,7451500
8/21/2012,14.6,14.65,13.88,14,14,14412900
8/22/2012,13.78,14.07,13.61,13.9,13.9,10763100
8/23/2012,13.83,13.87,13.44,13.6,13.6,9081900
8/24/2012,13.46,14.29,13.43,14.19,14.19,8821900
8/27/2012,14.31,14.43,14.04,14.08,14.08,6594500
8/28/2012,13.88,14.09,13.77,13.81,13.81,8339000
8/29/2012,13.86,14.13,13.74,13.77,13.77,7923300
8/30/2012,13.46,13.65,13.33,13.48,13.48,8499400
8/31/2012,13.71,14,13.4,13.89,13.89,9757200
9/4/2012,13.86,14.06,13.62,14.01,14.01,7816900
9/5/2012,14.09,14.48,14.02,14.39,14.39,7352700
9/6/2012,14.73,15.91,14.71,15.9,15.9,13334100
9/7/2012,16.219999,16.860001,16.17,16.790001,16.790001,10857900
9/10/2012,16.559999,17.09,15.81,15.85,15.85,11927600
9/11/2012,15.87,16.309999,15.69,15.96,15.96,11771400
9/12/2012,16.27,16.49,15.87,16.389999,16.389999,13556400
9/13/2012,16.379999,17.709999,16.08,17.610001,17.610001,17059500
9/14/2012,17.93,18.24,16.9,17.02,17.02,18111200
9/17/2012,16.690001,17.120001,16.68,17.09,17.09,9530500
9/18/2012,17,17.610001,16.84,17.540001,17.540001,11709700
9/19/2012,17.860001,17.92,17.469999,17.559999,17.559999,10816400
9/20/2012,17.41,17.76,17.1,17.74,17.74,11508100
9/21/2012,17.719999,18.09,17.559999,17.870001,17.870001,7273200
9/24/2012,17.66,18.25,17.559999,18.09,18.09,9052000
9/25/2012,18.32,18.32,16.68,16.75,16.75,12352700
9/26/2012,16.42,16.65,15.72,16.09,16.09,13107300
9/27/2012,16.58,17.59,16.35,17.530001,17.530001,11007800
9/28/2012,17.190001,17.58,16.860001,17.02,17.02,14588400
10/1/2012,17.43,17.91,16.73,16.84,16.84,12522600
10/2/2012,17.07,17.23,16.6,17.17,17.17,7781200
10/3/2012,17.16,17.469999,16.76,17.24,17.24,9475900
10/4/2012,17.4,17.68,17.27,17.67,17.67,7677200
10/5/2012,18.219999,18.41,17.690001,17.9,17.9,13118100
10/8/2012,17.639999,17.870001,17.52,17.709999,17.709999,7163800
10/9/2012,17.68,17.76,16.84,16.940001,16.940001,12746300
10/10/2012,17.110001,17.24,16.74,17.15,17.15,11635500
10/11/2012,17.379999,17.59,17.23,17.360001,17.360001,8217500
10/12/2012,17.65,17.799999,17.07,17.17,17.17,14610600
10/15/2012,17.32,17.82,16.969999,17.780001,17.780001,12006300
10/16/2012,18.08,18.27,17.92,18.17,18.17,9243800
10/17/2012,18.200001,18.5,17.99,18.379999,18.379999,9317800
10/18/2012,18.26,18.68,18.15,18.42,18.42,9460400
10/19/2012,18.280001,18.290001,17.07,17.27,17.27,16210700
10/22/2012,17.33,17.51,16.799999,17.49,17.49,10753700
10/23/2012,16.52,16.620001,15.86,16.08,16.08,19946600
10/24/2012,16.27,16.309999,15.83,15.93,15.93,12459300
10/25/2012,16.51,16.59,15.98,16.370001,16.370001,13225400
10/26/2012,16.41,16.67,15.98,16.42,16.42,11553900
10/31/2012,16.76,16.790001,15.94,16.08,16.08,11487200
11/1/2012,16.24,17.370001,16.209999,17.33,17.33,12460700
11/2/2012,17.59,17.66,16.83,16.889999,16.889999,14293800
11/5/2012,16.65,16.77,16.16,16.57,16.57,12441800
11/6/2012,16.700001,17.34,16.540001,17.139999,17.139999,10392500
11/7/2012,16.75,16.85,15.57,15.8,15.8,20791300
11/8/2012,15.8,16.16,15.57,15.66,15.66,16096700
11/9/2012,15.49,16.17,15.47,15.66,15.66,13800100
11/12/2012,15.87,16.719999,15.84,16.65,16.65,10317800
11/13/2012,16.299999,17.08,16.190001,16.65,16.65,13820300
11/14/2012,17.129999,17.18,15.8,16.07,16.07,15526600
11/15/2012,16.09,16.379999,15.4,15.93,15.93,14155700
11/16/2012,16.1,16.67,15.53,16.629999,16.629999,18424700
11/19/2012,17.24,18.1,17.23,18.08,18.08,17792000
11/20/2012,18.280001,18.42,17.969999,18.370001,18.370001,17482800
11/21/2012,18.440001,18.74,18.08,18.23,18.23,10483700
11/23/2012,18.700001,19.059999,18.530001,19.059999,19.059999,6382800
11/26/2012,18.719999,19.24,18.620001,19.200001,19.200001,11046700
11/27/2012,19.34,19.5,18.73,18.780001,18.780001,12850500
11/28/2012,18.48,19.370001,18.09,19.309999,19.309999,14972800
11/29/2012,19.6,19.690001,19.15,19.58,19.58,10929800
11/30/2012,19.75,19.75,19.01,19.219999,19.219999,9867300
12/3/2012,19.690001,19.75,18.76,18.809999,18.809999,10911700
12/4/2012,18.65,18.940001,18.219999,18.48,18.48,11602300
12/5/2012,18.48,18.889999,18.049999,18.799999,18.799999,12179300
12/6/2012,18.790001,18.860001,18.41,18.559999,18.559999,8293400
12/7/2012,18.879999,19.25,18.450001,19.25,19.25,7256000
12/10/2012,19.059999,19.190001,18.83,18.98,18.98,6710000
12/11/2012,19.219999,19.639999,19.110001,19.610001,19.610001,9165600
12/12/2012,19.700001,19.809999,19.07,19.129999,19.129999,10657300
12/13/2012,19.17,19.26,18.459999,18.76,18.76,10709600
12/14/2012,18.68,18.790001,18.4,18.639999,18.639999,10559600
12/17/2012,18.57,19.309999,18.540001,19.290001,19.290001,7940600
12/18/2012,19.58,20.15,19.48,20.01,20.01,12499500
12/19/2012,20.049999,20.049999,18.83,18.870001,18.870001,12282500
12/20/2012,18.91,19.02,18.27,18.42,18.42,14451800
12/21/2012,16.91,17.5,16.83,17.209999,17.209999,17141500
12/24/2012,17.51,17.59,17.280001,17.51,17.51,4538900
12/26/2012,17.23,17.27,16.549999,16.58,16.58,8681100
12/27/2012,16.610001,16.77,15.54,16.58,16.58,18781600
12/28/2012,16.040001,16.469999,15.6,15.7,15.7,17217900
12/31/2012,14.92,16.75,14.78,16.59,16.59,25489300
1/2/2013,18.209999,18.709999,17.73,18.6,18.6,37839900
1/3/2013,18.440001,18.84,18.200001,18.48,18.48,23776500
1/4/2013,18.530001,18.940001,18.43,18.84,18.84,15097800
1/7/2013,18.620001,18.969999,18.5,18.879999,18.879999,11486400
1/8/2013,18.959999,19.15,18.629999,19.08,19.08,11308000
1/9/2013,19.4,19.440001,18.879999,19.040001,19.040001,10722300
1/10/2013,19.41,19.57,19.120001,19.530001,19.530001,11044900
1/11/2013,19.49,19.6,19.24,19.58,19.58,9066800
1/14/2013,19.639999,20,19.48,19.91,19.91,10148500
1/15/2013,19.67,20.08,19.6,19.9,19.9,9832500
1/16/2013,20.07,20.52,19.959999,20.309999,20.309999,10449300
1/17/2013,20.6,20.67,20.200001,20.209999,20.209999,8385500
1/18/2013,20.41,21.57,20.290001,21.49,21.49,11232300
1/22/2013,21.49,22.23,21.1,22.110001,22.110001,12603400
1/23/2013,22.120001,22.83,22.030001,22.700001,22.700001,10998500
1/24/2013,22.559999,22.91,21.24,22.57,22.57,18368400
1/25/2013,22.49,22.780001,21.98,22.389999,22.389999,11149800
1/28/2013,22.440001,22.469999,21.530001,21.83,21.83,7824500
1/29/2013,21.459999,22.620001,21.34,22.459999,22.459999,10990600
1/30/2013,21.91,22.200001,21,21.07,21.07,14798300
1/31/2013,20.9,21.42,20.75,20.940001,20.940001,10652100
2/1/2013,21.799999,22.33,21.799999,22.040001,22.040001,16062700
2/4/2013,21.43,21.68,20.58,20.610001,20.610001,12360300
2/5/2013,21.059999,21.860001,20.99,21.49,21.49,10688600
2/6/2013,21.07,21.629999,20.98,21.58,21.58,12044300
2/7/2013,21.889999,21.940001,20.790001,21.65,21.65,14487800
2/8/2013,21.83,22.190001,21.799999,22.110001,22.110001,10859800
2/11/2013,22.190001,22.58,21.99,22.48,22.48,9403400
2/12/2013,22.52,22.9,22.35,22.719999,22.719999,12810800
2/13/2013,22.76,22.99,22.200001,22.559999,22.559999,12077700
2/14/2013,22.440001,23.049999,22.290001,22.940001,22.940001,7210600
2/15/2013,23.15,23.25,22.59,23.120001,23.120001,10365200
2/19/2013,23.280001,24.17,23.280001,24.120001,24.120001,11780300
2/20/2013,24.02,24.049999,21.889999,21.98,21.98,18434700
2/21/2013,21.959999,21.959999,20.780001,21.57,21.57,21689500
2/22/2013,22.049999,22.309999,21.639999,22.299999,22.299999,12319600
2/25/2013,23.040001,23.32,19,19.18,19.18,26248800
2/26/2013,19.26,19.76,18.129999,19.440001,19.440001,31344200
2/27/2013,19.379999,21.059999,19.16,20.73,20.73,21093500
2/28/2013,20.82,21.15,20.120001,20.129999,20.129999,17811400
3/1/2013,19.23,20.139999,18.73,19.809999,19.809999,22246600
3/4/2013,19.530001,20.85,19.42,20.790001,20.790001,13792900
3/5/2013,21.469999,21.620001,21.25,21.49,21.49,19665300
3/6/2013,21.76,21.780001,20.98,21.389999,21.389999,13517500
3/7/2013,21.469999,21.84,21.280001,21.84,21.84,11839900
3/8/2013,22.200001,22.25,21.48,22.120001,22.120001,18805300
3/11/2013,22.129999,23.07,22.040001,23.01,23.01,13393200
3/12/2013,22.98,23.129999,21.9,22.65,22.65,23319800
3/13/2013,22.75,22.950001,22.25,22.799999,22.799999,15227400
3/14/2013,23.08,23.32,22.809999,23.219999,23.219999,11954900
3/15/2013,23.110001,23.34,22.700001,23.219999,23.219999,15581300
3/18/2013,21.75,23.030001,21.68,22.02,22.02,20861200
3/19/2013,22.49,22.58,20.83,21.969999,21.969999,28045100
3/20/2013,22.75,23.299999,22.530001,23.16,23.16,15483200
3/21/2013,22.58,23.120001,22.17,22.5,22.5,19980500
3/22/2013,22.889999,22.98,22.209999,22.549999,22.549999,10850700
3/25/2013,23.15,23.450001,22.17,22.83,22.83,20693400
3/26/2013,23.26,23.58,22.950001,23.48,23.48,12234600
3/27/2013,22.870001,23.42,22.68,23.23,23.23,13965000
3/28/2013,23.309999,23.42,23.120001,23.309999,23.309999,11077600
4/1/2013,23.42,23.540001,22.98,23.219999,23.219999,11106000
4/2/2013,23.6,23.99,23.51,23.98,23.98,13644900
4/3/2013,24,24.120001,22.84,23.07,23.07,15871700
4/4/2013,23.129999,23.459999,22.52,23.43,23.43,16238800
4/5/2013,22.15,23.389999,22.02,23.370001,23.370001,19137700
4/8/2013,23.58,24.040001,23.23,24,24,15631700
4/9/2013,24.23,24.59,23.809999,24.35,24.35,14442900
4/10/2013,24.629999,25.049999,24.530001,24.969999,24.969999,13719500
4/11/2013,25.09,25.51,24.870001,25.040001,25.040001,14174800
4/12/2013,24.75,25.57,24.49,25.51,25.51,14134400
4/15/2013,25.34,25.690001,21.450001,22.450001,22.450001,29924500
4/16/2013,22.780001,23.52,22.440001,23.459999,23.459999,19834700
4/17/2013,22.66,22.68,20.049999,20.860001,20.860001,36455300
4/18/2013,20.860001,20.9,19.43,19.93,19.93,23583400
4/19/2013,20.16,21.43,20.040001,21.27,21.27,18798400
4/22/2013,21.209999,22.02,20.73,21.780001,21.780001,16561500
4/23/2013,22.48,22.99,21.110001,22.879999,22.879999,18677000
4/24/2013,22.85,23.129999,22.6,22.74,22.74,12881800
4/25/2013,23.030001,23.139999,22.389999,22.540001,22.540001,11112200
4/26/2013,22.299999,22.65,22.02,22.530001,22.530001,11908500
4/29/2013,22.9,23.08,22.530001,22.639999,22.639999,9847100
4/30/2013,22.690001,22.969999,22.309999,22.9,22.9,9752800
5/1/2013,22.68,22.76,21.82,21.860001,21.860001,20152700
5/2/2013,22.27,22.77,22.209999,22.66,22.66,14733200
5/3/2013,23.190001,23.280001,22.98,23.16,23.16,14550000
5/6/2013,23.18,23.700001,23.139999,23.530001,23.530001,8328000
5/7/2013,23.879999,23.99,23.43,23.76,23.76,11221900
5/8/2013,23.540001,23.74,23.139999,23.620001,23.620001,9637800
5/9/2013,23.4,23.49,22.68,23.139999,23.139999,14551900
5/10/2013,23.01,23.42,22.76,23.379999,23.379999,12466300
5/13/2013,23.360001,23.59,23.15,23.52,23.52,8141100
5/14/2013,23.65,23.83,23.41,23.74,23.74,11656100
5/15/2013,23.459999,23.73,23.27,23.559999,23.559999,14200500
5/16/2013,23.370001,23.629999,23.059999,23.32,23.32,12079400
5/17/2013,23.42,23.99,23.370001,23.879999,23.879999,14071300
5/20/2013,23.610001,23.959999,23.57,23.58,23.58,9557100
5/21/2013,23.719999,23.809999,23.23,23.370001,23.370001,13776000
5/22/2013,23.58,23.74,22.74,23.120001,23.120001,23503100
5/23/2013,21.969999,23.110001,21.950001,22.950001,22.950001,18864400
5/24/2013,22.66,23.049999,22.5,22.969999,22.969999,12438700
5/28/2013,23.65,23.809999,23.25,23.58,23.58,10218700
5/29/2013,23.190001,23.42,22.690001,23.209999,23.209999,18938600
5/30/2013,23.17,23.48,22.9,23.24,23.24,13448100
5/31/2013,23,23.290001,22.4,22.43,22.43,17751700
6/3/2013,22.48,22.6,21.280001,22.51,22.51,26167900
6/4/2013,22.35,22.530001,21.51,22.23,22.23,19378100
6/5/2013,21.799999,22,21.15,21.27,21.27,24801400
6/6/2013,21.07,21.51,20.08,21.49,21.49,25348200
6/7/2013,22.110001,22.540001,21.790001,22.48,22.48,21618500
6/10/2013,22.790001,22.870001,22.379999,22.719999,22.719999,13650200
6/11/2013,21.809999,22.25,21.09,21.23,21.23,26320800
6/12/2013,21.73,21.780001,19.76,20.01,20.01,36256800
6/13/2013,20.01,21.07,19.74,20.940001,20.940001,25027500
6/14/2013,20.870001,21.35,20.280001,20.34,20.34,23016900
6/17/2013,20.84,20.959999,20.35,20.77,20.77,16358400
6/18/2013,20.84,21.059999,20.74,21.030001,21.030001,13542200
6/19/2013,20.889999,22,20.719999,21.049999,21.049999,27890400
6/20/2013,20.15,20.27,17.940001,18.48,18.48,53799400
6/21/2013,19.209999,19.43,18.23,19.299999,19.299999,34531900
6/24/2013,18.32,18.790001,17.9,18.17,18.17,45347400
6/25/2013,18.719999,18.799999,18.309999,18.690001,18.690001,24286100
6/26/2013,19.15,19.18,18.73,19.110001,19.110001,15674100
6/27/2013,19.559999,19.879999,19.41,19.860001,19.860001,14734000
6/28/2013,19.49,20.299999,19.33,19.98,19.98,24246500
7/1/2013,20.280001,20.959999,20.23,20.58,20.58,15583400
7/2/2013,20.389999,20.870001,20.02,20.309999,20.309999,21247500
7/3/2013,20.120001,20.67,20.02,20.549999,20.549999,11219100
7/5/2013,21.1,21.65,20.77,21.65,21.65,20278200
7/8/2013,22.209999,22.719999,22.09,22.559999,22.559999,17139500
7/9/2013,23.190001,23.290001,22.870001,23.049999,23.049999,11467500
7/10/2013,23.049999,23.379999,22.940001,23.280001,23.280001,13444700
7/11/2013,24.01,24.110001,23.620001,23.870001,23.870001,9548400
7/12/2013,23.889999,24.02,23.49,23.65,23.65,8903800
7/15/2013,23.889999,24.32,23.700001,24.17,24.17,7024100
7/16/2013,24.209999,24.26,23.25,23.49,23.49,12035800
7/17/2013,23.84,24.360001,23.6,24.32,24.32,10429800
7/18/2013,24.52,25.030001,24.43,24.719999,24.719999,11328000
7/19/2013,24.559999,25.389999,24.25,25.24,25.24,10817700
7/22/2013,25.41,25.879999,25.139999,25.780001,25.780001,9222800
7/23/2013,26.040001,26.26,25.48,25.9,25.9,10851100
7/24/2013,26.1,26.129999,25.299999,25.57,25.57,11298900
7/25/2013,25.309999,26.290001,25.25,26.209999,26.209999,8044400
7/26/2013,25.92,26.4,25.469999,26.32,26.32,8575800
7/29/2013,26.030001,26.27,25.709999,25.959999,25.959999,8138300
7/30/2013,26.049999,26.52,25.809999,26.43,26.43,7900300
7/31/2013,26.52,27.620001,26.48,26.99,26.99,12928800
8/1/2013,27.74,27.969999,27.59,27.879999,27.879999,9768500
8/2/2013,27.860001,28.610001,27.83,28.549999,28.549999,6679600
8/5/2013,28.65,29,28.5,28.9,28.9,6555500
8/6/2013,28.77,28.85,27.809999,28.030001,28.030001,10811300
8/7/2013,27.629999,27.93,26.99,27.73,27.73,10742400
8/8/2013,28.280001,28.4,27.620001,28.190001,28.190001,9152600
8/9/2013,28.16,28.43,27.5,27.799999,27.799999,9960500
8/12/2013,27.17,28.049999,27.15,27.92,27.92,6891000
8/13/2013,28.200001,28.370001,27.530001,28.18,28.18,9385800
8/14/2013,28.379999,28.5,27.879999,27.940001,27.940001,7733200
8/15/2013,26.99,27.129999,26.4,26.49,26.49,18234800
8/16/2013,26.530001,27.41,26.469999,26.99,26.99,11339600
8/19/2013,26.870001,27.040001,26.17,26.25,26.25,8879400
8/20/2013,26.139999,27.219999,26.01,26.559999,26.559999,9341100
8/21/2013,26.09,27.120001,25.559999,26.059999,26.059999,25188500
8/22/2013,26.370001,26.83,26.32,26.66,26.66,8734900
8/23/2013,26.9,27.23,26.67,27.18,27.18,7105500
8/26/2013,27.469999,27.67,26.209999,26.280001,26.280001,8365600
8/27/2013,25.09,25.49,24.030001,24.200001,24.200001,20374800
8/28/2013,24,24.6,23.690001,24.209999,24.209999,12065600
8/29/2013,23.870001,24.42,23.700001,23.719999,23.719999,12099700
8/30/2013,23.889999,23.9,23,23.41,23.41,10637800
9/3/2013,24.49,24.58,23.809999,24.34,24.34,13787200
9/4/2013,24.290001,24.540001,24.129999,24.4,24.4,6754100
9/5/2013,24.41,24.99,24.33,24.92,24.92,7011100
9/6/2013,25.26,25.34,24.01,24.709999,24.709999,11830300
9/9/2013,24.98,25.76,24.84,25.639999,25.639999,6683700
9/10/2013,26.379999,26.59,26.200001,26.559999,26.559999,6850000
9/11/2013,26.459999,27.530001,26.360001,27.41,27.41,8325700
9/12/2013,27.51,27.9,26.9,26.940001,26.940001,9249900
9/13/2013,27.52,27.620001,26.879999,27.379999,27.379999,6086500
9/16/2013,28.01,28.09,27.459999,27.66,27.66,8015400
9/17/2013,27.73,28.08,27.709999,27.950001,27.950001,6384500
9/18/2013,27.83,29.299999,27.450001,28.950001,28.950001,16605100
9/19/2013,29.34,29.450001,28.74,29.1,29.1,9760100
9/20/2013,29.049999,29.389999,28.540001,28.549999,28.549999,11047900
9/23/2013,28.629999,28.75,27.66,28.209999,28.209999,10036600
9/24/2013,28.379999,28.82,28.040001,28.33,28.33,10926300
9/25/2013,28.389999,28.74,28.040001,28.41,28.41,11763100
9/26/2013,28.85,29.030001,28.5,28.950001,28.950001,8023700
9/27/2013,28.48,28.559999,27.5,27.799999,27.799999,11549200
9/30/2013,26.549999,27.49,26.41,26.790001,26.790001,12869100
10/1/2013,26.76,27.700001,26.67,27.67,27.67,10126400
10/2/2013,27.120001,27.450001,26.549999,26.809999,26.809999,11198200
10/3/2013,26.58,26.700001,24.57,25.780001,25.780001,23321600
10/4/2013,25.49,26.110001,25.15,25.940001,25.940001,12746300
10/7/2013,24.860001,25.200001,23.91,23.959999,23.959999,15604700
10/8/2013,23.950001,24.040001,22.52,22.85,22.85,28563000
10/9/2013,22.85,23.950001,22.219999,23.549999,23.549999,28650100
10/10/2013,24.49,25.879999,24.469999,25.85,25.85,30329300
10/11/2013,25.83,26.790001,25.76,26.33,26.33,18875600
10/14/2013,25.35,26.43,24.84,26.040001,26.040001,23803700
10/15/2013,25.83,26.309999,24.290001,24.450001,24.450001,23757800
10/16/2013,25.719999,27.43,25.360001,27.389999,27.389999,26013100
10/17/2013,27.1,28.940001,27.07,28.91,28.91,23959700
10/18/2013,29.379999,29.77,28.67,29.18,29.18,19115800
10/21/2013,29.85,29.870001,28.719999,29.02,29.02,13072000
10/22/2013,29.58,29.700001,28.709999,28.870001,28.870001,13148700
10/23/2013,28.530001,28.73,27.790001,28.67,28.67,15648600
10/24/2013,28.860001,29.280001,28.639999,29.129999,29.129999,9683000
10/25/2013,29.17,29.25,28.77,29.219999,29.219999,8003900
10/28/2013,29.07,29.209999,28.780001,29.049999,29.049999,7141900
10/29/2013,29.120001,29.32,28.84,29.309999,29.309999,7942100
10/30/2013,29.23,29.309999,28.42,28.85,28.85,11407000
10/31/2013,28.940001,29.49,28.719999,29,29,10539400
11/1/2013,29.25,29.459999,28.84,29.059999,29.059999,8689600
11/4/2013,29.4,29.99,29.24,29.950001,29.950001,6967500
11/5/2013,29.76,30.17,29.549999,30.02,30.02,7832700
11/6/2013,30.370001,30.530001,29.940001,30.51,30.51,6740800
11/7/2013,30.65,30.67,29.25,29.440001,29.440001,13366400
11/8/2013,29.790001,30.68,29.700001,30.66,30.66,10437900
11/11/2013,30.65,30.83,30.469999,30.790001,30.790001,5563100
11/12/2013,30.719999,31,30.530001,30.82,30.82,7274900
11/13/2013,30.4,31.07,30.370001,30.950001,30.950001,6954600
11/14/2013,31.030001,31.370001,30.91,31.309999,31.309999,6279700
11/15/2013,31.52,31.74,31.469999,31.73,31.73,5227400
11/18/2013,32.189999,32.5,31.57,31.65,31.65,8122900
11/19/2013,31.860001,32.009998,30.92,31.280001,31.280001,11817800
11/20/2013,30.969999,32.450001,30.92,31.950001,31.950001,14369200
11/21/2013,32.290001,33.27,32.25,32.98,32.98,10581500
11/22/2013,33.189999,33.490002,33.009998,33.490002,33.490002,6305900
11/25/2013,33.82,33.830002,33.200001,33.380001,33.380001,6214600
11/26/2013,33.380001,33.630001,33.080002,33.18,33.18,6501100
11/27/2013,33.380001,33.380001,33.049999,33.139999,33.139999,4272000
11/29/2013,33.299999,33.32,32.709999,32.75,32.75,2409000
12/2/2013,32.869999,32.900002,32.25,32.48,32.48,7037700
12/3/2013,31.879999,32.16,30.879999,31.67,31.67,11013100
12/4/2013,31.059999,32.080002,30.610001,31.99,31.99,11198900
12/5/2013,32.240002,32.290001,31.459999,31.77,31.77,9177200
12/6/2013,32.5,33.080002,32.400002,32.880001,32.880001,6482300
12/9/2013,33.119999,33.310001,32.82,33.139999,33.139999,6763300
12/10/2013,32.919998,33.16,32.77,32.950001,32.950001,5337400
12/11/2013,33.040001,33.099998,31.26,31.389999,31.389999,11136000
12/12/2013,31.58,31.799999,30.639999,31.25,31.25,10886600
12/13/2013,31.33,31.51,30.959999,31.24,31.24,7689100
12/16/2013,31.6,31.719999,31,31.190001,31.190001,6770500
12/17/2013,30.76,31.5,30.389999,31.27,31.27,9839700
12/18/2013,31.59,33.490002,31.08,33.43,33.43,16837200
12/19/2013,33.27,33.599998,33.029999,33.200001,33.200001,7013700
12/20/2013,33.43,33.59,32.880001,32.950001,32.950001,9019200
12/23/2013,33.369999,34.25,33.25,34.139999,34.139999,6473600
12/24/2013,34.650002,34.939999,34.439999,34.830002,34.830002,3504300
12/26/2013,35.560001,35.66,35.349998,35.380001,35.380001,6252100
12/27/2013,35.52,35.59,34.68,34.950001,34.950001,6419200
12/30/2013,34.77,34.959999,34.189999,34.32,34.32,5098200
12/31/2013,34.790001,34.82,33.869999,34.380001,34.380001,5707500
1/2/2014,33.880001,34.02,33.48,33.720001,33.720001,8118600
1/3/2014,34.009998,34.380001,33.560001,33.919998,33.919998,6211700
1/6/2014,34.490002,34.77,34,34.349998,34.349998,8063900
1/7/2014,34.740002,35.220001,34.66,35.130001,35.130001,6810200
1/8/2014,34.93,35.27,34.759998,35.07,35.07,6689000
1/9/2014,35.139999,35.279999,34.779999,34.959999,34.959999,5382000
1/10/2014,35.27,35.860001,34.849998,35.77,35.77,6413000
1/13/2014,35.68,36.259998,33.950001,34.5,34.5,10196500
1/14/2014,34.950001,35.990002,34.950001,35.919998,35.919998,9066000
1/15/2014,36.009998,36.09,35.349998,35.790001,35.790001,6049800
1/16/2014,35.709999,35.830002,35.189999,35.57,35.57,4682000
1/17/2014,35.48,36,35.32,35.529999,35.529999,5603600
1/21/2014,35.869999,36.02,35.32,35.959999,35.959999,6181900
1/22/2014,36.349998,36.619999,36.139999,36.5,36.5,4551000
1/23/2014,36.060001,36.119999,34.639999,35.540001,35.540001,13686300
1/24/2014,34.52,34.599998,31.67,32.330002,32.330002,22175500
1/27/2014,32.049999,32.580002,29.58,31.49,31.49,19308100
1/28/2014,31.49,33.080002,31.34,32.799999,32.799999,17011900
1/29/2014,31.15,32.139999,30.07,30.540001,30.540001,29672700
1/30/2014,31.49,31.879999,30.709999,31.030001,31.030001,18569000
1/31/2014,28.23,29.9,28.17,28.610001,28.610001,33468300
2/3/2014,28.280001,28.700001,26.32,26.639999,26.639999,45493800
2/4/2014,26.940001,27.4,26.5,27.02,27.02,28447300
2/5/2014,26.5,26.76,25.379999,26.1,26.1,32577400
2/6/2014,26.41,28.65,26.379999,28.65,28.65,23267600
2/7/2014,29.450001,30.98,29.27,30.33,30.33,27311100
2/10/2014,30.49,30.940001,30.030001,30.35,30.35,13750600
2/11/2014,30.860001,31.82,30.58,31.469999,31.469999,16242600
2/12/2014,31.9,32.200001,31.27,32.119999,32.119999,17333600
2/13/2014,31.139999,32.419998,31.129999,32.34,32.34,18241200
2/14/2014,32.459999,33.139999,32.259998,32.849998,32.849998,11639900
2/18/2014,33.150002,33.34,32.369999,33.299999,33.299999,10924600
2/19/2014,32.849998,33.189999,30.77,30.99,30.99,20450800
2/20/2014,31.34,32.330002,30.77,32.23,32.23,12093600
2/21/2014,32.610001,32.830002,31.700001,31.870001,31.870001,13006500
2/24/2014,32.02,32.610001,31.91,32.09,32.09,8575300
2/25/2014,32.16,32.450001,31.43,32.060001,32.060001,10905900
2/26/2014,32.169998,32.349998,31.18,31.6,31.6,13002500
2/27/2014,31.110001,31.879999,30.98,31.690001,31.690001,9986700
2/28/2014,31.709999,32.290001,30.57,31.200001,31.200001,15262700
3/3/2014,29.27,30.18,28.65,29.43,29.43,21906200
3/4/2014,30.950001,31.360001,30.85,31.24,31.24,11867500
3/5/2014,31.27,31.49,30.77,31.209999,31.209999,10051900
3/6/2014,31.4,31.6,31.02,31.450001,31.450001,8056900
3/7/2014,31.700001,31.700001,30.43,30.709999,30.709999,13609300
3/10/2014,30.52,30.98,29.889999,30.9,30.9,9718400
3/11/2014,30.93,31.34,30.26,30.43,30.43,11327500
3/12/2014,29.82,30.629999,29.610001,30.450001,30.450001,13540000
3/13/2014,30.870001,30.940001,28.77,29.25,29.25,25010500
3/14/2014,28.67,29.200001,27.91,28.440001,28.440001,22233400
3/17/2014,29.18,29.860001,29.16,29.629999,29.629999,12245100
3/18/2014,30.34,30.91,30.190001,30.84,30.84,13161900
3/19/2014,30.780001,31.139999,29.17,30.26,30.26,16806000
3/20/2014,30.02,30.57,29.83,30.4,30.4,9457700
3/21/2014,30.809999,30.91,30.040001,30.200001,30.200001,9754700
3/24/2014,30.32,30.469999,29.4,30.110001,30.110001,11395300
3/25/2014,30.51,30.620001,29.969999,30.48,30.48,9458800
3/26/2014,30.809999,30.85,29.92,29.93,29.93,12996400
3/27/2014,29.99,30.35,29.65,30.290001,30.290001,11793100
3/28/2014,30.58,30.82,30.24,30.66,30.66,8689400
3/31/2014,30.969999,31.66,30.93,31.610001,31.610001,8308000
4/1/2014,31.700001,32.689999,31.700001,32.66,32.66,8257100
4/2/2014,32.630001,32.709999,32.139999,32.439999,32.439999,8299800
4/3/2014,32.450001,32.529999,32.040001,32.459999,32.459999,7815700
4/4/2014,33.049999,33.07,31.379999,31.76,31.76,15363600
4/7/2014,31.450001,31.68,30.610001,31.040001,31.040001,13323700
4/8/2014,31.190001,31.639999,30.629999,31.610001,31.610001,9232400
4/9/2014,32,32.48,31.6,32.450001,32.450001,9374600
4/10/2014,32.360001,32.450001,30.35,30.469999,30.469999,17531600
4/11/2014,30.1,30.540001,29.120001,29.51,29.51,17418600
4/14/2014,30.049999,30.190001,28.82,29.76,29.76,14306100
4/15/2014,29.959999,30.299999,28.48,30.129999,30.129999,20982100
4/16/2014,30.690001,31.219999,30.25,31.16,31.16,8528700
4/17/2014,31.1,31.709999,30.91,31.610001,31.610001,7941600
4/21/2014,31.67,32.279999,31.610001,32.23,32.23,4962900
4/22/2014,32.130001,32.5,32,32.290001,32.290001,6268500
4/23/2014,32.18,32.299999,31.940001,32.150002,32.150002,5414900
4/24/2014,32.310001,32.369999,31.559999,31.76,31.76,9030700
4/25/2014,31.49,31.6,30.9,31.51,31.51,8184200
4/28/2014,31.76,32.240002,31.16,32.209999,32.209999,10160900
4/29/2014,32.360001,32.799999,32.220001,32.790001,32.790001,6749600
4/30/2014,32.610001,32.970001,32.439999,32.759998,32.759998,8441000
5/1/2014,32.650002,33.040001,32.52,32.759998,32.759998,6509200
5/2/2014,32.950001,33.150002,32.529999,32.91,32.91,8159300
5/5/2014,32.419998,33.290001,32.200001,33.27,33.27,5291000
5/6/2014,33.119999,33.5,32.919998,33.049999,33.049999,7635000
5/7/2014,33.169998,33.689999,32.610001,33.619999,33.619999,9020200
5/8/2014,33.669998,34.349998,33.380001,33.610001,33.610001,10228000
5/9/2014,33.709999,34.330002,33.259998,34.32,34.32,6725500
5/12/2014,34.73,35.450001,34.639999,35.349998,35.349998,6525700
5/13/2014,35.41,35.639999,35.200001,35.259998,35.259998,4750100
5/14/2014,35.130001,35.779999,34.990002,35.43,35.43,7593900
5/15/2014,35.209999,35.360001,34.220001,35.049999,35.049999,14546600
5/16/2014,35.330002,35.860001,34.91,35.860001,35.860001,7359400
5/19/2014,35.669998,36.34,35.639999,36.299999,36.299999,6937800
5/20/2014,36.400002,36.830002,35.849998,36.580002,36.580002,13104500
5/21/2014,36.91,37.330002,36.82,37.16,37.16,8804700
5/22/2014,37.130001,37.5,36.959999,37.189999,37.189999,5217700
5/23/2014,37.169998,37.599998,37.16,37.459999,37.459999,3579600
5/27/2014,38.150002,38.669998,38.009998,38.619999,38.619999,6431400
5/28/2014,38.630001,38.860001,38.130001,38.740002,38.740002,8013300
5/29/2014,38.91,39.119999,38.599998,38.880001,38.880001,5982900
5/30/2014,38.880001,38.990002,38.66,38.950001,38.950001,4928000
6/2/2014,38.950001,39.23,38.540001,39.189999,39.189999,4574400
6/3/2014,38.939999,39.18,38.700001,39,39,5297400
6/4/2014,38.82,39.66,38.720001,39.419998,39.419998,5294800
6/5/2014,39.919998,41,39.560001,40.82,40.82,8721400
6/6/2014,41.860001,42.93,41.799999,42.900002,42.900002,10427900
6/9/2014,43.099998,43.529999,42.200001,42.290001,42.290001,7106400
6/10/2014,42.119999,43.09,41.860001,43.040001,43.040001,4911900
6/11/2014,42.27,42.619999,41.459999,42.110001,42.110001,6708900
6/12/2014,41.799999,42.009998,39.310001,40.080002,40.080002,11823400
6/13/2014,40.34,41.130001,39.689999,40.740002,40.740002,6681000
6/16/2014,40.549999,41.240002,40.07,40.779999,40.779999,5695400
6/17/2014,40.919998,42.279999,40.700001,42.18,42.18,6827000
6/18/2014,42.360001,44.48,42.279999,44.419998,44.419998,10933300
6/19/2014,44.799999,45.09,43.889999,44.259998,44.259998,9146900
6/20/2014,44.389999,44.720001,43.619999,43.639999,43.639999,5964900
6/23/2014,43.880001,44.84,43.389999,44.740002,44.740002,5990900
6/24/2014,44.27,44.93,42.709999,43.07,43.07,9254900
6/25/2014,42.360001,44.790001,42.299999,44.790001,44.790001,9883200
6/26/2014,44.790001,44.82,43.029999,44.189999,44.189999,9478000
6/27/2014,43.759998,44.650002,43.619999,44.560001,44.560001,5905200
6/30/2014,44.650002,45.490002,44.43,44.98,44.98,6272800
7/1/2014,45.400002,46.619999,45.200001,46.139999,46.139999,5994000
7/2/2014,46.310001,47.09,46.25,46.630001,46.630001,6132200
7/3/2014,47.459999,47.66,47.119999,47.27,47.27,3894900
7/7/2014,46.91,47.029999,46.139999,46.290001,46.290001,6115000
7/8/2014,45.959999,45.98,44.490002,45.529999,45.529999,9921200
7/9/2014,46.23,46.720001,45.84,46.439999,46.439999,7498000
7/10/2014,43.889999,45.509998,43.759998,44.799999,44.799999,8874800
7/11/2014,44.860001,45.419998,44.5,45.27,45.27,4868800
7/14/2014,46.279999,46.990002,46.259998,46.560001,46.560001,4035800
7/15/2014,46.970001,47.09,44.889999,45.720001,45.720001,8910200
7/16/2014,47.09,47.25,45.98,46.790001,46.790001,6314700
7/17/2014,46.220001,46.860001,41.23,42.290001,42.290001,18160600
7/18/2014,44.189999,45.75,43.830002,45.43,45.43,7046900
7/21/2014,45.02,45.150002,43.41,44.32,44.32,9528600
7/22/2014,45.389999,45.790001,44.91,45.220001,45.220001,7040400
7/23/2014,45.540001,45.610001,44.599998,44.82,44.82,7860300
7/24/2014,45.220001,45.25,44.43,45.16,45.16,6416900
7/25/2014,44.360001,44.470001,43.59,43.84,43.84,8587100
7/28/2014,43.990002,44.290001,42.880001,44.080002,44.080002,7992100
7/29/2014,44.25,44.849998,43.720001,44.119999,44.119999,8568600
7/30/2014,44.57,44.650002,43.220001,43.389999,43.389999,12042100
7/31/2014,42,42.23,39.200001,39.73,39.73,24974500
8/1/2014,39.330002,40.68,36.919998,37.75,37.75,29036100
8/4/2014,38.02,40.119999,37.529999,39.290001,39.290001,19623600
8/5/2014,38.52,38.990002,35.950001,36.59,36.59,25072300
8/6/2014,35.91,37.869999,35.830002,36.41,36.41,16184800
8/7/2014,37.34,37.619999,35.009998,35.650002,35.650002,20907800
8/8/2014,35.650002,37.18,35.16,37.080002,37.080002,15867900
8/11/2014,37.849998,39.509998,37.669998,38.560001,38.560001,13602500
8/12/2014,38.720001,39.419998,38.32,38.830002,38.830002,14337700
8/13/2014,39.810001,41.23,39.540001,41.040001,41.040001,11737400
8/14/2014,41.619999,42.439999,41.389999,42.380001,42.380001,10763800
8/15/2014,43.23,43.5,39.919998,42.360001,42.360001,21613000
8/18/2014,43.66,43.970001,43.400002,43.950001,43.950001,9092500
8/19/2014,44.5,44.619999,44.060001,44.369999,44.369999,10418800
8/20/2014,43.740002,44.220001,43.139999,44.029999,44.029999,10426600
8/21/2014,43.93,44.099998,43.380001,43.900002,43.900002,5553700
8/22/2014,44,44.360001,43.130001,44.060001,44.060001,8428200
8/25/2014,44.560001,44.790001,44.18,44.52,44.52,6463300
8/26/2014,44.439999,44.619999,43.950001,44.139999,44.139999,5161400
8/27/2014,44.029999,44.240002,43.43,43.830002,43.830002,5263900
8/28/2014,42.560001,43.52,42.419998,43.080002,43.080002,6626500
8/29/2014,43.580002,43.689999,42.900002,43.380001,43.380001,6612800
9/2/2014,43.419998,43.57,42.759998,43.099998,43.099998,5533100
9/3/2014,43.799999,43.799999,43.099998,43.599998,43.599998,6616800
9/4/2014,43.91,44.490002,43.029999,43.490002,43.490002,8826900
9/5/2014,43.75,44.490002,43.02,44.380001,44.380001,7266300
9/8/2014,44.259998,44.48,43.759998,44.279999,44.279999,6641100
9/9/2014,44.040001,44.060001,42.810001,43.080002,43.080002,8488200
9/10/2014,43.029999,43.580002,42.220001,43.369999,43.369999,8316000
9/11/2014,42.599998,43.529999,42.43,43.490002,43.490002,7422700
9/12/2014,43.34,43.450001,41.82,42.5,42.5,13833700
9/15/2014,42.32,42.349998,41.189999,41.419998,41.419998,9576900
9/16/2014,41,43.580002,40.939999,43.450001,43.450001,11121500
9/17/2014,43.669998,44.779999,43.279999,43.84,43.84,14109500
9/18/2014,44.150002,44.540001,43.970001,44.490002,44.490002,6162800
9/19/2014,44.939999,45.169998,43.849998,44.470001,44.470001,8879500
9/22/2014,43.959999,44.029999,42.57,42.880001,42.880001,10242100
9/23/2014,41.759998,42.560001,41.279999,41.279999,41.279999,12271800
9/24/2014,41.459999,42.639999,41.110001,42.549999,42.549999,8404600
9/25/2014,42.110001,42.169998,38.779999,39.360001,39.360001,24540300
9/26/2014,39.779999,41.18,39.529999,40.73,40.73,11957900
9/29/2014,38.57,39.82,38.099998,38.790001,38.790001,18155000
9/30/2014,38.540001,39.330002,37.959999,38.25,38.25,15556800
10/1/2014,38.27,38.34,36.450001,37.5,37.5,26014100
10/2/2014,37.169998,38.389999,36.150002,37.720001,37.720001,26185700
10/3/2014,39.02,40.41,38.779999,39.98,39.98,17130500
10/6/2014,40.880001,41.290001,39.09,39.27,39.27,14948500
10/7/2014,38.330002,38.459999,36.52,36.580002,36.580002,19890700
10/8/2014,36.34,39.650002,36.009998,39.48,39.48,26587600
10/9/2014,38.93,39.23,35.740002,35.900002,35.900002,38317200
10/10/2014,35.68,36.400002,31.799999,31.860001,31.860001,37130000
10/13/2014,32.389999,32.889999,28.27,28.51,28.51,31888400
10/14/2014,29.110001,30.42,27.75,28.75,28.75,37348200
10/15/2014,26.639999,28.530001,24.67,28.299999,28.299999,66713600
10/16/2014,24.85,27.74,24.709999,27.190001,27.190001,53839600
10/17/2014,29.049999,29.48,27.77,28.33,28.33,32420400
10/20/2014,28.16,30.559999,28.01,30.48,30.48,24882700
10/21/2014,31.639999,32.939999,31.370001,32.740002,32.740002,23262400
10/22/2014,32.98,33.389999,29.91,30.1,30.1,33668700
10/23/2014,32.119999,32.860001,31.51,32.049999,32.049999,28412700
10/24/2014,31.969999,32.560001,30.209999,32.369999,32.369999,22276500
10/27/2014,31.76,32.950001,31.15,32.790001,32.790001,22310400
10/28/2014,33.27,35.009998,33.23,34.950001,34.950001,21888900
10/29/2014,34.869999,35.049999,33.27,34.330002,34.330002,33231600
10/30/2014,33.599998,34.900002,33.09,34.209999,34.209999,22199800
10/31/2014,35.279999,35.349998,34.509998,35.060001,35.060001,16796600
11/3/2014,35.099998,35.299999,34.139999,34.5,34.5,12256300
11/4/2014,34.220001,34.869999,33.290001,34.77,34.77,19529000
11/5/2014,35.389999,35.439999,34.560001,35.200001,35.200001,11753200
11/6/2014,35.400002,36.23,34.73,36.07,36.07,12685900
11/7/2014,36.130001,36.689999,35.700001,36.610001,36.610001,13911600
11/10/2014,36.799999,38.27,36.709999,37.970001,37.970001,12553100
11/11/2014,38.189999,38.360001,37.209999,38.009998,38.009998,11567300
11/12/2014,37.07,37.91,37.009998,37.52,37.52,9742800
11/13/2014,37.360001,37.849998,35.98,37.040001,37.040001,14598300
11/14/2014,36.860001,37.060001,36.18,36.950001,36.950001,10854900
11/17/2014,36.59,37.400002,36.32,37.040001,37.040001,9396800
11/18/2014,37.25,38.119999,37.220001,37.66,37.66,8820000
11/19/2014,37.200001,37.349998,36.41,36.740002,36.740002,11556200
11/20/2014,36.060001,37.299999,36,37.110001,37.110001,6709700
11/21/2014,38.259998,38.290001,37.57,37.900002,37.900002,9602800
11/24/2014,38.240002,38.73,38.060001,38.700001,38.700001,7356200
11/25/2014,38.889999,39.07,38.400002,38.939999,38.939999,7671100
11/26/2014,38.970001,39.700001,38.860001,39.580002,39.580002,7402100
11/28/2014,39.400002,39.720001,38.41,38.509998,38.509998,5235300
12/1/2014,37.720001,37.849998,36.509998,36.900002,36.900002,12921000
12/2/2014,36.900002,38.889999,36.900002,38.82,38.82,8772700
12/3/2014,39.240002,39.599998,38.98,39.43,39.43,7271700
12/4/2014,38.959999,39.779999,38.240002,39.380001,39.380001,10196100
12/5/2014,40,40.740002,39.700001,40.07,40.07,9836300
12/8/2014,39.799999,40.439999,38,38.48,38.48,11978300
12/9/2014,36.419998,38.240002,35.790001,37.880001,37.880001,18972800
12/10/2014,37.209999,37.360001,33.959999,34.029999,34.029999,27451100
12/11/2014,34.259998,35.650002,31.809999,31.84,31.84,26315200
12/12/2014,30.43,31.92,29.91,30.110001,30.110001,34931100
12/15/2014,31.57,32.32,29.639999,30.870001,30.870001,35677800
12/16/2014,30.08,32.610001,29.299999,29.32,29.32,36775100
12/17/2014,28.85,32.130001,28.83,31.99,31.99,37777900
12/18/2014,33.599998,33.709999,32.119999,33.049999,33.049999,26902200
12/19/2014,33.189999,33.75,32.689999,33.220001,33.220001,23092400
12/22/2014,34.150002,34.939999,33.869999,34.91,34.91,13984200
12/23/2014,35.130001,35.150002,34.150002,34.880001,34.880001,11221500
12/24/2014,35.240002,35.299999,34.810001,35.110001,35.110001,4816700
12/26/2014,35.110001,35.360001,34.59,34.740002,34.740002,8202100
12/29/2014,34.509998,35.080002,34.32,34.799999,34.799999,9017600
12/30/2014,34.279999,34.740002,33.740002,33.959999,33.959999,12083800
12/31/2014,34.080002,34.25,30.549999,31.139999,31.139999,22868500
1/2/2015,32.25,32.619999,29.93,31.690001,31.690001,20012200
1/5/2015,30.9,31.030001,29.01,29.49,29.49,28640600
1/6/2015,29.639999,30.049999,27.75,28.77,28.77,41123300
1/7/2015,29.629999,30.09,29,29.74,29.74,20223000
1/8/2015,30.83,31.77,30.709999,31.610001,31.610001,19774200
1/9/2015,31.950001,32,30.120001,30.41,30.41,23357500
1/12/2015,30.120001,30.23,28.18,28.92,28.92,24066300
1/13/2015,29.59,29.959999,27.35,28.110001,28.110001,33653500
1/14/2015,26.77,27.700001,26.52,27.57,27.57,33279100
1/15/2015,27.92,28.299999,26.65,26.74,26.74,27095600
1/16/2015,26.700001,27.549999,26.17,27.25,27.25,28445400
1/20/2015,28.059999,28.120001,26.58,27.49,27.49,25774600
1/21/2015,27.15,28.809999,26.82,28.76,28.76,27144500
1/22/2015,29.58,30.700001,28.469999,30.66,30.66,27658100
1/23/2015,30.200001,31.09,29.690001,29.82,29.82,22924000
1/26/2015,30.110001,31.209999,29.51,31.200001,31.200001,17698900
1/27/2015,29.49,30.690001,29.190001,29.709999,29.709999,28119000
1/28/2015,30.549999,30.58,26.809999,27.129999,27.129999,39811800
1/29/2015,26.969999,27.99,26.059999,27.82,27.82,36316100
1/30/2015,26.9,27.469999,24.799999,24.969999,24.969999,40081700
2/2/2015,25.91,26.450001,24.75,26.450001,26.450001,27897300
2/3/2015,26.85,27.75,26.610001,27.68,27.68,22087300
2/4/2015,27.309999,28.120001,26.73,26.91,26.91,22114800
2/5/2015,27.15,28,27.139999,27.83,27.83,14450500
2/6/2015,28.15,28.360001,26.059999,26.65,26.65,30131800
2/9/2015,26.15,26.66,25.940001,26.530001,26.530001,16438500
2/10/2015,27.16,27.68,26.629999,27.52,27.52,18775900
2/11/2015,27.24,27.450001,26.860001,27.370001,27.370001,15937400
2/12/2015,28.030001,29.18,27.889999,29.049999,29.049999,17749600
2/13/2015,29.18,29.559999,28.629999,29.4,29.4,19414900
2/17/2015,29.129999,29.559999,28.9,29.309999,29.309999,11592400
2/18/2015,28.959999,29.690001,28.92,29.549999,29.549999,14298100
2/19/2015,29.219999,30.23,29.18,30.200001,30.200001,13714800
2/20/2015,29.610001,31.5,29.41,31.290001,31.290001,18978800
2/23/2015,30.940001,31.299999,30.73,31.139999,31.139999,11529700
2/24/2015,31.290001,32.630001,31.24,32.419998,32.419998,16753200
2/25/2015,32.369999,33.709999,31.860001,32.200001,32.200001,20467500
2/26/2015,32.32,32.990002,31.690001,32.59,32.59,19368000
2/27/2015,32.610001,33.27,32.32,32.75,32.75,15593700
3/2/2015,32.93,33.880001,32.790001,33.849998,33.849998,12019500
3/3/2015,33.509998,33.68,32.200001,33.09,33.09,17560700
3/4/2015,32.639999,33.25,31.91,33.169998,33.169998,16579300
3/5/2015,33.43,33.66,32.91,33.59,33.59,14259600
3/6/2015,33.110001,33.599998,31.9,32.09,32.09,22846400
3/9/2015,32.299999,32.869999,32.099998,32.509998,32.509998,13328800
3/10/2015,31.620001,31.85,31.07,31.5,31.5,20493500
3/11/2015,31.370001,31.469999,30.49,30.73,30.73,18728700
3/12/2015,31.26,32.599998,31.219999,32.529999,32.529999,12337000
3/13/2015,32.400002,32.57,30.940001,31.790001,31.790001,24648400
3/16/2015,32.200001,32.84,32.099998,32.509998,32.509998,13763700
3/17/2015,32.07,32.790001,31.84,32.689999,32.689999,13576300
3/18/2015,32.490002,34.380001,32.240002,34.119999,34.119999,26152800
3/19/2015,33.57,34.189999,33.189999,34.09,34.09,16226500
3/20/2015,34.450001,35.630001,34.259998,34.630001,34.630001,17482400
3/23/2015,34.860001,35.639999,34.810001,35.25,35.25,11359700
3/24/2015,35.200001,36.060001,34.98,35.380001,35.380001,14747800
3/25/2015,35.549999,35.75,33.720001,33.779999,33.779999,22454500
3/26/2015,33.130001,34.310001,32.790001,34.09,34.09,21644800
3/27/2015,34.099998,34.630001,33.970001,34.470001,34.470001,12375500
3/30/2015,35.290001,35.73,35.220001,35.529999,35.529999,9133600
3/31/2015,35.400002,35.459999,34.43,34.639999,34.639999,13293300
4/1/2015,34.59,34.700001,33.549999,34.66,34.66,17437200
4/2/2015,34.919998,35.470001,34.720001,35.349998,35.349998,13373100
4/6/2015,34.990002,36.43,34.860001,36.09,36.09,10938100
4/7/2015,36.380001,36.779999,36.18,36.220001,36.220001,9277200
4/8/2015,36.43,36.98,36.200001,36.91,36.91,12662500
4/9/2015,37.060001,38.240002,36.650002,38.189999,38.189999,11980700
4/10/2015,38.509998,39.900002,38.439999,39.889999,39.889999,14676200
4/13/2015,40.349998,40.759998,38.389999,38.779999,38.779999,17068400
4/14/2015,38.32,39.459999,38.029999,39.099998,39.099998,14811500
4/15/2015,39.66,40.400002,39.549999,39.939999,39.939999,12775100
4/16/2015,39.799999,41.16,39.639999,40.77,40.77,13087700
4/17/2015,39.459999,39.68,38.259998,39.369999,39.369999,25597200
4/20/2015,40.189999,40.939999,39.959999,40.720001,40.720001,11428700
4/21/2015,41.209999,41.349998,40.240002,40.709999,40.709999,13367800
4/22/2015,40.939999,41.330002,40.130001,41.16,41.16,10673000
4/23/2015,40.880001,41.93,40.709999,41.529999,41.529999,8476800
4/24/2015,41.82,42.07,41.459999,41.919998,41.919998,7163700
4/27/2015,42.32,42.459999,40.419998,40.75,40.75,13994500
4/28/2015,40.439999,42.169998,39.330002,42.16,42.16,15657700
4/29/2015,41.119999,41.900002,40.34,41.02,41.02,21622800
4/30/2015,40.490002,40.93,39.080002,39.919998,39.919998,19010000
5/1/2015,40.439999,41.849998,40.419998,41.82,41.82,13636200
5/4/2015,42.110001,42.439999,41.259998,41.689999,41.689999,11282400
5/5/2015,41.509998,41.830002,40.279999,40.34,40.34,18083200
5/6/2015,40.790001,40.98,38.34,39.68,39.68,23925400
5/7/2015,39.450001,40.310001,38.939999,39.900002,39.900002,15883700
5/8/2015,41.490002,42.16,41.220001,41.98,41.98,12498400
5/11/2015,41.939999,42.080002,40.900002,40.959999,40.959999,11199400
5/12/2015,40.209999,41.299999,39.720001,41.060001,41.060001,14083400
5/13/2015,41.43,41.880001,40.98,41.779999,41.779999,12636100
5/14/2015,42.25,42.650002,42.07,42.650002,42.650002,8124600
5/15/2015,42.790001,43.02,42.139999,42.990002,42.990002,9988500
5/18/2015,43,44.759998,42.93,44.400002,44.400002,9948700
5/19/2015,44.650002,45.389999,44.049999,45.029999,45.029999,13022200
5/20/2015,45.130001,45.360001,44.34,44.950001,44.950001,14389800
5/21/2015,44.700001,46.43,44.5,46.18,46.18,11050300
5/22/2015,46.279999,46.639999,45.889999,46.09,46.09,10089600
5/26/2015,45.57,45.779999,43.880001,44.310001,44.310001,16987200
5/27/2015,44.709999,46.25,44.43,45.990002,45.990002,10979100
5/28/2015,45.459999,45.740002,44.830002,45.470001,45.470001,12197800
5/29/2015,45.360001,45.82,44.540001,45.189999,45.189999,14036600
6/1/2015,45.700001,46.080002,44.91,45.610001,45.610001,12826400
6/2/2015,45.099998,45.669998,44.610001,44.869999,44.869999,11986200
6/3/2015,45.259998,45.77,44.939999,45.650002,45.650002,12700500
6/4/2015,45.029999,45.259998,43.830002,44.099998,44.099998,18172500
6/5/2015,44.029999,44.990002,43.650002,44.849998,44.849998,15341200
6/8/2015,44.669998,44.790001,43.650002,43.98,43.98,12602900
6/9/2015,43.84,44.639999,43.380001,44.41,44.41,13834900
6/10/2015,45.110001,46.5,45.02,46.34,46.34,14455400
6/11/2015,46.900002,47.59,46.669998,47.34,47.34,12003000
6/12/2015,46.68,46.869999,45.810001,46.700001,46.700001,14033600
6/15/2015,45.580002,45.779999,44.66,44.720001,44.720001,17024400
6/16/2015,44.290001,45.720001,44.060001,45.490002,45.490002,13737800
6/17/2015,45.740002,46.150002,44.610001,45.66,45.66,20804900
6/18/2015,46.290001,47.450001,46.130001,46.970001,46.970001,16235600
6/19/2015,46.98,47.080002,46.27,46.529999,46.529999,12295400
6/22/2015,47.549999,48.490002,47.220001,48.459999,48.459999,12762000
6/23/2015,48.720001,49.740002,48.66,49.68,49.68,11581100
6/24/2015,49.450001,50.099998,48.639999,48.779999,48.779999,12329900
6/25/2015,49.09,49.509998,48.040001,48.310001,48.310001,13764000
6/26/2015,48.59,48.900002,47.57,48.599998,48.599998,14805100
6/29/2015,45.650002,46.41,39.82,40.470001,40.470001,38561600
6/30/2015,42.389999,42.48,38.73,40.610001,40.610001,30450800
7/1/2015,42.700001,43.400002,41.41,43.299999,43.299999,22667800
7/2/2015,43.310001,43.509998,39.759998,40.59,40.59,26043100
7/6/2015,38.669998,40.509998,38.27,39.59,39.59,24588600
7/7/2015,39.68,41.689999,37.400002,41.66,41.66,33050100
7/8/2015,39.880001,40.369999,37.41,37.48,37.48,37258200
7/9/2015,39.470001,39.630001,36.950001,37.150002,37.150002,25188200
7/10/2015,38.98,39.98,37.919998,39.91,39.91,27400500
7/13/2015,42.049999,43.93,41.830002,43.77,43.77,21241800
7/14/2015,43.619999,44.959999,43.380001,44.060001,44.060001,16827600
7/15/2015,44.279999,44.849998,43.150002,44.240002,44.240002,15483000
7/16/2015,45.68,47.279999,45.560001,47.240002,47.240002,15085100
7/17/2015,47.490002,47.650002,46.860001,47.560001,47.560001,11519100
7/20/2015,47.580002,48.720001,47.32,47.689999,47.689999,11218700
7/21/2015,47.900002,48.189999,47.220001,48.110001,48.110001,11785100
7/22/2015,46.779999,48.810001,46.779999,48.34,48.34,13039800
7/23/2015,48.790001,49.060001,47,47.59,47.59,18658200
7/24/2015,47.68,48.200001,45.470001,46.200001,46.200001,19847900
7/27/2015,44.349998,44.950001,42.700001,43.75,43.75,20796400
7/28/2015,45,47.290001,43.889999,46.950001,46.950001,18238600
7/29/2015,47.119999,48.09,46.880001,47.650002,47.650002,14559800
7/30/2015,47.450001,48.18,46.459999,47.970001,47.970001,13246200
7/31/2015,48.290001,48.740002,47.380001,48.040001,48.040001,12476600
8/3/2015,48.27,48.889999,46.799999,48.759998,48.759998,14348900
8/4/2015,48.439999,49,47.66,48.540001,48.540001,13747500
8/5/2015,48.740002,49.599998,48.209999,48.880001,48.880001,13055800
8/6/2015,48.860001,48.900002,46.25,47.16,47.16,17624600
8/7/2015,47.32,47.919998,46.290001,47.610001,47.610001,16320700
8/10/2015,48.82,49.5,48.810001,49.439999,49.439999,7005400
8/11/2015,47.59,48.240002,46.240002,47.209999,47.209999,18398200
8/12/2015,44.66,47.599998,43.799999,47.169998,47.169998,21662000
8/13/2015,47.650002,48.439999,46.689999,47.790001,47.790001,15391500
8/14/2015,47.849998,48.290001,47.130001,47.84,47.84,9659000
8/17/2015,47.380001,48.509998,46.91,48.450001,48.450001,9967500
8/18/2015,48.220001,48.68,47.580002,47.880001,47.880001,11283700
8/19/2015,47.169998,48.389999,45.790001,46.939999,46.939999,28024100
8/20/2015,44.950001,45.599998,42.689999,43.09,43.09,30007300
8/21/2015,40.689999,41.889999,35.98,36.040001,36.040001,55522800
8/24/2015,24.879999,34.369999,22.879999,29.58,29.58,82783300
8/25/2015,31,31.16,26.02,26.1,26.1,55721900
8/26/2015,28.389999,28.879999,25.51,28.66,28.66,53815600
8/27/2015,29.809999,29.860001,26.299999,27.99,27.99,56902800
8/28/2015,27.1,27.530001,25.299999,26.629999,26.629999,37128700
8/31/2015,26.35,26.700001,25.4,25.639999,25.639999,29358200
9/1/2015,23.299999,24.02,21.309999,22.01,22.01,50719400
9/2/2015,23.34,24.440001,22.459999,24.440001,24.440001,32108900
9/3/2015,25.209999,26.219999,23.809999,24.530001,24.530001,51209800
9/4/2015,23.379999,23.93,22.129999,22.75,22.75,42964800
9/8/2015,24.059999,24.73,23.75,24.66,24.66,28605900
9/9/2015,25.969999,26.040001,23.889999,24.09,24.09,39593800
9/10/2015,23.389999,24.68,23.23,24.68,24.68,35692400
9/11/2015,24.540001,25.27,24.120001,25.27,25.27,22697600
9/14/2015,25.290001,25.309999,24.639999,25.25,25.25,19796800
9/15/2015,25.59,27.780001,25.389999,27.75,27.75,23713100
9/16/2015,28.74,29.5,27.799999,29.379999,29.379999,34052400
9/17/2015,29.389999,32.119999,28.67,29.440001,29.440001,57741300
9/18/2015,26.6,27.620001,25.57,25.889999,25.889999,41636800
9/21/2015,26.790001,27.83,26.469999,27.719999,27.719999,28149200
9/22/2015,26.15,26.57,24.389999,25.940001,25.940001,47276900
9/23/2015,25.85,26.68,25.51,26.41,26.41,29641100
9/24/2015,25.16,25.92,23.82,25.719999,25.719999,50956400
9/25/2015,26.73,26.75,24.43,25.040001,25.040001,39909300
9/28/2015,24.18,24.41,22.620001,23.309999,23.309999,43414900
9/29/2015,23.6,24.139999,22.700001,23.24,23.24,42177100
9/30/2015,24.280001,24.5,23.65,24.35,24.35,29942900
10/1/2015,24.299999,24.65,23.549999,24.639999,24.639999,29119700
10/2/2015,23.67,25.940001,23.440001,25.940001,25.940001,36256200
10/5/2015,26.450001,27.559999,26.379999,27.389999,27.389999,26374100
10/6/2015,27.469999,27.870001,26.639999,27.059999,27.059999,24910600
10/7/2015,27.4,27.790001,26.780001,27.67,27.67,25515000
10/8/2015,27.780001,29.4,27.450001,29.040001,29.040001,29649200
10/9/2015,29.15,29.459999,28.17,29.01,29.01,23661900
10/12/2015,29.129999,31.139999,28.85,30.85,30.85,21868800
10/13/2015,30.059999,31.209999,28.93,29.08,29.08,32241600
10/14/2015,28.74,29.309999,27.709999,28.450001,28.450001,31852400
10/15/2015,29.030001,30.629999,28.780001,30.51,30.51,28619500
10/16/2015,30.959999,30.98,29.549999,30.73,30.73,27172400
10/19/2015,30.65,32.990002,30.540001,32.91,32.91,29692900
10/20/2015,32.549999,33.07,31.129999,31.709999,31.709999,33354700
10/21/2015,31.98,32.32,29.33,29.51,29.51,37690900
10/22/2015,30.139999,32,30.139999,31.93,31.93,34774600
10/23/2015,32.66,32.759998,30.889999,31.530001,31.530001,30321900
10/26/2015,31.059999,31.49,30.440001,30.51,30.51,18170200
10/27/2015,30.1,31.219999,30.059999,31.1,31.1,19030200
10/28/2015,31.190001,32.099998,30.18,31.98,31.98,26530000
10/29/2015,31.5,31.91,30.940001,31.57,31.57,18281300
10/30/2015,31.48,31.959999,31.030001,31.09,31.09,20242400
11/2/2015,31.139999,32.939999,31.040001,32.700001,32.700001,20407700
11/3/2015,32.32,32.889999,31.860001,32.02,32.02,19350800
11/4/2015,32.25,32.369999,30.709999,31.02,31.02,28130800
11/5/2015,31.030001,31.74,30.469999,31.620001,31.620001,26171800
11/6/2015,31.6,32.32,30.82,32.279999,32.279999,22743700
11/9/2015,32.130001,32.259998,29.969999,30.540001,30.540001,28398400
11/10/2015,30.110001,31.52,30,31.32,31.32,18846000
11/11/2015,31.59,31.66,30.629999,30.65,30.65,19737600
11/12/2015,29.82,30.200001,27.879999,27.940001,27.940001,33501100
11/13/2015,27.799999,28.030001,25.92,26.049999,26.049999,45769300
11/16/2015,26.15,28.76,25.940001,28.709999,28.709999,35787000
11/17/2015,29.049999,29.18,26.549999,27.08,27.08,38411900
11/18/2015,27.690001,29.059999,27.620001,28.99,28.99,26665500
11/19/2015,28.76,28.879999,27.65,28.030001,28.030001,22494900
11/20/2015,28.879999,29.299999,28.719999,28.940001,28.940001,20327100
11/23/2015,29.110001,29.9,28.83,29.73,29.73,20231000
11/24/2015,28.889999,29.9,28.530001,29.52,29.52,24468100
11/25/2015,29.639999,30.129999,29.379999,29.959999,29.959999,14533300
11/27/2015,30.049999,30.1,29.59,29.629999,29.629999,5724900
11/30/2015,29.879999,30.07,29.49,29.85,29.85,16992000
12/1/2015,30.23,31.17,29.940001,31.15,31.15,16845500
12/2/2015,31.040001,31.57,29.66,29.889999,29.889999,25340100
12/3/2015,29.629999,30.620001,26.98,27.67,27.67,43239200
12/4/2015,28.6,30.389999,28.360001,30.34,30.34,25707200
12/7/2015,30.280001,30.280001,28.5,29.57,29.57,25800600
12/8/2015,28.32,29.34,27.9,28.65,28.65,38653200
12/9/2015,28.25,29.299999,26.629999,27.469999,27.469999,44567800
12/10/2015,27.299999,28.030001,26.780001,27.120001,27.120001,28626300
12/11/2015,25.67,25.98,22.549999,23.110001,23.110001,53059200
12/14/2015,23.129999,24.73,22.049999,24.52,24.52,41133500
12/15/2015,25.4,25.91,24.66,25.57,25.57,36212200
12/16/2015,26.440001,27.76,25.799999,27.280001,27.280001,39964800
12/17/2015,27.5,27.52,25.889999,26.209999,26.209999,37125200
12/18/2015,25.280001,25.559999,23.91,24.1,24.1,49114100
12/21/2015,24.98,25.209999,24.09,25.17,25.17,32670400
12/22/2015,25.959999,26.690001,25.610001,26.389999,26.389999,26595400
12/23/2015,27,27.209999,26.389999,26.99,26.99,20721600
12/24/2015,26.790001,26.91,26.440001,26.530001,26.530001,6384500
12/28/2015,26.059999,26.85,25.530001,26.799999,26.799999,17335500
12/29/2015,27.209999,27.440001,26.969999,27.23,27.23,14025600
12/30/2015,26.9,27,26.33,26.41,26.41,11251100
12/31/2015,26.07,26.540001,25.780001,25.799999,25.799999,18251500
1/4/2016,23.74,24.280001,22.879999,24.15,24.15,41187000
1/5/2016,24.790001,25.200001,24,24.950001,24.950001,27114800
1/6/2016,23.35,24.299999,23.32,24.209999,24.209999,37722900
1/7/2016,22.610001,23.25,21.290001,21.639999,21.639999,56804300
1/8/2016,22.32,22.530001,20.16,20.450001,20.450001,39813500
1/11/2016,20.59,21.16,18.889999,21,21,60702600
1/12/2016,21.860001,22.040001,20.629999,21.98,21.98,54934900
1/13/2016,22.41,22.459999,19.379999,19.790001,19.790001,56827800
1/14/2016,19.969999,20.99,19.059999,20.5,20.5,43017900
1/15/2016,18.27,19.1,17.709999,18.440001,18.440001,59220700
1/19/2016,19.16,19.16,17.620001,18.42,18.42,49041800
1/20/2016,17.82,18.379999,16.309999,17.959999,17.959999,86307400
1/21/2016,18.15,18.690001,17.25,18.02,18.02,59508300
1/22/2016,18.870001,19.540001,18.67,19.540001,19.540001,39257500
1/25/2016,19.27,19.58,18.450001,18.549999,18.549999,43556400
1/26/2016,18.790001,19.43,18.549999,19.4,19.4,35662700
1/27/2016,19.17,19.83,18.34,18.629999,18.629999,50244400
1/28/2016,19.24,19.379999,18.440001,19.25,19.25,37838500
1/29/2016,19.41,20.09,19.309999,20.02,20.02,26271900
2/1/2016,19.91,20.48,19.549999,20.23,20.23,23394500
2/2/2016,19.6,19.639999,18.709999,18.879999,18.879999,30905400
2/3/2016,19.200001,19.219999,17.809999,19.09,19.09,41768600
2/4/2016,18.870001,19.389999,18.65,18.91,18.91,27018800
2/5/2016,18.99,18.99,17.85,18.16,18.16,28817600
2/8/2016,17.49,17.66,16.52,17.299999,17.299999,38548900
2/9/2016,16.610001,17.530001,16.530001,17.15,17.15,42118900
2/10/2016,17.48,17.790001,16.98,17.01,17.01,28283100
2/11/2016,15.89,16.389999,15.36,15.98,15.98,56681000
2/12/2016,16.469999,16.719999,16.110001,16.68,16.68,22857000
2/16/2016,17.24,17.49,16.98,17.459999,17.459999,18332300
2/17/2016,17.879999,18.23,17.690001,18.110001,18.110001,20121600
2/18/2016,18.27,18.469999,17.879999,18.190001,18.190001,22603000
2/19/2016,17.860001,18.690001,17.700001,18.65,18.65,22354100
2/22/2016,19.18,19.73,19.120001,19.690001,19.690001,17497700
2/23/2016,19.450001,19.6,18.639999,18.700001,18.700001,25018200
2/24/2016,17.940001,18.93,17.629999,18.77,18.77,28954400
2/25/2016,18.99,19.5,18.6,19.440001,19.440001,19964000
2/26/2016,19.799999,19.889999,18.99,19.209999,19.209999,22449200
2/29/2016,19.280001,19.790001,18.84,18.84,18.84,22301100
3/1/2016,19.33,20.549999,19.139999,20.549999,20.549999,21845000
3/2/2016,20.42,20.879999,20.09,20.85,20.85,22144700
3/3/2016,20.75,21.74,20.59,21.52,21.52,22484200
3/4/2016,21.889999,22,21.02,21.26,21.26,24670000
3/7/2016,20.84,21.68,20.74,21.18,21.18,19079900
3/8/2016,20.76,21.059999,20.309999,20.35,20.35,19374300
3/9/2016,20.59,20.75,20.209999,20.620001,20.620001,17467400
3/10/2016,20.98,21.639999,20.02,20.98,20.98,32767200
3/11/2016,21.540001,22.1,21.41,22.09,22.09,21078800
3/14/2016,21.940001,22.549999,21.76,22.43,22.43,16038400
3/15/2016,21.76,22.16,21.68,22.09,22.09,13950700
3/16/2016,21.84,23.120001,21.809999,22.9,22.9,22254100
3/17/2016,22.93,23.9,22.77,23.639999,23.639999,17940300
3/18/2016,23.93,24.23,23.32,23.709999,23.709999,17928900
3/21/2016,23.799999,24.540001,23.719999,24.440001,24.440001,15929800
3/22/2016,24.129999,24.959999,24.040001,24.75,24.75,16629200
3/23/2016,24.530001,24.549999,23.450001,23.59,23.59,17816100
3/24/2016,22.780001,23.75,22.59,23.690001,23.690001,18305200
3/28/2016,23.959999,24.440001,23.559999,24.059999,24.059999,16586000
3/29/2016,23.99,25.5,23.77,25.42,25.42,22474600
3/30/2016,25.889999,26.49,25.450001,26.08,26.08,23871800
3/31/2016,25.809999,26.4,25.48,25.879999,25.879999,19178300
4/1/2016,25.02,26.719999,24.879999,26.610001,26.610001,18348700
4/4/2016,26.67,26.82,25.82,25.91,25.91,19947400
4/5/2016,24.91,25.280001,24.280001,24.42,24.42,20893400
4/6/2016,24.540001,26.110001,24.370001,26.059999,26.059999,22700800
4/7/2016,25.33,25.639999,23.01,23.629999,23.629999,34571300
4/8/2016,24.540001,24.92,23.799999,24.219999,24.219999,19005500
4/11/2016,24.67,24.969999,23.85,23.85,23.85,23345900
4/12/2016,23.91,24.91,23.35,24.66,24.66,23575200
4/13/2016,25.27,25.969999,25.16,25.9,25.9,20531200
4/14/2016,26,26.35,25.530001,25.959999,25.959999,18213400
4/15/2016,26.09,26.379999,25.790001,26.299999,26.299999,16289200
4/18/2016,26.040001,28.1,26,27.99,27.99,21000300
4/19/2016,28.15,28.559999,27.16,27.719999,27.719999,25455000
4/20/2016,28.16,28.389999,27.440001,27.57,27.57,20090700
4/21/2016,27.309999,27.540001,26.65,27.07,27.07,23027100
4/22/2016,26.940001,27.85,26.73,27.74,27.74,18958400
4/25/2016,27.33,27.530001,26.75,27.34,27.34,18030900
4/26/2016,27.77,28.200001,27.57,28.02,28.02,15939700
4/27/2016,27.6,29.120001,27.459999,28.809999,28.809999,22103900
4/28/2016,28.25,29.370001,26.9,27.08,27.08,21481000
4/29/2016,26.780001,27.110001,24.969999,26.18,26.18,39050000
5/2/2016,26.76,28.139999,26.51,27.879999,27.879999,25575100
5/3/2016,27.030001,27.129999,25.98,26.540001,26.540001,31916000
5/4/2016,25.9,26.43,25.629999,26.200001,26.200001,27537700
